date,pm2_5_mean,pm10_mean,carbon_monoxide_mean,dust_mean,temperature_mean,humidity_mean,wind_speed_mean,precipitation_sum,pressure_mean,wind_direction_mean_deg,location,exceeds_pcd_moderate,consecutive_bad_days,target_next_day_pm2_5,target_next_day_exceeds
2023-01-01,28.041666666666668,40.375,1588.5833333333333,0.0,21.095833333333335,72.20833333333333,4.2250000000000005,0.0,981.3791666666666,33.24916404952455,chiang_mai,False,0,28.200000000000003,False
2023-01-02,28.200000000000003,40.56666666666667,1792.6666666666667,0.0,20.641666666666666,66.95833333333333,4.529166666666667,0.0,981.9166666666666,317.8387890697123,chiang_mai,False,0,21.95,False
2023-01-03,21.95,31.558333333333334,1381.875,0.0,20.2375,68.375,4.645833333333333,0.0,981.9250000000001,300.4026771427265,chiang_mai,False,0,26.1875,False
2023-01-04,26.1875,37.62916666666667,1475.75,0.0,21.504166666666666,72.625,4.379166666666666,0.0,981.25,343.66325210813943,chiang_mai,False,0,24.454166666666666,False
2023-01-05,24.454166666666666,35.0625,1562.8333333333333,0.0,22.583333333333332,70.29166666666667,3.9875000000000003,0.0,980.8625000000001,4.416652002108094,chiang_mai,False,0,16.158333333333335,False
2023-01-06,16.158333333333335,23.166666666666668,1001.2083333333334,0.0,22.212500000000002,62.041666666666664,6.354166666666667,0.0,981.7666666666668,349.22847855265377,chiang_mai,False,0,16.104166666666668,False
2023-01-07,16.104166666666668,23.016666666666666,856.6666666666666,0.0,20.820833333333333,52.666666666666664,8.7875,0.0,980.6083333333332,356.19381911923523,chiang_mai,False,0,24.1375,False
2023-01-08,24.1375,34.520833333333336,1491.4166666666667,0.0,19.441666666666666,64.0,4.683333333333334,0.0,979.5500000000001,12.058785496860196,chiang_mai,False,0,28.145833333333332,False
2023-01-09,28.145833333333332,40.266666666666666,1714.5833333333333,0.0,20.8625,65.08333333333333,4.220833333333333,0.0,979.775,6.6673752501837384,chiang_mai,False,0,28.929166666666664,False
2023-01-10,28.929166666666664,41.420833333333334,1678.125,0.0,22.508333333333336,65.95833333333333,3.9125,0.0,978.0500000000001,12.07973973251842,chiang_mai,False,0,32.25416666666667,False
2023-01-11,32.25416666666667,46.17083333333333,1631.2083333333333,0.0,23.108333333333334,68.83333333333333,4.5249999999999995,0.8,976.1875,179.4038774599668,chiang_mai,False,0,23.4875,False
2023-01-12,23.4875,33.67916666666667,1088.0416666666667,0.0,22.558333333333334,70.70833333333333,5.154166666666667,0.0,975.225,23.17301583133178,chiang_mai,False,0,25.816666666666666,False
2023-01-13,25.816666666666666,36.96666666666667,1632.9166666666667,0.0,21.412499999999998,64.375,4.425,0.0,976.0124999999999,20.2729097293539,chiang_mai,False,0,27.004166666666666,False
2023-01-14,27.004166666666666,38.63333333333333,1686.9166666666667,0.0,20.829166666666666,62.708333333333336,3.8958333333333335,0.0,974.7041666666668,357.03271569756413,chiang_mai,False,0,30.75,False
2023-01-15,30.75,44.04583333333333,1910.375,0.25,21.47083333333333,55.833333333333336,3.4499999999999997,0.0,974.8458333333333,345.7330567350562,chiang_mai,False,0,28.650000000000002,False
2023-01-16,28.650000000000002,41.025,1595.5833333333333,0.0,20.875,56.166666666666664,4.0,0.0,976.2791666666667,291.4649999818644,chiang_mai,False,0,26.441666666666666,False
2023-01-17,26.441666666666666,37.887499999999996,1188.0416666666667,0.0,21.545833333333334,64.95833333333333,4.8999999999999995,0.0,977.7416666666667,263.17985463931427,chiang_mai,False,0,30.383333333333336,False
2023-01-18,30.383333333333336,43.550000000000004,1210.5416666666667,0.0,22.537499999999998,69.83333333333333,5.345833333333334,0.0,979.4041666666667,222.96726951478396,chiang_mai,False,0,29.349999999999998,False
2023-01-19,29.349999999999998,42.104166666666664,1422.0416666666667,0.0,22.27916666666667,68.79166666666667,5.4375,0.0,979.0916666666667,232.37025295754714,chiang_mai,False,0,30.083333333333332,False
2023-01-20,30.083333333333332,43.12916666666666,1325.0416666666667,0.125,22.304166666666664,64.70833333333333,4.9624999999999995,0.0,978.9583333333334,209.97183051351567,chiang_mai,False,0,28.72083333333333,False
2023-01-21,28.72083333333333,41.17916666666667,1291.6666666666667,0.0,22.21666666666667,59.5,3.7083333333333335,0.0,978.0,240.76938697721317,chiang_mai,False,0,30.420833333333334,False
2023-01-22,30.420833333333334,43.574999999999996,1338.5833333333333,0.0,22.71666666666667,56.791666666666664,3.625,0.0,976.7458333333334,258.57727184032717,chiang_mai,False,0,29.816666666666666,False
2023-01-23,29.816666666666666,42.72083333333333,698.0416666666666,0.0,22.3625,58.666666666666664,3.1666666666666665,0.0,975.8291666666668,270.5076302115671,chiang_mai,False,0,34.42916666666667,False
2023-01-24,34.42916666666667,49.333333333333336,750.2083333333334,0.0,22.1375,59.041666666666664,5.7375,0.0,977.8583333333332,356.4321253258272,chiang_mai,False,0,33.391666666666666,False
2023-01-25,33.391666666666666,47.84166666666667,904.0416666666666,0.0,22.162499999999998,55.875,4.920833333333333,0.0,977.8874999999999,219.2118249309038,chiang_mai,False,0,30.383333333333336,False
2023-01-26,30.383333333333336,43.487500000000004,1156.625,0.0,22.25,58.541666666666664,4.791666666666667,0.0,976.8333333333334,219.26932001804272,chiang_mai,False,0,37.24583333333333,False
2023-01-27,37.24583333333333,53.44166666666666,1512.125,0.0,22.712500000000002,62.5,4.0249999999999995,0.0,977.1708333333332,247.22635536501434,chiang_mai,False,0,30.3,False
2023-01-28,30.3,43.5625,1437.1666666666667,0.0,22.579166666666666,60.666666666666664,4.841666666666667,0.0,977.9833333333332,246.50117702392401,chiang_mai,False,0,35.62916666666667,False
2023-01-29,35.62916666666667,51.06666666666666,1934.625,0.0,21.53333333333333,63.708333333333336,3.9875000000000003,0.0,979.5749999999999,330.3060005131097,chiang_mai,False,0,44.4375,True
2023-01-30,44.4375,63.57916666666667,2430.0416666666665,0.0,20.266666666666666,61.708333333333336,5.0125,0.0,980.1875,353.9684912911263,chiang_mai,True,2,44.62916666666666,True
2023-01-31,44.62916666666666,63.85833333333333,2413.3333333333335,0.0,21.2375,61.666666666666664,4.379166666666666,0.0,976.6791666666667,237.5304949951638,chiang_mai,True,3,39.57083333333333,True
2023-02-01,39.57083333333333,56.645833333333336,1466.9166666666667,0.0,23.212500000000002,61.083333333333336,3.8249999999999997,0.0,975.0458333333332,228.39862980525712,chiang_mai,True,4,42.90833333333333,True
2023-02-02,42.90833333333333,61.5,1617.6666666666667,0.0,24.72083333333333,59.833333333333336,4.183333333333334,0.0,975.6625,219.92279950186148,chiang_mai,True,5,35.24583333333333,False
2023-02-03,35.24583333333333,50.77916666666667,1417.9583333333333,0.0,24.9875,59.208333333333336,5.654166666666666,0.0,975.5541666666667,228.45832467594653,chiang_mai,False,0,30.141666666666666,False
2023-02-04,30.141666666666666,43.604166666666664,943.2916666666666,0.0,26.0125,60.916666666666664,5.254166666666666,0.0,974.5416666666666,211.60839770793527,chiang_mai,False,0,25.945833333333336,False
2023-02-05,25.945833333333336,37.5375,935.75,0.0,25.945833333333336,67.45833333333333,5.354166666666667,0.0,973.9416666666666,144.453873959897,chiang_mai,False,0,19.845833333333335,False
2023-02-06,19.845833333333335,28.804166666666664,858.7083333333334,0.0,25.233333333333334,62.416666666666664,6.0125,0.0,973.9208333333332,171.75358124387526,chiang_mai,False,0,17.766666666666666,False
2023-02-07,17.766666666666666,25.620833333333334,1271.0,0.0,24.40833333333333,50.541666666666664,6.679166666666667,0.0,974.0375,274.58357710399764,chiang_mai,False,0,23.28333333333333,False
2023-02-08,23.28333333333333,33.40416666666667,1362.375,0.0,22.59583333333333,52.375,5.345833333333334,0.0,974.5625,15.050308013154279,chiang_mai,False,0,26.741666666666664,False
2023-02-09,26.741666666666664,38.30416666666667,1690.2916666666667,0.0,22.891666666666666,53.25,4.166666666666667,0.0,974.8708333333334,22.87996150427722,chiang_mai,False,0,24.974999999999998,False
2023-02-10,24.974999999999998,35.78333333333333,1718.0416666666667,0.0,23.433333333333334,50.875,4.295833333333333,0.0,975.1,349.97813337845827,chiang_mai,False,0,24.175,False
2023-02-11,24.175,34.733333333333334,1580.875,0.0,22.683333333333334,52.541666666666664,5.3500000000000005,0.0,974.775,357.78550311661274,chiang_mai,False,0,26.90833333333333,False
2023-02-12,26.90833333333333,38.62083333333333,1465.9166666666667,0.0,23.504166666666666,52.541666666666664,4.483333333333333,0.0,975.0916666666667,13.012654577661692,chiang_mai,False,0,31.120833333333334,False
2023-02-13,31.120833333333334,44.64166666666667,617.875,0.0,24.125,46.0,4.445833333333334,0.0,975.1374999999999,353.66724720499997,chiang_mai,False,0,36.645833333333336,False
2023-02-14,36.645833333333336,52.57083333333333,620.4166666666666,0.0,23.995833333333334,46.083333333333336,4.620833333333334,0.0,975.3583333333332,4.0776496042967665,chiang_mai,False,0,37.77916666666666,True
2023-02-15,37.77916666666666,54.375,597.25,0.0,24.125,55.5,7.0625,0.0,976.2541666666666,236.98407611831078,chiang_mai,True,2,31.245833333333334,False
2023-02-16,31.245833333333334,44.82916666666667,794.375,0.0,21.820833333333336,87.0,3.795833333333333,25.5,979.6333333333333,297.9086025517549,chiang_mai,False,0,23.170833333333334,False
2023-02-17,23.170833333333334,33.166666666666664,960.875,0.0,19.804166666666667,86.75,4.529166666666667,21.1,980.4791666666666,346.1383443846833,chiang_mai,False,0,25.920833333333334,False
2023-02-18,25.920833333333334,37.09583333333333,1552.4583333333333,0.0,21.916666666666668,77.75,4.029166666666667,0.0,978.6541666666667,355.9884194682477,chiang_mai,False,0,28.537499999999998,False
2023-02-19,28.537499999999998,40.887499999999996,2059.2916666666665,0.0,21.912499999999998,78.33333333333333,4.216666666666667,0.0,977.5791666666668,357.2143420551186,chiang_mai,False,0,39.170833333333334,True
2023-02-20,39.170833333333334,56.291666666666664,1901.125,0.0,23.079166666666666,71.58333333333333,6.204166666666667,0.0,977.1999999999999,258.8106682054244,chiang_mai,True,2,39.00833333333333,True
2023-02-21,39.00833333333333,56.28333333333333,1767.875,0.0,23.625,73.58333333333333,5.829166666666667,0.2,977.9875000000001,208.32477784507583,chiang_mai,True,3,36.079166666666666,False
2023-02-22,36.079166666666666,52.074999999999996,1735.875,0.375,24.0125,68.95833333333333,5.366666666666667,0.0,977.6999999999999,264.79561600012005,chiang_mai,False,0,37.30833333333333,False
2023-02-23,37.30833333333333,53.93333333333334,1589.9166666666667,0.375,24.066666666666666,66.66666666666667,4.379166666666666,0.0,976.8541666666666,355.5901289631986,chiang_mai,False,0,41.6,True
2023-02-24,41.6,59.92916666666667,1987.875,0.25,24.041666666666668,68.41666666666667,3.783333333333333,0.0,977.0041666666666,352.16322484577177,chiang_mai,True,2,41.56666666666667,True
2023-02-25,41.56666666666667,60.0,1794.25,0.0,23.625,71.16666666666667,6.108333333333333,0.6000000000000001,980.2666666666668,250.94229340782908,chiang_mai,True,3,33.225,False
2023-02-26,33.225,47.65416666666667,1597.9583333333333,0.0,24.008333333333336,57.25,6.425,0.0,983.4625,164.51197843899809,chiang_mai,False,0,37.06666666666667,False
2023-02-27,37.06666666666667,53.47083333333333,2119.375,0.0,21.954166666666666,66.25,4.879166666666666,0.0,982.975,259.4318506034062,chiang_mai,False,0,46.9375,True
2023-02-28,46.9375,67.70833333333333,2105.4583333333335,0.0,22.458333333333332,61.708333333333336,4.341666666666667,0.0,981.5583333333334,328.94343435757406,chiang_mai,True,2,52.737500000000004,True
2023-03-01,52.737500000000004,75.82916666666667,1751.4166666666667,0.0,23.629166666666666,63.208333333333336,4.383333333333334,0.0,980.4375,317.7848324110871,chiang_mai,True,3,52.44166666666666,True
2023-03-02,52.44166666666666,75.34166666666667,962.5416666666666,0.0,24.554166666666664,58.833333333333336,4.170833333333333,0.0,979.8708333333334,269.2153051726883,chiang_mai,True,4,40.354166666666664,True
2023-03-03,40.354166666666664,58.03333333333333,720.5,0.0,24.34583333333333,59.333333333333336,5.4875,0.0,980.4875000000001,246.74487864082,chiang_mai,True,5,40.875,True
2023-03-04,40.875,58.93333333333334,647.375,0.0,24.275000000000002,64.66666666666667,5.566666666666666,0.0,981.3625000000001,235.49853742381856,chiang_mai,True,6,46.89166666666667,True
2023-03-05,46.89166666666667,67.925,751.0833333333334,0.0,24.3,61.5,4.433333333333334,0.0,980.9291666666667,244.4431285003409,chiang_mai,True,7,45.475,True
2023-03-06,45.475,65.77499999999999,953.9583333333334,0.0,24.65416666666667,60.166666666666664,4.5,0.0,979.2416666666667,247.9291088829367,chiang_mai,True,8,44.979166666666664,True
2023-03-07,44.979166666666664,64.89999999999999,1303.8333333333333,0.25,25.229166666666668,58.416666666666664,4.645833333333333,0.0,978.6041666666666,223.960850561119,chiang_mai,True,9,44.69166666666666,True
2023-03-08,44.69166666666666,64.39583333333333,1432.3333333333333,0.0,25.8625,59.375,4.425,0.0,978.1458333333334,281.62129529879763,chiang_mai,True,10,50.50833333333333,True
2023-03-09,50.50833333333333,72.60000000000001,1706.6666666666667,0.0,26.183333333333334,59.333333333333336,5.083333333333333,0.0,976.9875000000001,254.3308344186138,chiang_mai,True,11,46.43333333333334,True
2023-03-10,46.43333333333334,66.92083333333333,796.875,0.0,27.099999999999998,57.583333333333336,4.345833333333333,0.0,976.35,211.83039636330318,chiang_mai,True,12,51.82083333333333,True
2023-03-11,51.82083333333333,74.39166666666667,984.0,0.0,27.425,60.958333333333336,3.0541666666666667,0.0,976.1750000000001,279.26645028335315,chiang_mai,True,13,64.52916666666667,True
2023-03-12,64.52916666666667,92.60000000000001,1213.125,0.0,27.054166666666664,58.458333333333336,3.8833333333333333,0.0,976.4625,274.2580025836618,chiang_mai,True,14,60.15416666666667,True
2023-03-13,60.15416666666667,86.40416666666665,1395.4166666666667,0.0,22.25,82.54166666666667,4.933333333333334,12.1,979.3333333333334,242.75559433423894,chiang_mai,True,15,57.975,True
2023-03-14,57.975,83.35416666666667,1923.0,0.0,23.145833333333332,77.29166666666667,5.191666666666666,0.1,976.75,271.0202932297778,chiang_mai,True,16,45.35833333333333,True
2023-03-15,45.35833333333333,65.24583333333334,1742.25,0.0,24.233333333333334,74.08333333333333,4.220833333333333,0.0,975.5541666666667,229.79949762792853,chiang_mai,True,17,33.858333333333334,False
2023-03-16,33.858333333333334,48.80833333333334,1665.4166666666667,0.125,24.325,75.5,4.2250000000000005,0.4,976.9083333333333,320.1246082795238,chiang_mai,False,0,44.19583333333333,True
2023-03-17,44.19583333333333,63.57916666666667,1416.4583333333333,0.125,25.254166666666666,71.41666666666667,4.383333333333334,0.0,976.5291666666667,296.1192923380246,chiang_mai,True,2,38.666666666666664,True
2023-03-18,38.666666666666664,55.604166666666664,1473.625,0.0,26.358333333333334,64.70833333333333,4.966666666666667,0.0,975.0166666666668,257.8857052941034,chiang_mai,True,3,39.041666666666664,True
2023-03-19,39.041666666666664,56.09583333333333,1420.2083333333333,0.0,26.804166666666664,62.666666666666664,5.008333333333334,0.1,974.0916666666667,232.26485101901636,chiang_mai,True,4,29.65833333333333,False
2023-03-20,29.65833333333333,42.90416666666667,1111.5416666666667,0.0,26.045833333333334,68.58333333333333,4.291666666666667,2.9,973.8583333333332,328.28897907357043,chiang_mai,False,0,26.724999999999998,False
2023-03-21,26.724999999999998,38.74166666666667,1422.5,0.0,26.3125,70.375,3.129166666666667,0.0,973.2125,288.28805059945125,chiang_mai,False,0,20.966666666666665,False
2023-03-22,20.966666666666665,30.34583333333333,1443.625,0.125,26.991666666666664,60.375,6.05,0.30000000000000004,971.5833333333334,220.3598224526994,chiang_mai,False,0,19.204166666666666,False
2023-03-23,19.204166666666666,27.96666666666667,1154.9583333333333,0.25,27.608333333333334,50.333333333333336,6.745833333333334,0.1,971.2541666666666,222.89006905711605,chiang_mai,False,0,20.208333333333332,False
2023-03-24,20.208333333333332,29.412499999999998,1258.1666666666667,0.25,28.116666666666664,48.458333333333336,5.175,0.0,972.4041666666667,143.32688959733025,chiang_mai,False,0,27.84583333333333,False
2023-03-25,27.84583333333333,40.35,1485.875,0.375,27.666666666666668,51.666666666666664,5.233333333333333,0.0,972.9166666666666,28.287654229146824,chiang_mai,False,0,29.037499999999998,False
2023-03-26,29.037499999999998,42.041666666666664,1420.625,0.375,27.941666666666666,54.625,4.833333333333333,0.0,972.2333333333332,132.82338779967318,chiang_mai,False,0,29.71666666666667,False
2023-03-27,29.71666666666667,42.99583333333333,1303.2083333333333,0.375,27.78333333333333,53.041666666666664,5.2250000000000005,0.0,972.4291666666667,335.7900761643407,chiang_mai,False,0,32.71666666666666,False
2023-03-28,32.71666666666666,47.208333333333336,1276.7083333333333,0.125,28.041666666666668,45.916666666666664,6.762499999999999,0.0,973.35,169.77653226735936,chiang_mai,False,0,55.04583333333333,True
2023-03-29,55.04583333333333,79.19166666666666,702.9166666666666,0.5,27.625,47.791666666666664,7.529166666666666,0.0,974.0041666666666,53.96129666193593,chiang_mai,True,2,70.32083333333334,True
2023-03-30,70.32083333333334,101.07916666666667,822.6666666666666,0.7083333333333334,27.645833333333332,50.458333333333336,4.6875,0.0,972.4958333333334,20.09309708663227,chiang_mai,True,3,48.041666666666664,True
2023-03-31,48.041666666666664,69.44166666666668,613.5,0.75,28.320833333333336,48.916666666666664,5.425,0.0,972.5749999999999,239.7941100674782,chiang_mai,True,4,46.99166666666667,True
2023-04-01,46.99166666666667,67.91666666666667,645.0,0.5,28.179166666666664,51.375,6.320833333333333,0.0,971.9041666666667,215.70255157652184,chiang_mai,True,5,29.96666666666667,False
2023-04-02,29.96666666666667,43.475,494.6666666666667,0.5,28.258333333333336,50.125,6.8374999999999995,0.0,971.5166666666668,210.40509239077727,chiang_mai,False,0,24.383333333333336,False
2023-04-03,24.383333333333336,35.6,432.4583333333333,0.5416666666666666,28.058333333333334,48.958333333333336,6.295833333333333,0.0,971.25,200.5220114069925,chiang_mai,False,0,26.97083333333333,False
2023-04-04,26.97083333333333,39.329166666666666,470.25,0.75,28.445833333333336,48.583333333333336,5.745833333333334,0.0,971.2791666666667,69.99172993551787,chiang_mai,False,0,35.862500000000004,False
2023-04-05,35.862500000000004,52.0375,533.0416666666666,0.375,28.075,48.291666666666664,4.75,0.0,971.6750000000001,320.60473686534897,chiang_mai,False,0,45.699999999999996,True
2023-04-06,45.699999999999996,65.82916666666667,683.7916666666666,0.375,29.229166666666668,41.708333333333336,4.254166666666666,0.0,972.7458333333334,1.9236916724880757,chiang_mai,True,2,52.762499999999996,True
2023-04-07,52.762499999999996,76.02499999999999,750.0833333333334,0.375,30.420833333333334,42.083333333333336,5.545833333333333,0.0,973.7666666666668,68.18600233735401,chiang_mai,True,3,45.85,True
2023-04-08,45.85,66.3125,700.0,0.375,30.954166666666666,43.375,5.516666666666667,0.0,975.4625,234.94330864878935,chiang_mai,True,4,36.487500000000004,False
2023-04-09,36.487500000000004,53.020833333333336,649.9583333333334,0.25,31.1375,40.708333333333336,6.466666666666666,0.0,975.4375,181.45840609746222,chiang_mai,False,0,28.879166666666666,False
2023-04-10,28.879166666666666,41.887499999999996,557.3333333333334,0.375,30.104166666666668,48.041666666666664,6.4375,0.0,973.7708333333334,188.78958491824432,chiang_mai,False,0,34.9625,False
2023-04-11,34.9625,50.550000000000004,585.4166666666666,0.375,30.066666666666666,46.791666666666664,5.429166666666667,0.0,972.775,287.0934223604146,chiang_mai,False,0,46.38333333333333,True
2023-04-12,46.38333333333333,66.6875,707.4583333333334,0.25,30.558333333333334,45.291666666666664,4.8625,0.0,972.0083333333333,19.708706325068647,chiang_mai,True,2,39.2125,True
2023-04-13,39.2125,56.604166666666664,627.5833333333334,0.25,30.65416666666667,49.291666666666664,5.7375,0.0,971.5416666666666,94.52016892933739,chiang_mai,True,3,29.395833333333332,False
2023-04-14,29.395833333333332,42.56666666666667,707.3333333333334,0.25,30.670833333333334,48.166666666666664,5.258333333333334,0.0,971.525,152.72121940875945,chiang_mai,False,0,39.50416666666667,True
2023-04-15,39.50416666666667,56.862500000000004,1024.5833333333333,0.25,31.775000000000002,41.375,4.545833333333333,0.0,971.4625,60.2487830958907,chiang_mai,True,2,39.96666666666667,True
2023-04-16,39.96666666666667,57.8125,629.2083333333334,0.375,31.0125,48.041666666666664,5.820833333333333,0.0,970.7583333333333,58.672185813093165,chiang_mai,True,3,33.233333333333334,False
2023-04-17,33.233333333333334,48.19583333333333,542.8333333333334,0.0,31.125,45.291666666666664,4.708333333333333,0.0,971.9333333333334,190.71698986168258,chiang_mai,False,0,31.683333333333334,False
2023-04-18,31.683333333333334,45.86666666666667,607.25,0.125,30.879166666666666,48.375,5.929166666666667,0.0,972.0583333333334,162.47616569553418,chiang_mai,False,0,34.0375,False
2023-04-19,34.0375,49.19583333333333,528.0416666666666,0.0,31.787499999999998,46.916666666666664,4.333333333333333,0.1,969.7333333333332,301.2988763780945,chiang_mai,False,0,36.204166666666666,False
2023-04-20,36.204166666666666,52.50833333333333,492.2916666666667,0.25,30.958333333333332,51.875,5.054166666666666,0.4,968.3541666666666,226.52547575151007,chiang_mai,False,0,34.604166666666664,False
2023-04-21,34.604166666666664,50.541666666666664,449.9166666666667,0.375,30.4875,51.208333333333336,5.5625,0.2,969.2624999999999,110.44354011901999,chiang_mai,False,0,40.09166666666667,True
2023-04-22,40.09166666666667,58.55416666666667,453.9583333333333,0.375,30.1875,50.5,5.108333333333333,0.0,970.2916666666666,289.1080835231994,chiang_mai,True,2,32.074999999999996,False
2023-04-23,32.074999999999996,47.17916666666667,427.75,0.5,29.96666666666667,52.5,5.4624999999999995,0.0,972.2166666666667,236.5952635481538,chiang_mai,False,0,31.425,False
2023-04-24,31.425,46.38333333333333,658.5,0.125,28.945833333333336,59.375,4.683333333333334,2.1,975.1166666666667,162.19815584783078,chiang_mai,False,0,30.02916666666667,False
2023-04-25,30.02916666666667,44.27916666666667,1209.5416666666667,0.375,30.75,49.875,5.283333333333333,0.0,973.025,267.07369320997077,chiang_mai,False,0,30.145833333333332,False
2023-04-26,30.145833333333332,44.03333333333333,1146.0416666666667,0.25,29.34166666666667,58.583333333333336,6.695833333333333,2.6999999999999997,973.4666666666667,202.2939032732072,chiang_mai,False,0,33.141666666666666,False
2023-04-27,33.141666666666666,47.7875,731.125,0.0,29.120833333333334,62.5,6.1875,0.2,974.2458333333334,219.1000969239437,chiang_mai,False,0,23.55,False
2023-04-28,23.55,34.4625,870.75,0.0,30.9875,53.708333333333336,6.304166666666667,0.0,973.0124999999999,165.99157343447234,chiang_mai,False,0,19.495833333333334,False
2023-04-29,19.495833333333334,28.608333333333334,690.125,0.0,31.795833333333334,43.166666666666664,6.941666666666666,0.0,971.7666666666668,160.56960423258715,chiang_mai,False,0,26.125,False
2023-04-30,26.125,38.170833333333334,607.25,0.0,29.9875,53.25,8.591666666666667,1.2,972.7541666666666,180.00157341455457,chiang_mai,False,0,26.816666666666666,False
2023-05-01,26.816666666666666,38.67916666666667,531.5,0.0,28.383333333333336,62.791666666666664,4.625,0.3,974.1625,206.42938967961106,chiang_mai,False,0,22.5625,False
2023-05-02,22.5625,32.65416666666667,540.875,0.0,28.97083333333333,65.58333333333333,5.7749999999999995,2.7,974.3916666666668,205.87763788171546,chiang_mai,False,0,25.96666666666667,False
2023-05-03,25.96666666666667,37.729166666666664,445.2083333333333,0.0,28.245833333333334,71.54166666666667,4.645833333333333,0.8,975.2166666666667,168.0396473486212,chiang_mai,False,0,26.066666666666666,False
2023-05-04,26.066666666666666,37.81666666666667,453.0833333333333,0.0,30.058333333333334,63.041666666666664,4.029166666666667,0.1,972.625,292.8332097443673,chiang_mai,False,0,22.270833333333332,False
2023-05-05,22.270833333333332,32.52916666666667,438.7916666666667,0.0,31.224999999999998,59.291666666666664,4.9750000000000005,0.0,969.4708333333333,174.9100119448683,chiang_mai,False,0,15.549999999999999,False
2023-05-06,15.549999999999999,22.78333333333333,396.1666666666667,0.0,32.44583333333333,52.458333333333336,5.179166666666666,0.0,968.2708333333334,200.27303159998655,chiang_mai,False,0,15.3125,False
2023-05-07,15.3125,22.333333333333332,378.6666666666667,0.0,32.65,54.333333333333336,4.479166666666667,0.0,968.1125000000001,3.4755636933629717,chiang_mai,False,0,23.054166666666664,False
2023-05-08,23.054166666666664,33.425000000000004,423.125,0.0,30.362499999999997,67.5,5.754166666666666,22.8,969.9666666666667,71.9147223091619,chiang_mai,False,0,21.008333333333333,False
2023-05-09,21.008333333333333,30.570833333333336,384.25,0.0,29.320833333333336,69.75,4.829166666666667,1.6,972.3458333333333,168.4690782850123,chiang_mai,False,0,18.829166666666666,False
2023-05-10,18.829166666666666,27.40416666666667,395.0416666666667,0.0,28.8,68.20833333333333,5.479166666666667,14.399999999999999,973.0166666666668,186.76380782756712,chiang_mai,False,0,15.6625,False
2023-05-11,15.6625,22.53333333333333,521.4166666666666,0.0,28.679166666666664,67.95833333333333,4.25,0.6,974.2333333333332,344.46765386393486,chiang_mai,False,0,18.037499999999998,False
2023-05-12,18.037499999999998,25.820833333333336,922.375,0.0,26.454166666666666,79.875,4.8374999999999995,1.7000000000000002,974.4833333333332,266.4201542380857,chiang_mai,False,0,9.345833333333333,False
2023-05-13,9.345833333333333,13.424999999999999,449.125,0.0,25.479166666666668,86.79166666666667,4.970833333333333,50.5,974.2125,225.588671624468,chiang_mai,False,0,10.458333333333334,False
2023-05-14,10.458333333333334,15.65,422.0833333333333,0.0,25.358333333333334,85.33333333333333,6.033333333333334,12.2,973.0,223.01854787472138,chiang_mai,False,0,11.575000000000001,False
2023-05-15,11.575000000000001,16.8125,546.9166666666666,0.0,25.608333333333334,84.16666666666667,7.075,12.899999999999999,973.1041666666666,188.16843118032492,chiang_mai,False,0,19.029166666666665,False
2023-05-16,19.029166666666665,28.3,1037.375,0.375,26.520833333333332,80.54166666666667,4.075,0.30000000000000004,974.1166666666667,294.57186923555963,chiang_mai,False,0,23.09583333333333,False
2023-05-17,23.09583333333333,34.170833333333334,1291.0833333333333,0.9583333333333334,27.241666666666664,78.04166666666667,4.416666666666667,0.2,974.3583333333332,92.76827865649409,chiang_mai,False,0,23.099999999999998,False
2023-05-18,23.099999999999998,34.47083333333333,1240.125,0.5,27.829166666666666,77.20833333333333,3.4291666666666667,3.7,973.7583333333333,143.17475278921597,chiang_mai,False,0,24.287499999999998,False
2023-05-19,24.287499999999998,35.99166666666667,1155.0,0.9166666666666666,28.083333333333332,74.16666666666667,3.4416666666666664,1.1,971.8333333333334,6.109771742922021,chiang_mai,False,0,19.108333333333334,False
2023-05-20,19.108333333333334,28.787499999999998,1094.2083333333333,2.2916666666666665,28.97083333333333,71.54166666666667,3.6916666666666664,0.0,971.3166666666666,70.71642386041083,chiang_mai,False,0,20.458333333333332,False
2023-05-21,20.458333333333332,30.833333333333332,941.2083333333334,2.2083333333333335,29.104166666666668,70.125,4.6625000000000005,0.4,972.2208333333333,26.98420221522281,chiang_mai,False,0,19.966666666666665,False
2023-05-22,19.966666666666665,29.754166666666666,842.2083333333334,1.9166666666666667,29.179166666666664,72.0,3.8625000000000003,3.1,972.9541666666668,69.80817528456407,chiang_mai,False,0,18.504166666666666,False
2023-05-23,18.504166666666666,27.104166666666668,498.375,0.6666666666666666,28.620833333333334,74.91666666666667,4.2625,1.4000000000000001,972.7208333333333,57.11218205598942,chiang_mai,False,0,19.729166666666668,False
2023-05-24,19.729166666666668,28.883333333333336,639.5416666666666,0.5,28.620833333333334,74.70833333333333,4.1125,2.3,971.9291666666667,163.30877599177438,chiang_mai,False,0,20.45,False
2023-05-25,20.45,30.474999999999998,732.25,1.7916666666666667,29.554166666666664,64.95833333333333,4.291666666666667,0.9,971.9791666666666,124.65652083851933,chiang_mai,False,0,17.625,False
2023-05-26,17.625,26.241666666666664,690.8333333333334,1.2916666666666667,29.8625,62.0,3.8333333333333335,1.3,972.5833333333334,77.04849736488825,chiang_mai,False,0,17.920833333333334,False
2023-05-27,17.920833333333334,26.608333333333334,624.2083333333334,0.7083333333333334,29.087500000000002,68.83333333333333,4.395833333333333,3.5999999999999996,971.3375,31.335305122076818,chiang_mai,False,0,20.037499999999998,False
2023-05-28,20.037499999999998,29.474999999999998,718.0833333333334,0.625,28.941666666666666,72.125,3.9250000000000003,0.6000000000000001,971.0333333333333,181.01225907147432,chiang_mai,False,0,29.708333333333332,False
2023-05-29,29.708333333333332,43.09583333333333,994.5833333333334,0.375,28.212500000000002,73.29166666666667,4.716666666666667,7.8,972.2375000000001,133.15870467050172,chiang_mai,False,0,26.691666666666666,False
2023-05-30,26.691666666666666,38.49583333333333,1077.625,0.0,29.641666666666666,67.33333333333333,4.2124999999999995,0.2,971.6625,117.81461367973907,chiang_mai,False,0,17.354166666666668,False
2023-05-31,17.354166666666668,25.041666666666668,654.8333333333334,0.0,29.291666666666668,69.5,4.954166666666667,2.3000000000000003,970.4458333333333,195.4012999116038,chiang_mai,False,0,11.083333333333334,False
2023-06-01,11.083333333333334,15.887500000000001,577.75,0.0,30.008333333333336,69.125,4.4750000000000005,0.30000000000000004,969.5208333333334,122.48761622270206,chiang_mai,False,0,12.700000000000001,False
2023-06-02,12.700000000000001,18.25,679.0833333333334,0.0,29.583333333333332,67.75,5.079166666666667,8.7,970.1625,26.194192607495438,chiang_mai,False,0,14.816666666666668,False
2023-06-03,14.816666666666668,21.474999999999998,882.625,0.375,29.820833333333336,65.58333333333333,4.8125,9.4,971.2666666666668,105.34546957625957,chiang_mai,False,0,14.4375,False
2023-06-04,14.4375,20.904166666666665,927.0833333333334,0.25,29.804166666666664,65.70833333333333,5.6625000000000005,4.4,971.0625,169.03963425477832,chiang_mai,False,0,11.333333333333334,False
2023-06-05,11.333333333333334,16.3625,471.7916666666667,0.0,28.795833333333334,71.58333333333333,4.891666666666667,11.5,970.2208333333333,46.48971843400784,chiang_mai,False,0,16.175,False
2023-06-06,16.175,23.34583333333333,715.9166666666666,0.0,27.625,78.54166666666667,4.641666666666667,4.7,969.7375000000001,163.48844192871286,chiang_mai,False,0,13.674999999999999,False
2023-06-07,13.674999999999999,19.662499999999998,615.2916666666666,0.0,26.40833333333333,84.375,5.270833333333333,16.2,970.4166666666666,211.5236885426011,chiang_mai,False,0,14.929166666666667,False
2023-06-08,14.929166666666667,21.400000000000002,770.5,0.0,25.795833333333334,87.375,4.2375,17.3,970.7333333333332,216.48973105630066,chiang_mai,False,0,13.137500000000001,False
2023-06-09,13.137500000000001,18.8625,810.0,0.0,26.59166666666667,84.375,5.320833333333334,7.4,969.8291666666668,148.7114382123031,chiang_mai,False,0,18.891666666666666,False
2023-06-10,18.891666666666666,27.145833333333332,1032.5,0.0,27.212500000000002,81.41666666666667,5.033333333333333,7.999999999999999,968.8249999999999,179.42215769484835,chiang_mai,False,0,17.245833333333334,False
2023-06-11,17.245833333333334,24.7375,1130.0416666666667,0.0,27.587500000000002,76.83333333333333,4.858333333333333,6.4,968.2958333333332,169.51831069311288,chiang_mai,False,0,15.9,False
2023-06-12,15.9,22.879166666666666,924.0,0.0,26.195833333333336,85.41666666666667,5.379166666666666,21.0,968.6791666666667,176.9366581580606,chiang_mai,False,0,11.0625,False
2023-06-13,11.0625,15.816666666666668,699.875,0.0,25.983333333333334,85.75,5.458333333333333,14.9,969.225,176.09251372317476,chiang_mai,False,0,7.529166666666666,False
2023-06-14,7.529166666666666,10.75,477.8333333333333,0.0,25.358333333333334,87.83333333333333,5.470833333333334,12.1,970.75,194.22887761948473,chiang_mai,False,0,11.333333333333334,False
2023-06-15,11.333333333333334,16.195833333333333,724.4166666666666,0.0,26.708333333333332,82.75,4.258333333333334,10.0,970.8708333333334,160.1123349989033,chiang_mai,False,0,15.320833333333333,False
2023-06-16,15.320833333333333,22.145833333333332,1016.6666666666666,0.4166666666666667,27.416666666666668,79.66666666666667,4.841666666666667,0.4,970.5166666666668,144.10961939846095,chiang_mai,False,0,12.887500000000001,False
2023-06-17,12.887500000000001,18.666666666666668,899.1666666666666,0.5833333333333334,28.916666666666668,73.08333333333333,4.616666666666666,0.1,970.8833333333333,134.15906926155947,chiang_mai,False,0,11.316666666666668,False
2023-06-18,11.316666666666668,16.308333333333334,759.9166666666666,0.25,27.775000000000002,78.70833333333333,4.766666666666667,8.2,971.0875,147.7256614799203,chiang_mai,False,0,11.575000000000001,False
2023-06-19,11.575000000000001,16.629166666666666,749.125,0.125,27.537499999999998,79.29166666666667,3.9958333333333336,3.6999999999999997,970.9791666666666,135.68046647911729,chiang_mai,False,0,10.604166666666666,False
2023-06-20,10.604166666666666,15.200000000000001,719.4166666666666,0.0,27.462500000000002,75.625,4.829166666666667,3.8,971.4541666666668,155.47192054787865,chiang_mai,False,0,10.033333333333333,False
2023-06-21,10.033333333333333,14.395833333333334,646.5416666666666,0.0,27.083333333333332,78.0,4.625,19.2,972.6583333333333,127.927216133397,chiang_mai,False,0,10.6875,False
2023-06-22,10.6875,15.299999999999999,996.25,0.0,27.900000000000002,71.70833333333333,4.716666666666667,0.2,972.7083333333334,175.26696388002244,chiang_mai,False,0,10.637500000000001,False
2023-06-23,10.637500000000001,15.195833333333333,871.0,0.0,28.8625,66.66666666666667,5.0874999999999995,0.5,971.7041666666668,189.61402837821782,chiang_mai,False,0,11.283333333333333,False
2023-06-24,11.283333333333333,16.125,875.6666666666666,0.0,27.95,72.58333333333333,4.645833333333333,12.600000000000001,970.8166666666666,171.69342829411642,chiang_mai,False,0,12.700000000000001,False
2023-06-25,12.700000000000001,18.129166666666666,964.8333333333334,0.0,26.366666666666664,83.79166666666667,3.3541666666666665,22.9,971.0333333333333,104.18905907745551,chiang_mai,False,0,12.191666666666668,False
2023-06-26,12.191666666666668,17.375,736.6666666666666,0.0,26.212500000000002,88.0,3.4499999999999997,21.5,971.2125,141.0204147835118,chiang_mai,False,0,12.320833333333333,False
2023-06-27,12.320833333333333,17.479166666666668,700.6666666666666,0.08333333333333333,27.004166666666666,82.70833333333333,3.8791666666666664,15.799999999999999,971.5541666666667,129.53931813075604,chiang_mai,False,0,12.870833333333332,False
2023-06-28,12.870833333333332,18.079166666666666,403.4166666666667,0.9166666666666666,26.625,86.25,3.466666666666667,21.1,972.725,256.8622198882181,chiang_mai,False,0,14.2875,False
2023-06-29,14.2875,20.283333333333335,399.9583333333333,1.4583333333333333,27.53333333333333,82.0,3.2916666666666665,3.8,971.4791666666666,154.81110632636523,chiang_mai,False,0,12.620833333333332,False
2023-06-30,12.620833333333332,18.383333333333333,421.0833333333333,2.2083333333333335,27.620833333333334,83.91666666666667,3.6750000000000003,5.8,970.3791666666666,107.91920942382501,chiang_mai,False,0,16.166666666666668,False
2023-07-01,16.166666666666668,23.962500000000002,533.5,5.0,28.375,78.79166666666667,4.145833333333333,1.6,970.4250000000001,200.66199669633974,chiang_mai,False,0,10.4375,False
2023-07-02,10.4375,15.083333333333334,272.5416666666667,2.5,27.0,84.58333333333333,4.145833333333333,28.7,971.275,161.79724539780455,chiang_mai,False,0,6.683333333333334,False
2023-07-03,6.683333333333334,9.445833333333333,304.6666666666667,0.0,26.150000000000002,87.125,5.166666666666667,19.8,971.8708333333334,200.88375099628797,chiang_mai,False,0,5.4875,False
2023-07-04,5.4875,7.825,290.9583333333333,0.0,25.558333333333334,86.95833333333333,6.166666666666667,16.400000000000002,971.9708333333333,185.74934417221783,chiang_mai,False,0,6.575,False
2023-07-05,6.575,9.416666666666666,319.0833333333333,0.0,26.15833333333333,85.66666666666667,4.520833333333333,11.2,972.3083333333334,167.11169625280968,chiang_mai,False,0,7.958333333333333,False
2023-07-06,7.958333333333333,11.325000000000001,392.2083333333333,0.2916666666666667,27.1125,82.41666666666667,3.233333333333334,1.9000000000000001,973.1833333333334,52.046756466390434,chiang_mai,False,0,9.708333333333334,False
2023-07-07,9.708333333333334,13.75,506.25,0.4583333333333333,28.125,81.04166666666667,3.641666666666667,3.2,973.0458333333332,121.67089110075972,chiang_mai,False,0,13.4,False
2023-07-08,13.4,18.808333333333334,439.0,0.125,27.629166666666666,82.16666666666667,4.020833333333333,4.9,972.9291666666667,197.3086192391618,chiang_mai,False,0,13.025,False
2023-07-09,13.025,18.224999999999998,319.625,0.0,26.708333333333332,84.91666666666667,3.6916666666666664,13.4,972.5041666666666,219.78557107797445,chiang_mai,False,0,10.654166666666667,False
2023-07-10,10.654166666666667,15.095833333333333,341.0416666666667,0.0,26.099999999999998,85.5,5.570833333333333,21.2,972.9625,221.64325971566623,chiang_mai,False,0,9.8125,False
2023-07-11,9.8125,13.825000000000001,363.1666666666667,0.08333333333333333,26.229166666666668,84.875,3.2291666666666665,5.0,972.9875000000001,237.17191880791108,chiang_mai,False,0,8.8125,False
2023-07-12,8.8125,12.454166666666666,438.0833333333333,0.0,26.679166666666664,81.95833333333333,4.158333333333333,5.5,973.1625,278.02782714917976,chiang_mai,False,0,8.679166666666667,False
2023-07-13,8.679166666666667,12.420833333333334,640.125,0.08333333333333333,27.183333333333334,81.91666666666667,2.7708333333333335,5.5,972.7666666666668,265.8089224183766,chiang_mai,False,0,8.4,False
2023-07-14,8.4,11.829166666666666,535.0,0.20833333333333334,27.704166666666666,79.16666666666667,3.9625,6.800000000000001,971.9666666666667,110.7601708710182,chiang_mai,False,0,8.645833333333334,False
2023-07-15,8.645833333333334,12.133333333333333,483.3333333333333,0.3333333333333333,27.495833333333334,80.83333333333333,3.6333333333333333,7.6,970.6625,107.71261995675513,chiang_mai,False,0,7.120833333333334,False
2023-07-16,7.120833333333334,10.0875,405.75,0.5833333333333334,27.308333333333334,84.16666666666667,3.025,7.800000000000001,969.1583333333333,76.1179091723476,chiang_mai,False,0,11.304166666666667,False
2023-07-17,11.304166666666667,16.379166666666666,382.8333333333333,1.7916666666666667,27.5125,84.04166666666667,3.1625,20.5,967.6875,10.469912492767378,chiang_mai,False,0,11.049999999999999,False
2023-07-18,11.049999999999999,15.991666666666667,363.7083333333333,1.125,28.433333333333334,79.79166666666667,5.020833333333333,1.2000000000000002,967.1333333333333,68.21312321404275,chiang_mai,False,0,11.220833333333333,False
2023-07-19,11.220833333333333,16.158333333333335,363.5833333333333,1.1666666666666667,27.40833333333333,82.20833333333333,4.191666666666666,19.0,967.5708333333333,163.14150062913768,chiang_mai,False,0,12.054166666666667,False
2023-07-20,12.054166666666667,17.129166666666666,454.2083333333333,0.3333333333333333,27.0,82.25,3.891666666666667,8.200000000000001,969.3958333333334,184.9334328116915,chiang_mai,False,0,13.979166666666666,False
2023-07-21,13.979166666666666,20.004166666666666,504.7916666666667,0.375,27.395833333333332,82.91666666666667,3.095833333333333,3.0,972.0916666666667,336.5895074161878,chiang_mai,False,0,11.929166666666667,False
2023-07-22,11.929166666666667,17.008333333333333,371.625,0.0,27.900000000000002,81.91666666666667,3.7875,26.3,973.4625,12.73059070449085,chiang_mai,False,0,15.570833333333333,False
2023-07-23,15.570833333333333,22.2375,434.5833333333333,0.0,27.691666666666666,78.79166666666667,4.8,2.9,973.125,137.1257184278112,chiang_mai,False,0,15.304166666666667,False
2023-07-24,15.304166666666667,21.849999999999998,481.75,0.0,27.354166666666668,79.45833333333333,4.966666666666667,0.1,971.5541666666667,199.47108198116058,chiang_mai,False,0,15.6,False
2023-07-25,15.6,22.2375,610.9583333333334,0.0,27.766666666666666,79.33333333333333,4.470833333333333,2.8000000000000003,971.7416666666667,206.52978941621805,chiang_mai,False,0,9.762500000000001,False
2023-07-26,9.762500000000001,13.808333333333332,445.75,0.08333333333333333,28.079166666666666,78.25,4.158333333333333,0.9,972.0749999999999,164.62346642928276,chiang_mai,False,0,6.008333333333333,False
2023-07-27,6.008333333333333,8.458333333333334,323.5,0.3333333333333333,29.116666666666664,72.125,4.7124999999999995,1.4,970.4250000000001,200.75361038294946,chiang_mai,False,0,4.4624999999999995,False
2023-07-28,4.4624999999999995,6.3999999999999995,264.9166666666667,0.0,28.941666666666666,72.25,4.266666666666667,0.1,967.9041666666667,195.67470107203593,chiang_mai,False,0,6.416666666666667,False
2023-07-29,6.416666666666667,9.179166666666665,343.4166666666667,0.08333333333333333,27.55,82.91666666666667,3.7458333333333336,19.4,967.5458333333332,104.90695123941185,chiang_mai,False,0,6.091666666666666,False
2023-07-30,6.091666666666666,8.733333333333333,358.125,0.08333333333333333,26.179166666666664,89.08333333333333,4.7749999999999995,19.3,967.6750000000001,131.19862760094355,chiang_mai,False,0,5.075,False
2023-07-31,5.075,7.2375,264.625,0.0,24.920833333333334,92.625,5.366666666666667,28.6,969.1916666666666,207.1683217444966,chiang_mai,False,0,4.979166666666667,False
2023-08-01,4.979166666666667,7.1375,310.7916666666667,0.125,25.53333333333333,91.5,4.1625000000000005,22.9,970.0791666666668,188.14503058552685,chiang_mai,False,0,7.704166666666667,False
2023-08-02,7.704166666666667,11.079166666666666,410.4583333333333,0.3333333333333333,26.15833333333333,88.16666666666667,3.466666666666667,26.7,970.3625000000001,95.3769023148833,chiang_mai,False,0,7.616666666666667,False
2023-08-03,7.616666666666667,10.958333333333334,423.8333333333333,0.6666666666666666,26.379166666666666,87.0,3.75,8.0,969.9458333333333,136.30365183954962,chiang_mai,False,0,7.8625,False
2023-08-04,7.8625,11.5,501.9166666666667,1.0416666666666667,26.479166666666668,86.5,4.491666666666666,23.0,971.9625,144.16242223038978,chiang_mai,False,0,7.354166666666667,False
2023-08-05,7.354166666666667,11.025,435.4166666666667,2.0833333333333335,25.8875,89.04166666666667,4.866666666666666,4.5,972.8375,151.92828304596526,chiang_mai,False,0,7.454166666666667,False
2023-08-06,7.454166666666667,11.095833333333333,403.4583333333333,1.9166666666666667,25.1875,90.125,4.570833333333334,7.7,971.0833333333334,154.30116534264846,chiang_mai,False,0,5.9375,False
2023-08-07,5.9375,8.5,379.5,0.0,24.733333333333334,92.16666666666667,4.45,20.6,969.7708333333334,139.7078789510715,chiang_mai,False,0,5.883333333333333,False
2023-08-08,5.883333333333333,8.404166666666667,378.5833333333333,0.0,24.275000000000002,93.16666666666667,3.954166666666667,16.7,970.6916666666666,132.5600934958007,chiang_mai,False,0,5.295833333333333,False
2023-08-09,5.295833333333333,7.6499999999999995,391.375,0.3333333333333333,24.974999999999998,89.375,3.525,6.4,972.4666666666667,117.22940354981608,chiang_mai,False,0,10.579166666666667,False
2023-08-10,10.579166666666667,15.441666666666668,583.75,2.0833333333333335,26.741666666666664,82.125,4.6375,2.0,972.3916666666668,130.98356935048446,chiang_mai,False,0,11.629166666666668,False
2023-08-11,11.629166666666668,17.3875,678.875,4.291666666666667,27.145833333333332,80.54166666666667,4.970833333333333,3.1999999999999997,970.975,151.9382323456657,chiang_mai,False,0,14.533333333333333,False
2023-08-12,14.533333333333333,22.204166666666666,675.0833333333334,6.291666666666667,26.9875,81.5,4.145833333333333,3.7,969.9583333333334,142.134152503047,chiang_mai,False,0,16.745833333333334,False
2023-08-13,16.745833333333334,26.108333333333334,655.5833333333334,9.666666666666666,27.3,82.54166666666667,4.016666666666667,14.700000000000001,970.0416666666666,125.47356896622864,chiang_mai,False,0,14.333333333333334,False
2023-08-14,14.333333333333334,20.554166666666667,718.7916666666666,3.25,27.441666666666666,84.125,3.295833333333333,11.1,970.1166666666667,127.61634886850777,chiang_mai,False,0,13.375,False
2023-08-15,13.375,18.995833333333334,724.4583333333334,1.75,26.508333333333336,87.375,3.9166666666666665,28.200000000000003,970.4958333333334,42.09588975924214,chiang_mai,False,0,12.137500000000001,False
2023-08-16,12.137500000000001,17.229166666666668,514.375,1.1666666666666667,25.775000000000002,87.0,4.145833333333333,7.5,971.3249999999999,288.12044798015233,chiang_mai,False,0,11.054166666666667,False
2023-08-17,11.054166666666667,15.520833333333334,454.125,0.5833333333333334,26.441666666666666,84.79166666666667,3.6,4.8,971.9875000000001,258.9639242869043,chiang_mai,False,0,12.841666666666667,False
2023-08-18,12.841666666666667,18.208333333333332,503.7916666666667,1.25,27.46666666666667,82.5,3.529166666666667,7.9,971.6291666666666,47.22819727841102,chiang_mai,False,0,13.112499999999999,False
2023-08-19,13.112499999999999,18.4375,480.625,1.7083333333333333,27.72083333333333,82.875,2.966666666666667,5.5,971.4458333333333,39.517748461906194,chiang_mai,False,0,17.925,False
2023-08-20,17.925,25.40833333333333,489.3333333333333,2.2916666666666665,27.5,82.79166666666667,3.641666666666667,3.6999999999999997,970.5458333333332,356.04388354793656,chiang_mai,False,0,12.633333333333333,False
2023-08-21,12.633333333333333,17.566666666666666,408.1666666666667,0.4583333333333333,26.629166666666666,86.875,4.066666666666666,11.9,971.2458333333334,204.48392201857166,chiang_mai,False,0,10.304166666666667,False
2023-08-22,10.304166666666667,14.558333333333332,490.9583333333333,0.25,26.558333333333334,84.875,4.154166666666667,6.7,971.6,195.5062716847207,chiang_mai,False,0,13.0625,False
2023-08-23,13.0625,18.754166666666666,655.3333333333334,1.75,26.829166666666666,83.45833333333333,3.8541666666666665,16.2,970.9833333333332,98.27099199266013,chiang_mai,False,0,10.545833333333333,False
2023-08-24,10.545833333333333,15.066666666666668,658.3333333333334,1.1666666666666667,27.041666666666668,79.70833333333333,4.6000000000000005,14.0,970.6208333333334,138.7339861708611,chiang_mai,False,0,9.6625,False
2023-08-25,9.6625,14.054166666666667,518.8333333333334,1.6666666666666667,26.704166666666666,83.625,4.816666666666666,11.5,971.125,103.36470573610842,chiang_mai,False,0,7.341666666666666,False
2023-08-26,7.341666666666666,10.679166666666667,484.0,0.5416666666666666,27.133333333333336,81.29166666666667,4.433333333333334,3.1,971.1416666666668,191.59711655513124,chiang_mai,False,0,7.308333333333334,False
2023-08-27,7.308333333333334,10.708333333333334,449.875,0.875,26.90833333333333,81.25,3.6666666666666665,12.8,970.2291666666666,181.0100513954692,chiang_mai,False,0,8.183333333333334,False
2023-08-28,8.183333333333334,11.729166666666666,524.6666666666666,0.125,27.604166666666668,80.70833333333333,3.8833333333333333,8.2,969.1374999999999,43.42297541968412,chiang_mai,False,0,11.904166666666667,False
2023-08-29,11.904166666666667,16.925,459.5833333333333,0.5833333333333334,27.2,82.66666666666667,3.8874999999999997,9.0,969.3833333333333,97.02724658112908,chiang_mai,False,0,10.704166666666666,False
2023-08-30,10.704166666666666,15.166666666666666,369.2083333333333,0.4583333333333333,26.229166666666668,86.20833333333333,4.083333333333333,13.3,971.2708333333334,0.6493610943861654,chiang_mai,False,0,10.083333333333334,False
2023-08-31,10.083333333333334,14.325000000000001,418.875,0.0,26.4375,85.375,4.2375,5.5,971.9416666666666,190.25509998893284,chiang_mai,False,0,16.05,False
2023-09-01,16.05,22.8125,598.5833333333334,0.4166666666666667,27.4375,84.79166666666667,3.466666666666667,8.2,971.0500000000001,358.7313496321993,chiang_mai,False,0,12.658333333333333,False
2023-09-02,12.658333333333333,18.099999999999998,602.2083333333334,0.0,26.53333333333333,85.5,3.3666666666666667,23.4,970.2375000000001,357.92376687312253,chiang_mai,False,0,21.504166666666666,False
2023-09-03,21.504166666666666,30.758333333333336,850.5833333333334,0.0,27.508333333333336,81.625,3.329166666666667,1.7000000000000002,968.8291666666668,333.5963150327475,chiang_mai,False,0,21.945833333333336,False
2023-09-04,21.945833333333336,31.504166666666666,722.2083333333334,0.0,28.108333333333334,78.83333333333333,3.6333333333333333,9.1,968.3083333333334,60.20233285674897,chiang_mai,False,0,11.108333333333334,False
2023-09-05,11.108333333333334,15.866666666666667,439.5833333333333,0.0,25.770833333333332,88.125,3.4250000000000003,32.9,970.4458333333333,319.8334957011823,chiang_mai,False,0,9.820833333333333,False
2023-09-06,9.820833333333333,13.987499999999999,434.2083333333333,0.0,25.579166666666666,89.875,3.5583333333333336,23.4,972.5375,119.0974031884956,chiang_mai,False,0,12.429166666666667,False
2023-09-07,12.429166666666667,17.683333333333334,465.0,0.0,26.308333333333334,87.79166666666667,3.420833333333333,33.3,973.0583333333334,310.54072735192506,chiang_mai,False,0,14.379166666666668,False
2023-09-08,14.379166666666668,20.4875,460.2083333333333,0.0,26.441666666666666,88.16666666666667,3.5,10.9,972.4208333333332,276.47975835191625,chiang_mai,False,0,9.879166666666666,False
2023-09-09,9.879166666666666,14.058333333333332,393.25,0.0,26.087500000000002,88.625,3.6333333333333333,14.3,970.5124999999999,102.80944847938815,chiang_mai,False,0,10.420833333333333,False
2023-09-10,10.420833333333333,14.804166666666667,456.75,0.0,25.650000000000002,90.125,3.1791666666666667,19.2,969.9083333333333,301.5310026879944,chiang_mai,False,0,8.804166666666667,False
2023-09-11,8.804166666666667,12.508333333333333,418.7916666666667,0.0,25.683333333333334,88.75,3.595833333333333,19.7,970.35,213.35748047099105,chiang_mai,False,0,8.291666666666666,False
2023-09-12,8.291666666666666,11.804166666666667,404.6666666666667,0.0,25.6375,88.66666666666667,3.533333333333333,43.8,971.3000000000001,210.57191863283364,chiang_mai,False,0,8.8125,False
2023-09-13,8.8125,12.595833333333333,534.3333333333334,0.08333333333333333,25.65833333333333,87.25,3.4749999999999996,31.799999999999997,972.2791666666667,85.01532684284507,chiang_mai,False,0,12.745833333333332,False
2023-09-14,12.745833333333332,18.191666666666666,616.5833333333334,0.0,25.34166666666667,89.83333333333333,3.341666666666667,22.400000000000002,972.2541666666666,239.97821937541727,chiang_mai,False,0,8.408333333333333,False
2023-09-15,8.408333333333333,11.983333333333334,430.875,0.0,25.8625,89.25,3.3333333333333335,24.5,971.4499999999999,7.240158126165795,chiang_mai,False,0,9.645833333333334,False
2023-09-16,9.645833333333334,13.754166666666668,505.6666666666667,0.0,25.025000000000002,89.5,4.233333333333333,52.2,971.7041666666668,337.5138039339346,chiang_mai,False,0,10.983333333333334,False
2023-09-17,10.983333333333334,15.674999999999999,516.0416666666666,0.0,24.733333333333334,89.58333333333333,3.2583333333333333,19.0,971.8041666666667,290.54672543811535,chiang_mai,False,0,7.379166666666666,False
2023-09-18,7.379166666666666,10.491666666666667,344.2916666666667,0.0,24.683333333333334,89.58333333333333,5.3,28.3,973.525,203.77905874827397,chiang_mai,False,0,10.070833333333333,False
2023-09-19,10.070833333333333,14.35,491.625,0.0,25.787499999999998,85.95833333333333,3.75,6.3,975.3958333333334,252.14717352934622,chiang_mai,False,0,13.033333333333333,False
2023-09-20,13.033333333333333,18.599999999999998,577.4583333333334,0.0,26.150000000000002,87.29166666666667,3.2583333333333333,34.1,975.1083333333332,342.74529558921614,chiang_mai,False,0,20.641666666666666,False
2023-09-21,20.641666666666666,29.770833333333332,728.6666666666666,0.4583333333333333,26.645833333333332,85.16666666666667,3.3541666666666665,0.8999999999999999,974.5375,353.97878847052704,chiang_mai,False,0,17.2,False
2023-09-22,17.2,24.579166666666666,630.9166666666666,0.0,27.03333333333333,83.75,3.5833333333333335,0.0,973.9791666666666,193.17730694013997,chiang_mai,False,0,16.941666666666666,False
2023-09-23,16.941666666666666,24.229166666666668,497.0416666666667,0.0,27.6125,79.66666666666667,3.716666666666667,1.0,973.8625000000001,153.5397806571766,chiang_mai,False,0,18.349999999999998,False
2023-09-24,18.349999999999998,26.229166666666668,529.2083333333334,0.0,27.47083333333333,79.45833333333333,3.6291666666666664,0.0,972.6750000000001,139.49814881472764,chiang_mai,False,0,14.966666666666667,False
2023-09-25,14.966666666666667,21.40833333333333,523.9583333333334,0.0,27.183333333333334,83.875,3.9916666666666667,15.700000000000001,972.0749999999999,41.161539811500006,chiang_mai,False,0,17.462500000000002,False
2023-09-26,17.462500000000002,25.445833333333336,632.0833333333334,0.0,27.09583333333333,81.33333333333333,4.145833333333333,0.4,971.4166666666666,357.3856182452176,chiang_mai,False,0,17.379166666666666,False
2023-09-27,17.379166666666666,25.120833333333334,689.9166666666666,0.0,26.3625,83.20833333333333,5.208333333333333,11.7,969.975,338.26328533859675,chiang_mai,False,0,10.112499999999999,False
2023-09-28,10.112499999999999,14.454166666666666,470.3333333333333,0.0,24.816666666666666,90.125,4.720833333333333,48.0,971.5208333333334,277.3794390100187,chiang_mai,False,0,9.304166666666667,False
2023-09-29,9.304166666666667,13.275,484.375,0.0,24.416666666666668,91.625,4.970833333333333,33.7,973.9416666666666,230.73870355170263,chiang_mai,False,0,7.316666666666666,False
2023-09-30,7.316666666666666,10.466666666666667,417.5,0.0,24.55,90.83333333333333,5.220833333333333,30.900000000000002,975.0666666666666,233.0636913396052,chiang_mai,False,0,9.141666666666667,False
2023-10-01,9.141666666666667,13.045833333333334,489.25,0.0,25.258333333333336,88.75,3.6666666666666665,18.200000000000003,974.0041666666666,248.37407027450172,chiang_mai,False,0,12.645833333333334,False
2023-10-02,12.645833333333334,18.087500000000002,639.375,0.0,26.15416666666667,86.95833333333333,2.9583333333333335,7.300000000000001,974.4125,313.64309169470323,chiang_mai,False,0,12.595833333333333,False
2023-10-03,12.595833333333333,18.025000000000002,535.875,0.0,27.2625,81.79166666666667,3.4,0.3,974.625,138.1133663952163,chiang_mai,False,0,13.854166666666666,False
2023-10-04,13.854166666666666,19.808333333333334,533.0,0.0,27.474999999999998,82.70833333333333,4.0375000000000005,0.2,974.2375000000001,142.06786514437903,chiang_mai,False,0,19.508333333333333,False
2023-10-05,19.508333333333333,27.920833333333334,709.5,0.0,27.179166666666664,84.29166666666667,3.9583333333333335,1.6,973.2583333333333,181.0548979948734,chiang_mai,False,0,14.325000000000001,False
2023-10-06,14.325000000000001,20.483333333333334,493.4583333333333,0.0,26.7625,83.75,3.6833333333333336,12.9,972.8333333333334,203.45758789366,chiang_mai,False,0,12.862499999999999,False
2023-10-07,12.862499999999999,18.3875,543.375,0.0,24.7625,91.375,2.5833333333333335,15.6,973.6958333333333,33.07830240188275,chiang_mai,False,0,10.608333333333333,False
2023-10-08,10.608333333333333,15.1875,520.0,0.0,25.045833333333334,89.5,3.4458333333333333,15.8,974.9083333333333,342.8498908042088,chiang_mai,False,0,10.695833333333333,False
2023-10-09,10.695833333333333,15.262500000000001,559.2083333333334,0.0,24.491666666666664,90.95833333333333,3.4583333333333335,20.7,975.8583333333332,325.68650142415413,chiang_mai,False,0,14.3375,False
2023-10-10,14.3375,20.495833333333334,677.375,0.0,24.84583333333333,88.33333333333333,4.104166666666667,34.300000000000004,976.7333333333332,305.46127430923053,chiang_mai,False,0,14.716666666666667,False
2023-10-11,14.716666666666667,21.070833333333333,704.7916666666666,0.0,24.854166666666668,88.66666666666667,3.795833333333333,8.2,977.5833333333334,266.60631424924804,chiang_mai,False,0,14.700000000000001,False
2023-10-12,14.700000000000001,21.033333333333335,603.875,0.0,25.40833333333333,86.66666666666667,3.391666666666667,4.2,978.5541666666667,297.7021572169292,chiang_mai,False,0,11.375,False
2023-10-13,11.375,16.366666666666667,551.5,0.0,25.325,89.375,3.5583333333333336,12.6,978.0458333333332,336.49521194205636,chiang_mai,False,0,11.725,False
2023-10-14,11.725,16.758333333333333,547.5416666666666,0.0,25.325,88.95833333333333,2.8083333333333336,7.6,976.0375,276.15021411983537,chiang_mai,False,0,13.166666666666666,False
2023-10-15,13.166666666666666,18.816666666666666,588.3333333333334,0.0,25.120833333333334,88.0,4.283333333333333,8.2,974.875,351.41326416880054,chiang_mai,False,0,13.479166666666666,False
2023-10-16,13.479166666666666,19.245833333333334,695.0416666666666,0.0,24.587500000000002,90.79166666666667,3.641666666666667,4.5,976.4125,53.19331722065465,chiang_mai,False,0,19.1375,False
2023-10-17,19.1375,27.391666666666666,860.125,0.0,25.458333333333332,84.25,3.8708333333333336,0.2,976.6916666666666,341.7102838965747,chiang_mai,False,0,28.308333333333334,False
2023-10-18,28.308333333333334,40.5625,1142.5416666666667,0.0,25.816666666666666,82.91666666666667,4.520833333333333,0.9,976.8041666666667,11.480901924381385,chiang_mai,False,0,19.908333333333335,False
2023-10-19,19.908333333333335,28.479166666666668,792.0,0.0,25.741666666666664,85.79166666666667,3.154166666666667,2.0,976.4625,322.1983987126502,chiang_mai,False,0,23.420833333333334,False
2023-10-20,23.420833333333334,33.454166666666666,705.75,0.0,25.741666666666664,84.58333333333333,3.7916666666666665,0.5,977.0041666666666,340.61925647505063,chiang_mai,False,0,14.720833333333333,False
2023-10-21,14.720833333333333,21.041666666666668,649.9166666666666,0.0,24.787499999999998,86.45833333333333,3.1458333333333335,3.9000000000000004,978.9041666666667,344.73139441779165,chiang_mai,False,0,15.895833333333334,False
2023-10-22,15.895833333333334,22.741666666666664,721.7083333333334,0.0,24.816666666666666,86.58333333333333,4.7875000000000005,8.3,979.2916666666666,349.40528756304695,chiang_mai,False,0,19.120833333333334,False
2023-10-23,19.120833333333334,27.333333333333332,699.5,0.0,24.84166666666667,85.16666666666667,2.6833333333333336,0.8,978.5458333333332,275.336395703352,chiang_mai,False,0,27.224999999999998,False
2023-10-24,27.224999999999998,38.92916666666667,898.125,0.0,25.5625,84.58333333333333,3.533333333333333,0.0,977.9458333333333,333.74646285990906,chiang_mai,False,0,17.104166666666668,False
2023-10-25,17.104166666666668,24.53333333333333,737.625,0.0,26.150000000000002,84.5,3.5875,0.3,977.4708333333333,359.4712174932897,chiang_mai,False,0,19.5,False
2023-10-26,19.5,27.96666666666667,769.0,0.0,26.2375,84.0,3.079166666666667,0.4,976.8458333333333,355.85344348605383,chiang_mai,False,0,14.512500000000001,False
2023-10-27,14.512500000000001,20.8125,597.4583333333334,0.0,25.645833333333332,87.375,2.766666666666667,4.7,976.5,3.0861604879652305,chiang_mai,False,0,12.454166666666666,False
2023-10-28,12.454166666666666,17.833333333333332,503.9166666666667,0.0,25.47083333333333,84.66666666666667,3.654166666666667,1.5,976.6,34.88900897225653,chiang_mai,False,0,14.6,False
2023-10-29,14.6,20.879166666666666,536.0,0.0,25.395833333333332,85.75,3.0208333333333335,1.8,976.85,330.62132551662387,chiang_mai,False,0,9.741666666666667,False
2023-10-30,9.741666666666667,13.916666666666666,476.75,0.0,24.520833333333332,88.95833333333333,4.6125,12.2,978.0291666666667,334.4407526690865,chiang_mai,False,0,14.216666666666667,False
2023-10-31,14.216666666666667,20.329166666666666,641.2083333333334,0.0,24.15833333333333,87.83333333333333,3.5375,1.8,979.7041666666668,347.629443601668,chiang_mai,False,0,21.575,False
2023-11-01,21.575,30.962500000000002,850.7083333333334,0.0,25.0125,82.375,3.0708333333333333,0.2,979.4791666666666,324.04121625094945,chiang_mai,False,0,25.724999999999998,False
2023-11-02,25.724999999999998,36.925000000000004,1026.0,0.0,25.129166666666666,85.75,3.3375,0.5,977.6374999999999,328.74612424562093,chiang_mai,False,0,17.425,False
2023-11-03,17.425,25.05,763.0833333333334,0.0,25.433333333333334,88.20833333333333,3.6333333333333333,0.6000000000000001,975.4875000000001,5.2425189166922905,chiang_mai,False,0,23.175,False
2023-11-04,23.175,33.17916666666667,889.0,0.0,24.883333333333336,89.45833333333333,3.375,7.6,975.7208333333333,330.45225031754626,chiang_mai,False,0,24.15416666666667,False
2023-11-05,24.15416666666667,34.541666666666664,877.4166666666666,0.0,25.433333333333334,87.08333333333333,2.9000000000000004,3.0,976.7708333333334,323.664975218601,chiang_mai,False,0,23.03333333333333,False
2023-11-06,23.03333333333333,33.045833333333334,865.5833333333334,0.0,26.25,81.29166666666667,2.75,0.1,977.2166666666667,30.065051672539198,chiang_mai,False,0,23.445833333333336,False
2023-11-07,23.445833333333336,33.5875,909.0833333333334,0.0,25.3875,85.66666666666667,4.241666666666666,1.9,977.4708333333333,339.2710892021134,chiang_mai,False,0,23.275000000000002,False
2023-11-08,23.275000000000002,33.36666666666667,677.5833333333334,0.0,25.066666666666666,87.0,3.404166666666667,3.1,976.5500000000001,303.72256052837685,chiang_mai,False,0,28.2,False
2023-11-09,28.2,40.354166666666664,902.0833333333334,0.0,25.55,85.16666666666667,3.358333333333333,0.9,976.7875,207.34086078188213,chiang_mai,False,0,32.083333333333336,False
2023-11-10,32.083333333333336,45.99166666666667,1083.6666666666667,0.0,26.583333333333332,77.79166666666667,2.7624999999999997,1.1,977.8916666666668,301.23288641246927,chiang_mai,False,0,31.683333333333334,False
2023-11-11,31.683333333333334,45.46666666666667,1073.5833333333333,0.0,26.662499999999998,77.125,3.475,0.0,978.3375,331.8479357865667,chiang_mai,False,0,30.55,False
2023-11-12,30.55,43.80416666666667,1058.9583333333333,0.0,26.241666666666664,79.625,3.9000000000000004,0.0,978.8333333333334,342.45745786978716,chiang_mai,False,0,15.445833333333333,False
2023-11-13,15.445833333333333,22.287499999999998,630.9583333333334,0.0,25.441666666666666,83.875,3.4125,2.9,979.2666666666668,338.94686525942046,chiang_mai,False,0,12.7875,False
2023-11-14,12.7875,18.529166666666665,647.0,0.0,25.066666666666666,85.45833333333333,3.6666666666666665,12.5,980.3916666666668,291.3988019076021,chiang_mai,False,0,20.645833333333332,False
2023-11-15,20.645833333333332,29.741666666666664,922.2916666666666,0.0,25.6125,80.08333333333333,4.329166666666667,0.0,980.3166666666666,339.7084060333718,chiang_mai,False,0,20.920833333333334,False
2023-11-16,20.920833333333334,30.079166666666666,952.2916666666666,0.0,24.933333333333334,82.54166666666667,4.933333333333334,3.9000000000000004,981.2916666666666,348.1321222137113,chiang_mai,False,0,11.383333333333333,False
2023-11-17,11.383333333333333,16.366666666666667,642.0833333333334,0.0,23.104166666666668,72.75,11.591666666666667,1.5,982.9333333333334,330.62774678234575,chiang_mai,False,0,19.087500000000002,False
2023-11-18,19.087500000000002,27.416666666666668,928.875,0.0,21.879166666666666,73.04166666666667,4.591666666666667,0.0,981.9666666666667,356.7110687814034,chiang_mai,False,0,15.862499999999999,False
2023-11-19,15.862499999999999,22.71666666666667,920.2083333333334,0.0,22.175,70.16666666666667,5.754166666666666,0.0,980.9083333333333,349.62352445778765,chiang_mai,False,0,18.325,False
2023-11-20,18.325,26.63333333333333,893.8333333333334,0.0,22.120833333333334,74.58333333333333,3.891666666666667,0.0,980.0791666666668,355.0013291747694,chiang_mai,False,0,25.491666666666664,False
2023-11-21,25.491666666666664,36.7625,1072.2916666666667,0.0,22.275000000000002,82.54166666666667,3.9166666666666665,0.0,977.9875000000001,335.77918761898945,chiang_mai,False,0,31.6875,False
2023-11-22,31.6875,45.541666666666664,1143.4583333333333,0.0,23.204166666666666,78.5,3.6333333333333333,0.0,976.5916666666667,283.30500945016104,chiang_mai,False,0,30.662499999999998,False
2023-11-23,30.662499999999998,44.324999999999996,1048.7083333333333,0.0,23.59583333333333,76.41666666666667,4.491666666666666,0.0,976.9,326.099742704029,chiang_mai,False,0,23.816666666666666,False
2023-11-24,23.816666666666666,34.9,926.0833333333334,0.0,23.254166666666666,79.04166666666667,4.8999999999999995,0.0,978.5208333333334,306.0473375063492,chiang_mai,False,0,19.587500000000002,False
2023-11-25,19.587500000000002,28.78333333333333,866.5,0.0,23.820833333333336,77.29166666666667,4.375,0.0,979.1291666666666,339.6495980560965,chiang_mai,False,0,17.162499999999998,False
2023-11-26,17.162499999999998,24.929166666666664,691.0416666666666,0.25,23.416666666666668,76.33333333333333,5.216666666666667,0.0,979.85,334.24068690924184,chiang_mai,False,0,16.662499999999998,False
2023-11-27,16.662499999999998,24.462500000000002,672.125,0.0,23.245833333333334,72.29166666666667,4.979166666666667,0.0,979.5541666666667,350.01870094089196,chiang_mai,False,0,17.875,False
2023-11-28,17.875,26.075,773.9583333333334,0.0,22.287499999999998,72.0,5.529166666666666,0.0,978.3625000000001,347.6332620965219,chiang_mai,False,0,23.620833333333334,False
2023-11-29,23.620833333333334,34.275,886.625,0.0,22.712500000000002,71.45833333333333,4.354166666666667,0.0,978.6416666666668,332.5856481135363,chiang_mai,False,0,30.079166666666666,False
2023-11-30,30.079166666666666,43.512499999999996,1057.7916666666667,0.0,23.566666666666666,74.125,4.620833333333334,0.0,979.3375,334.37556928843577,chiang_mai,False,0,23.058333333333334,False
2023-12-01,23.058333333333334,33.425000000000004,813.1666666666666,0.0,24.016666666666666,77.5,4.066666666666666,0.0,979.0083333333333,351.2937000871709,chiang_mai,False,0,15.65,False
2023-12-02,15.65,22.5625,777.7083333333334,0.0,24.879166666666666,78.95833333333333,3.8000000000000003,0.1,978.875,325.25400367579675,chiang_mai,False,0,13.120833333333332,False
2023-12-03,13.120833333333332,18.908333333333335,695.125,0.0,24.787499999999998,80.58333333333333,4.941666666666666,0.4,979.0791666666668,7.3024714899356695,chiang_mai,False,0,18.641666666666666,False
2023-12-04,18.641666666666666,26.883333333333336,940.3333333333334,0.0,25.02916666666667,79.45833333333333,3.6750000000000003,0.0,977.9041666666667,348.3265429688693,chiang_mai,False,0,20.208333333333332,False
2023-12-05,20.208333333333332,29.25,911.5833333333334,0.0,25.204166666666666,80.33333333333333,4.125,0.0,976.9291666666667,223.93469546999998,chiang_mai,False,0,14.641666666666666,False
2023-12-06,14.641666666666666,21.099999999999998,622.125,0.0,25.425,79.91666666666667,3.220833333333333,0.1,977.9083333333333,330.7648373044858,chiang_mai,False,0,14.566666666666668,False
2023-12-07,14.566666666666668,20.870833333333334,677.7083333333334,0.0,24.8625,82.08333333333333,4.658333333333333,39.5,978.2416666666667,253.37113844412613,chiang_mai,False,0,12.450000000000001,False
2023-12-08,12.450000000000001,17.841666666666665,721.4166666666666,0.0,24.3,87.04166666666667,4.154166666666667,3.6,977.4375,204.2290330212292,chiang_mai,False,0,19.833333333333332,False
2023-12-09,19.833333333333332,28.4875,1027.125,0.0,25.016666666666666,83.83333333333333,2.8083333333333336,0.8,976.2291666666666,218.57490035423714,chiang_mai,False,0,17.708333333333332,False
2023-12-10,17.708333333333332,25.40416666666667,870.7083333333334,0.0,25.245833333333334,83.33333333333333,3.4166666666666665,0.1,974.7833333333333,202.80907645036575,chiang_mai,False,0,20.108333333333334,False
2023-12-11,20.108333333333334,28.795833333333334,967.9583333333334,0.0,25.366666666666664,81.54166666666667,3.4875000000000003,0.0,975.9625,269.4932216970228,chiang_mai,False,0,23.8125,False
2023-12-12,23.8125,34.074999999999996,880.6666666666666,0.0,25.358333333333334,82.20833333333333,4.045833333333333,0.2,976.1625,301.7293682086514,chiang_mai,False,0,27.599999999999998,False
2023-12-13,27.599999999999998,38.27916666666667,935.125,0.0,24.833333333333332,82.04166666666667,4.741666666666666,0.3,977.5791666666668,250.46599460799217,chiang_mai,False,0,25.383333333333336,False
2023-12-14,25.383333333333336,33.637499999999996,865.8333333333334,0.0,24.766666666666666,77.91666666666667,3.4375,0.0,978.6458333333334,228.5600588327712,chiang_mai,False,0,22.6125,False
2023-12-15,22.6125,36.541666666666664,878.3333333333334,0.0,24.40416666666667,77.29166666666667,3.4250000000000003,0.0,978.0833333333334,285.35326328387686,chiang_mai,False,0,21.875,False
2023-12-16,21.875,31.604166666666668,866.0833333333334,0.0,23.520833333333332,77.45833333333333,3.9625,0.0,977.8833333333333,337.0051284013213,chiang_mai,False,0,23.545833333333334,False
2023-12-17,23.545833333333334,34.175000000000004,772.25,0.0,23.150000000000002,76.375,4.104166666666667,0.0,978.9375,323.4730833889199,chiang_mai,False,0,26.991666666666664,False
2023-12-18,26.991666666666664,39.12083333333333,917.25,0.0,23.541666666666668,78.25,4.245833333333334,0.2,979.5833333333334,315.06123023514857,chiang_mai,False,0,27.02916666666667,False
2023-12-19,27.02916666666667,38.88333333333333,1031.375,0.0,23.5,76.33333333333333,3.8666666666666667,0.0,979.4458333333333,353.42354510656645,chiang_mai,False,0,26.525000000000002,False
2023-12-20,26.525000000000002,38.4125,1035.9583333333333,0.25,22.875,72.58333333333333,4.554166666666666,0.0,978.9708333333333,335.3846988841444,chiang_mai,False,0,22.054166666666664,False
2023-12-21,22.054166666666664,31.808333333333334,949.5,0.0,22.662499999999998,76.20833333333333,5.016666666666667,0.0,979.6125000000001,230.50917689849055,chiang_mai,False,0,18.224999999999998,False
2023-12-22,18.224999999999998,26.258333333333336,811.875,0.0,22.275000000000002,68.375,6.7749999999999995,0.0,982.2624999999999,179.45247424661216,chiang_mai,False,0,17.508333333333333,False
2023-12-23,17.508333333333333,25.525000000000002,668.4166666666666,0.0,19.691666666666666,70.33333333333333,5.920833333333333,0.0,984.4041666666667,312.84768254053336,chiang_mai,False,0,16.033333333333335,False
2023-12-24,16.033333333333335,23.583333333333332,670.625,0.0,19.104166666666668,66.41666666666667,4.941666666666666,0.0,984.8458333333333,348.4688967341723,chiang_mai,False,0,18.270833333333332,False
2023-12-25,18.270833333333332,26.629166666666666,771.0,0.0,19.5375,67.33333333333333,4.7875,0.0,983.3708333333334,323.81157799287087,chiang_mai,False,0,27.241666666666664,False
2023-12-26,27.241666666666664,39.458333333333336,1081.0833333333333,0.0,20.254166666666666,71.41666666666667,4.529166666666667,0.0,982.6583333333333,340.9645162835403,chiang_mai,False,0,24.40416666666667,False
2023-12-27,24.40416666666667,35.170833333333334,1028.9166666666667,0.0,21.204166666666666,72.91666666666667,4.3500000000000005,0.0,982.6208333333334,335.7961701340374,chiang_mai,False,0,23.425,False
2023-12-28,23.425,33.7125,964.375,0.0,21.72083333333333,73.0,4.8,0.0,981.0875,332.2690742988471,chiang_mai,False,0,23.462500000000002,False
2023-12-29,23.462500000000002,33.762499999999996,923.5833333333334,0.125,22.166666666666668,69.5,4.2250000000000005,0.0,979.8874999999999,347.7082077312531,chiang_mai,False,0,22.808333333333334,False
2023-12-30,22.808333333333334,32.80416666666667,848.2083333333334,0.375,21.97083333333333,69.41666666666667,3.9416666666666664,0.0,978.7291666666666,330.7689993228198,chiang_mai,False,0,21.158333333333335,False
2023-12-31,21.158333333333335,30.383333333333336,845.625,0.125,21.808333333333334,69.75,4.075,0.0,978.4625,318.0395018878119,chiang_mai,False,0,21.245833333333334,False
2024-01-01,21.245833333333334,30.520833333333332,843.5416666666666,0.125,21.787499999999998,71.25,4.408333333333333,0.0,978.0083333333333,331.313200493127,chiang_mai,False,0,16.820833333333333,False
2024-01-02,16.820833333333333,24.083333333333332,904.625,0.0,22.212500000000002,68.54166666666667,3.6958333333333333,0.0,977.7416666666667,329.61150013671573,chiang_mai,False,0,20.375,False
2024-01-03,20.375,29.133333333333336,881.0416666666666,0.0,22.241666666666664,69.16666666666667,4.391666666666667,0.0,977.9916666666667,333.759548894855,chiang_mai,False,0,21.025000000000002,False
2024-01-04,21.025000000000002,30.287499999999998,850.875,0.0,22.445833333333336,70.5,4.629166666666666,0.0,978.1291666666666,280.35049882689157,chiang_mai,False,0,16.658333333333335,False
2024-01-05,16.658333333333335,24.170833333333334,790.75,0.0,22.995833333333334,67.625,3.5416666666666665,0.0,978.3541666666666,316.63422371408126,chiang_mai,False,0,18.645833333333332,False
2024-01-06,18.645833333333332,27.108333333333334,879.375,0.0,22.90416666666667,70.58333333333333,3.7874999999999996,0.0,978.5833333333334,335.89332635979474,chiang_mai,False,0,18.620833333333334,False
2024-01-07,18.620833333333334,26.97083333333333,875.125,0.0,23.616666666666664,74.0,4.241666666666666,0.1,978.4416666666666,300.7415920574428,chiang_mai,False,0,18.570833333333333,False
2024-01-08,18.570833333333333,26.900000000000002,770.4583333333334,0.0,23.833333333333332,72.20833333333333,3.5041666666666664,0.0,977.9208333333332,334.98175232705006,chiang_mai,False,0,15.258333333333333,False
2024-01-09,15.258333333333333,22.1125,807.5,0.0,24.054166666666664,69.04166666666667,3.404166666666667,0.0,976.5416666666666,345.1815645023552,chiang_mai,False,0,15.133333333333333,False
2024-01-10,15.133333333333333,21.891666666666666,781.4583333333334,0.0,23.445833333333336,64.75,3.4458333333333333,0.0,975.7083333333334,338.28971222173044,chiang_mai,False,0,17.170833333333334,False
2024-01-11,17.170833333333334,24.925,792.5833333333334,0.0,23.441666666666666,64.70833333333333,3.8708333333333336,0.0,976.1750000000001,334.6759750238938,chiang_mai,False,0,15.666666666666666,False
2024-01-12,15.666666666666666,22.620833333333334,826.0,0.0,23.3875,66.375,3.1,0.0,975.6875,334.2351730151806,chiang_mai,False,0,16.570833333333333,False
2024-01-13,16.570833333333333,23.754166666666666,740.0416666666666,0.0,23.90833333333333,62.333333333333336,3.058333333333333,0.0,976.3625000000001,313.911697930894,chiang_mai,False,0,22.820833333333336,False
2024-01-14,22.820833333333336,32.87916666666667,652.6666666666666,0.0,22.84166666666667,80.54166666666667,4.458333333333333,4.1,978.5666666666666,251.45936682946626,chiang_mai,False,0,16.304166666666667,False
2024-01-15,16.304166666666667,23.604166666666668,643.2916666666666,0.0,22.34583333333333,83.375,5.795833333333333,7.4,978.8583333333332,288.4324502626011,chiang_mai,False,0,19.150000000000002,False
2024-01-16,19.150000000000002,27.704166666666666,728.375,0.0,21.866666666666664,84.5,4.020833333333333,3.1,978.2583333333333,278.35493874850926,chiang_mai,False,0,16.941666666666666,False
2024-01-17,16.941666666666666,24.429166666666664,805.5833333333334,0.0,21.895833333333332,81.95833333333333,4.595833333333333,2.0,977.6791666666667,342.06923876627127,chiang_mai,False,0,20.099999999999998,False
2024-01-18,20.099999999999998,29.070833333333336,976.0,0.0,22.066666666666666,78.54166666666667,4.1875,0.0,977.1625,335.31104562171333,chiang_mai,False,0,13.504166666666668,False
2024-01-19,13.504166666666668,19.491666666666667,891.375,0.0,22.483333333333334,68.08333333333333,3.6291666666666664,0.0,976.5958333333333,347.00652113966765,chiang_mai,False,0,14.966666666666667,False
2024-01-20,14.966666666666667,21.675,785.2916666666666,0.0,20.962500000000002,64.375,3.391666666666666,0.0,976.75,325.1821416394273,chiang_mai,False,0,14.583333333333334,False
2024-01-21,14.583333333333334,21.154166666666665,805.0833333333334,0.0,20.8125,61.541666666666664,3.9958333333333336,0.0,977.3291666666668,2.118121221348872,chiang_mai,False,0,19.216666666666665,False
2024-01-22,19.216666666666665,27.979166666666668,810.125,0.625,21.054166666666667,59.708333333333336,2.7125,0.0,978.3708333333334,295.30635302313334,chiang_mai,False,0,19.2,False
2024-01-23,19.2,28.020833333333332,727.3333333333334,0.25,21.5625,63.166666666666664,4.366666666666666,0.0,978.6999999999999,270.06994817495615,chiang_mai,False,0,17.595833333333335,False
2024-01-24,17.595833333333335,25.433333333333334,590.75,0.0,22.129166666666666,72.375,6.108333333333333,0.30000000000000004,980.1999999999999,208.45352901054446,chiang_mai,False,0,26.05,False
2024-01-25,26.05,37.74583333333333,677.0833333333334,0.0,22.066666666666666,74.66666666666667,7.008333333333333,0.1,982.1750000000001,202.45251351773413,chiang_mai,False,0,16.520833333333332,False
2024-01-26,16.520833333333332,23.775000000000002,645.9583333333334,0.0,20.75,78.95833333333333,5.908333333333334,0.0,982.9625,211.79463853994153,chiang_mai,False,0,17.412499999999998,False
2024-01-27,17.412499999999998,25.120833333333334,628.75,0.0,20.775000000000002,81.625,5.025,0.0,981.775,243.57869693978307,chiang_mai,False,0,15.345833333333333,False
2024-01-28,15.345833333333333,22.179166666666664,680.2083333333334,0.0,21.229166666666668,84.58333333333333,5.125,1.5,980.9333333333334,243.66834567444351,chiang_mai,False,0,15.916666666666666,False
2024-01-29,15.916666666666666,23.058333333333334,607.2916666666666,0.125,22.791666666666668,81.5,6.329166666666667,1.5,980.2916666666666,167.66858384189436,chiang_mai,False,0,15.191666666666668,False
2024-01-30,15.191666666666668,21.958333333333332,455.0,0.0,22.433333333333334,83.58333333333333,5.045833333333333,1.4,979.7291666666666,199.94591348097538,chiang_mai,False,0,12.708333333333334,False
2024-01-31,12.708333333333334,18.2625,530.8333333333334,0.0,22.175,79.16666666666667,3.0041666666666664,0.0,979.4125,186.7485210590927,chiang_mai,False,0,13.395833333333334,False
2024-02-01,13.395833333333334,19.287499999999998,761.375,0.0,22.854166666666668,63.458333333333336,3.1958333333333333,0.0,979.2624999999999,297.9107328228771,chiang_mai,False,0,12.237499999999999,False
2024-02-02,12.237499999999999,17.587500000000002,764.8333333333334,0.0,22.554166666666664,60.958333333333336,3.845833333333333,0.0,978.1333333333333,340.99190098992005,chiang_mai,False,0,14.833333333333334,False
2024-02-03,14.833333333333334,21.641666666666666,772.375,0.25,22.6375,56.916666666666664,4.3625,0.0,977.9041666666667,342.09851755283523,chiang_mai,False,0,23.5125,False
2024-02-04,23.5125,36.041666666666664,709.0833333333334,1.125,21.7625,56.583333333333336,3.0541666666666667,0.0,978.4833333333332,295.4620335592731,chiang_mai,False,0,18.758333333333333,False
2024-02-05,18.758333333333333,28.099999999999998,827.375,1.4583333333333333,23.129166666666666,54.666666666666664,3.7416666666666667,0.0,978.4,324.07480646201367,chiang_mai,False,0,18.695833333333333,False
2024-02-06,18.695833333333333,28.28333333333333,874.3333333333334,4.125,23.333333333333332,56.333333333333336,2.8791666666666664,0.0,978.5541666666667,299.4065536064076,chiang_mai,False,0,20.920833333333334,False
2024-02-07,20.920833333333334,32.4,850.375,7.333333333333333,23.15416666666667,60.125,3.1,0.0,977.3958333333334,304.50905448901426,chiang_mai,False,0,24.537499999999998,False
2024-02-08,24.537499999999998,38.8125,819.125,7.458333333333333,24.233333333333334,54.75,3.15,0.0,975.75,285.073840114261,chiang_mai,False,0,24.275000000000002,False
2024-02-09,24.275000000000002,36.737500000000004,803.0833333333334,4.75,25.27916666666667,56.541666666666664,3.795833333333333,0.0,976.8458333333333,292.1314698361717,chiang_mai,False,0,24.666666666666668,False
2024-02-10,24.666666666666668,36.333333333333336,576.7083333333334,2.5,25.241666666666664,70.25,7.758333333333333,2.4,980.1083333333332,214.29476927981804,chiang_mai,False,0,37.15,False
2024-02-11,37.15,53.824999999999996,765.625,0.75,23.65416666666667,75.54166666666667,6.108333333333333,1.4000000000000001,983.5500000000001,212.69629390782458,chiang_mai,False,0,37.09166666666667,False
2024-02-12,37.09166666666667,54.30416666666667,1115.4166666666667,1.2916666666666667,23.245833333333334,69.08333333333333,5.2250000000000005,0.0,982.3666666666667,267.79907563960904,chiang_mai,False,0,22.337500000000002,False
2024-02-13,22.337500000000002,32.65833333333333,912.25,0.625,24.566666666666666,60.541666666666664,3.733333333333333,0.0,980.3708333333334,286.5807198730208,chiang_mai,False,0,19.974999999999998,False
2024-02-14,19.974999999999998,29.425,822.6666666666666,0.625,24.495833333333334,59.041666666666664,4.029166666666667,0.0,978.6750000000001,324.2039713961625,chiang_mai,False,0,24.120833333333334,False
2024-02-15,24.120833333333334,35.166666666666664,966.5,0.25,24.354166666666668,57.833333333333336,4.379166666666666,0.0,978.6416666666668,323.7333791815342,chiang_mai,False,0,22.641666666666666,False
2024-02-16,22.641666666666666,32.7875,815.625,0.125,25.045833333333334,56.75,4.466666666666667,0.0,978.1,273.2427464329943,chiang_mai,False,0,19.358333333333334,False
2024-02-17,19.358333333333334,28.479166666666668,688.9166666666666,0.375,24.90416666666667,61.041666666666664,4.341666666666667,0.0,975.5958333333333,358.8829406777573,chiang_mai,False,0,15.708333333333334,False
2024-02-18,15.708333333333334,23.308333333333334,793.75,0.625,23.27916666666667,58.708333333333336,5.0125,0.0,975.525,334.83138209080806,chiang_mai,False,0,15.933333333333332,False
2024-02-19,15.933333333333332,23.3875,770.2083333333334,0.375,22.916666666666668,57.5,4.845833333333333,0.0,975.7583333333333,353.20640785233826,chiang_mai,False,0,14.808333333333332,False
2024-02-20,14.808333333333332,21.7,716.4583333333334,0.125,23.858333333333334,55.791666666666664,6.654166666666666,0.0,974.75,300.11618258087964,chiang_mai,False,0,17.620833333333334,False
2024-02-21,17.620833333333334,26.175,757.9583333333334,1.1666666666666667,22.599999999999998,53.25,4.3374999999999995,0.0,975.1208333333334,355.4957977284361,chiang_mai,False,0,20.625,False
2024-02-22,20.625,30.695833333333336,837.875,1.125,23.875,49.833333333333336,4.204166666666667,0.0,976.2458333333334,330.1071742367682,chiang_mai,False,0,16.920833333333334,False
2024-02-23,16.920833333333334,24.866666666666664,869.5,0.375,25.441666666666666,46.208333333333336,4.6000000000000005,0.0,976.9125,253.34275617804494,chiang_mai,False,0,19.6375,False
2024-02-24,19.6375,28.741666666666664,799.6666666666666,0.25,23.983333333333334,48.125,3.995833333333333,0.0,976.9708333333333,348.7982215446663,chiang_mai,False,0,23.116666666666664,False
2024-02-25,23.116666666666664,33.94166666666667,802.2916666666666,0.0,26.287499999999998,48.125,2.529166666666667,0.0,976.8291666666668,329.2754973493813,chiang_mai,False,0,30.224999999999998,False
2024-02-26,30.224999999999998,44.15,667.6666666666666,0.0,26.604166666666668,50.25,4.579166666666667,0.0,977.1125000000001,311.9105596363727,chiang_mai,False,0,29.129166666666666,False
2024-02-27,29.129166666666666,42.512499999999996,622.5833333333334,0.0,27.333333333333332,62.25,6.629166666666666,0.0,976.2833333333333,228.4856249622189,chiang_mai,False,0,20.808333333333334,False
2024-02-28,20.808333333333334,30.3,542.25,0.0,27.891666666666666,57.416666666666664,6.429166666666667,0.0,974.6875,196.95248563441473,chiang_mai,False,0,15.270833333333334,False
2024-02-29,15.270833333333334,22.258333333333336,603.375,0.5,26.400000000000002,52.291666666666664,5.2749999999999995,0.0,974.5291666666667,339.3545703570008,chiang_mai,False,0,19.016666666666666,False
2024-03-01,19.016666666666666,27.933333333333334,664.0416666666666,0.5833333333333334,26.84583333333333,47.708333333333336,4.004166666666667,0.0,975.1625,335.39458401698835,chiang_mai,False,0,21.84583333333333,False
2024-03-02,21.84583333333333,32.11666666666667,506.0,0.75,28.245833333333334,46.458333333333336,5.3125,0.0,975.4583333333334,207.95316207121897,chiang_mai,False,0,18.191666666666666,False
2024-03-03,18.191666666666666,27.008333333333336,476.1666666666667,0.6666666666666666,27.8875,54.25,5.983333333333333,0.1,974.9875000000001,216.1455910112608,chiang_mai,False,0,15.420833333333334,False
2024-03-04,15.420833333333334,22.849999999999998,626.875,0.625,26.891666666666666,49.666666666666664,5.1875,0.0,973.9041666666667,355.89468146534256,chiang_mai,False,0,22.958333333333332,False
2024-03-05,22.958333333333332,34.012499999999996,725.4583333333334,1.2083333333333333,26.95,47.916666666666664,4.220833333333333,0.0,973.2041666666668,337.86786061486333,chiang_mai,False,0,30.97083333333333,False
2024-03-06,30.97083333333333,45.4375,880.875,1.5,27.170833333333334,43.666666666666664,3.9,0.0,972.475,324.81980223909073,chiang_mai,False,0,40.475,True
2024-03-07,40.475,59.6,953.2083333333334,1.25,28.083333333333332,44.416666666666664,4.383333333333334,0.0,972.6083333333332,343.158825287558,chiang_mai,True,2,34.3125,False
2024-03-08,34.3125,50.875,712.2916666666666,0.7083333333333334,28.820833333333336,47.666666666666664,5.841666666666666,0.0,972.9791666666666,221.27738413304132,chiang_mai,False,0,18.679166666666667,False
2024-03-09,18.679166666666667,27.6375,512.9166666666666,0.5,28.7,42.125,6.533333333333334,0.0,973.5541666666667,236.79268309640307,chiang_mai,False,0,20.254166666666666,False
2024-03-10,20.254166666666666,30.358333333333334,624.25,1.4583333333333333,28.633333333333336,39.833333333333336,5.683333333333334,0.0,975.7041666666668,217.62036155966436,chiang_mai,False,0,19.391666666666666,False
2024-03-11,19.391666666666666,29.316666666666666,640.8333333333334,1.625,28.5,40.416666666666664,5.125,0.0,977.0583333333333,6.541001534077907,chiang_mai,False,0,20.108333333333334,False
2024-03-12,20.108333333333334,30.104166666666668,396.9166666666667,0.6666666666666666,28.958333333333332,39.708333333333336,6.979166666666667,0.0,975.7875,270.8719322991436,chiang_mai,False,0,14.4125,False
2024-03-13,14.4125,21.2625,528.875,0.5,27.104166666666668,46.541666666666664,6.55,0.0,975.1458333333334,204.15296958797086,chiang_mai,False,0,30.52916666666667,False
2024-03-14,30.52916666666667,45.36666666666667,795.7916666666666,2.75,26.458333333333332,41.708333333333336,3.8833333333333333,0.0,975.0166666666668,336.20680523402007,chiang_mai,False,0,47.520833333333336,True
2024-03-15,47.520833333333336,70.39583333333333,1108.2083333333333,2.125,28.275000000000002,38.541666666666664,3.0124999999999997,0.0,975.1666666666666,294.75626206345356,chiang_mai,True,2,44.96666666666667,True
2024-03-16,44.96666666666667,68.08333333333333,895.4583333333334,1.9166666666666667,29.133333333333336,40.0,5.420833333333333,0.0,975.85,93.21237195333737,chiang_mai,True,3,40.1,True
2024-03-17,40.1,62.48333333333333,591.125,2.0416666666666665,29.545833333333334,43.333333333333336,4.979166666666667,0.4,975.6750000000001,77.94106573663959,chiang_mai,True,4,33.954166666666666,False
2024-03-18,33.954166666666666,52.225,684.8333333333334,1.4166666666666667,29.97083333333333,43.958333333333336,4.991666666666666,0.0,974.6875,356.2695696208943,chiang_mai,False,0,44.47083333333333,True
2024-03-19,44.47083333333333,67.01666666666667,783.7083333333334,1.7916666666666667,29.3875,48.458333333333336,5.875,0.8999999999999999,975.375,350.8790247505095,chiang_mai,True,2,26.933333333333334,False
2024-03-20,26.933333333333334,38.80833333333333,605.2916666666666,0.0,26.129166666666666,72.29166666666667,6.691666666666666,7.0,979.6125000000001,188.58398452271382,chiang_mai,False,0,25.645833333333332,False
2024-03-21,25.645833333333332,36.90416666666667,712.5416666666666,0.0,26.066666666666666,73.58333333333333,4.783333333333333,0.1,977.15,165.7282173453201,chiang_mai,False,0,22.1125,False
2024-03-22,22.1125,32.229166666666664,674.0416666666666,0.25,26.770833333333332,65.45833333333333,4.195833333333334,0.1,973.3416666666667,312.6782156037849,chiang_mai,False,0,15.525,False
2024-03-23,15.525,23.041666666666668,628.7916666666666,0.75,27.3125,48.583333333333336,7.0625,0.0,972.3666666666667,253.46414752159922,chiang_mai,False,0,15.8125,False
2024-03-24,15.8125,23.78333333333333,524.875,1.9166666666666667,26.458333333333332,43.541666666666664,5.158333333333333,0.0,974.525,355.8976054546035,chiang_mai,False,0,19.974999999999998,False
2024-03-25,19.974999999999998,29.933333333333334,604.0833333333334,2.7083333333333335,27.641666666666666,40.458333333333336,4.541666666666667,0.0,975.2208333333333,321.26444596733603,chiang_mai,False,0,26.4875,False
2024-03-26,26.4875,39.50416666666667,637.875,2.5833333333333335,28.433333333333334,39.375,5.745833333333334,0.0,976.025,254.58813026625035,chiang_mai,False,0,24.287499999999998,False
2024-03-27,24.287499999999998,36.69583333333333,457.5416666666667,2.125,30.479166666666668,43.708333333333336,7.491666666666667,0.0,977.3791666666666,175.63502171740242,chiang_mai,False,0,21.041666666666668,False
2024-03-28,21.041666666666668,32.4,542.9583333333334,2.375,28.9875,44.666666666666664,5.470833333333334,0.0,974.7375000000001,355.949246916959,chiang_mai,False,0,23.420833333333334,False
2024-03-29,23.420833333333334,36.354166666666664,625.9583333333334,2.125,29.891666666666666,35.625,6.266666666666667,0.0,974.2375000000001,255.97917770270314,chiang_mai,False,0,25.433333333333334,False
2024-03-30,25.433333333333334,40.21666666666666,655.8333333333334,4.958333333333333,29.104166666666668,42.416666666666664,6.491666666666667,0.0,975.0375,248.54850181573698,chiang_mai,False,0,32.791666666666664,False
2024-03-31,32.791666666666664,52.90833333333333,718.7916666666666,5.791666666666667,29.925,42.75,5.845833333333334,0.0,974.3416666666667,264.7037087700694,chiang_mai,False,0,29.229166666666668,False
2024-04-01,29.229166666666668,46.90833333333333,631.9583333333334,3.8333333333333335,30.575,40.416666666666664,4.05,0.0,972.1583333333333,353.57140929024183,chiang_mai,False,0,28.6375,False
2024-04-02,28.6375,45.10833333333333,691.8333333333334,2.4583333333333335,30.508333333333336,39.458333333333336,4.791666666666667,0.0,970.7916666666666,272.6365959723859,chiang_mai,False,0,36.90416666666667,False
2024-04-03,36.90416666666667,57.95416666666667,669.125,3.875,30.604166666666668,38.0,5.154166666666667,0.0,971.5666666666666,322.0314395396448,chiang_mai,False,0,30.254166666666666,False
2024-04-04,30.254166666666666,47.6625,691.5416666666666,2.7083333333333335,31.233333333333334,42.583333333333336,4.0249999999999995,0.0,971.5666666666666,191.73102357335904,chiang_mai,False,0,33.65833333333333,False
2024-04-05,33.65833333333333,52.50416666666666,712.8333333333334,3.9583333333333335,31.954166666666666,42.083333333333336,5.5,0.0,970.8375,121.74243045957905,chiang_mai,False,0,36.74583333333333,False
2024-04-06,36.74583333333333,57.84166666666667,597.0416666666666,4.125,33.1875,43.458333333333336,6.075,0.0,971.3041666666667,123.43046408250763,chiang_mai,False,0,35.858333333333334,False
2024-04-07,35.858333333333334,55.395833333333336,627.3333333333334,1.7916666666666667,33.6875,42.416666666666664,5.895833333333333,0.0,971.1833333333334,172.07130051665217,chiang_mai,False,0,34.15416666666667,False
2024-04-08,34.15416666666667,52.050000000000004,601.9166666666666,1.125,33.02916666666666,42.458333333333336,4.7375,0.0,972.6166666666667,151.83662029056705,chiang_mai,False,0,37.65,True
2024-04-09,37.65,56.40833333333333,765.625,0.5416666666666666,33.016666666666666,41.25,5.245833333333334,0.30000000000000004,973.5958333333333,137.15506342921458,chiang_mai,True,2,42.74166666666667,True
2024-04-10,42.74166666666667,62.99583333333334,678.375,0.375,30.620833333333334,52.041666666666664,6.120833333333334,0.0,976.2083333333334,184.37947579981736,chiang_mai,True,3,41.329166666666666,True
2024-04-11,41.329166666666666,60.112500000000004,684.75,0.375,29.90416666666667,58.166666666666664,5.1875,0.0,976.1,223.9399002691517,chiang_mai,True,4,30.170833333333334,False
2024-04-12,30.170833333333334,44.0875,731.2083333333334,0.125,30.59583333333333,53.5,4.720833333333333,0.0,975.0833333333334,275.6473354351025,chiang_mai,False,0,33.86666666666667,False
2024-04-13,33.86666666666667,49.8375,576.4583333333334,0.2916666666666667,30.491666666666664,55.333333333333336,4.570833333333334,0.1,974.1625,9.065616905166053,chiang_mai,False,0,25.9375,False
2024-04-14,25.9375,37.975,710.7916666666666,0.25,30.795833333333334,51.458333333333336,5.508333333333333,1.4,974.2083333333334,337.5396303755305,chiang_mai,False,0,26.483333333333334,False
2024-04-15,26.483333333333334,39.11666666666667,683.625,0.875,28.691666666666666,67.29166666666667,5.866666666666667,7.2,974.9291666666667,308.79323831245017,chiang_mai,False,0,26.3625,False
2024-04-16,26.3625,39.25833333333333,705.9583333333334,0.9166666666666666,30.670833333333334,58.208333333333336,4.625,0.0,973.2041666666668,266.16541139640384,chiang_mai,False,0,20.7375,False
2024-04-17,20.7375,31.40416666666667,569.25,1.2083333333333333,31.8875,45.333333333333336,5.279166666666667,0.0,971.7958333333332,240.55248654142034,chiang_mai,False,0,27.383333333333336,False
2024-04-18,27.383333333333336,42.79583333333333,576.2916666666666,2.5833333333333335,31.233333333333334,43.916666666666664,4.495833333333334,0.39999999999999997,971.0041666666666,306.1151406709591,chiang_mai,False,0,30.675,False
2024-04-19,30.675,49.333333333333336,604.25,4.625,30.875,53.25,5.233333333333333,0.1,969.5958333333333,259.71203624810676,chiang_mai,False,0,25.650000000000002,False
2024-04-20,25.650000000000002,41.53333333333333,559.5416666666666,6.958333333333333,31.433333333333334,48.583333333333336,5.8125,0.0,969.2083333333334,213.88427265920595,chiang_mai,False,0,23.2375,False
2024-04-21,23.2375,37.229166666666664,569.875,7.25,32.65833333333333,41.458333333333336,5.520833333333333,0.0,970.0291666666667,274.51398300413956,chiang_mai,False,0,25.120833333333334,False
2024-04-22,25.120833333333334,41.5875,464.6666666666667,9.0,32.7875,41.916666666666664,6.920833333333333,0.0,969.9375,150.59282167074002,chiang_mai,False,0,27.266666666666666,False
2024-04-23,27.266666666666666,43.1625,501.9166666666667,2.875,32.75416666666667,44.375,5.666666666666667,0.0,969.5583333333334,219.83330482357647,chiang_mai,False,0,24.695833333333336,False
2024-04-24,24.695833333333336,38.4125,517.5416666666666,1.8333333333333333,33.53333333333333,42.458333333333336,5.916666666666667,0.3,969.9250000000001,203.76767857553645,chiang_mai,False,0,26.816666666666666,False
2024-04-25,26.816666666666666,41.949999999999996,505.5416666666667,2.3333333333333335,31.954166666666666,49.25,4.495833333333334,0.39999999999999997,970.6416666666668,111.4166056790861,chiang_mai,False,0,22.291666666666668,False
2024-04-26,22.291666666666668,34.88333333333333,520.0833333333334,1.625,31.983333333333334,47.375,4.6125,0.1,969.8791666666666,266.52510024503215,chiang_mai,False,0,30.195833333333336,False
2024-04-27,30.195833333333336,47.1,549.7916666666666,2.4166666666666665,32.75,42.291666666666664,4.029166666666667,0.0,969.6458333333334,233.62670150508205,chiang_mai,False,0,30.566666666666666,False
2024-04-28,30.566666666666666,48.24166666666667,452.875,3.125,32.854166666666664,43.25,4.75,0.0,970.2458333333334,229.43276401363238,chiang_mai,False,0,26.683333333333334,False
2024-04-29,26.683333333333334,42.36666666666667,471.1666666666667,2.6666666666666665,33.65416666666667,44.333333333333336,5.441666666666666,0.0,970.7583333333333,225.80239088042885,chiang_mai,False,0,24.650000000000002,False
2024-04-30,24.650000000000002,38.333333333333336,454.7083333333333,1.7083333333333333,33.99166666666667,38.958333333333336,5.4750000000000005,0.0,968.3833333333333,233.3996625930344,chiang_mai,False,0,26.870833333333334,False
2024-05-01,26.870833333333334,40.775,501.7083333333333,1.875,33.75416666666667,39.625,5.016666666666667,0.30000000000000004,967.9166666666666,205.46036521462452,chiang_mai,False,0,35.09166666666667,False
2024-05-02,35.09166666666667,53.95416666666666,446.5,2.625,33.641666666666666,41.458333333333336,5.8500000000000005,0.0,968.9291666666667,244.660489855864,chiang_mai,False,0,29.070833333333336,False
2024-05-03,29.070833333333336,43.770833333333336,477.9583333333333,0.7083333333333334,31.229166666666668,55.458333333333336,2.845833333333333,2.9,971.4541666666668,20.54583807578416,chiang_mai,False,0,26.375,False
2024-05-04,26.375,40.12916666666667,553.2083333333334,2.0,30.27916666666667,58.583333333333336,3.720833333333333,0.0,970.8583333333332,350.12731608103564,chiang_mai,False,0,21.691666666666666,False
2024-05-05,21.691666666666666,33.262499999999996,474.0,1.4166666666666667,31.45,54.666666666666664,4.595833333333333,0.0,969.7958333333332,248.09867348479543,chiang_mai,False,0,26.704166666666666,False
2024-05-06,26.704166666666666,42.65,580.1666666666666,4.333333333333333,32.145833333333336,45.5,4.3,0.0,972.0166666666668,38.09495330306396,chiang_mai,False,0,35.34583333333334,False
2024-05-07,35.34583333333334,54.5875,550.0833333333334,3.5416666666666665,30.754166666666666,53.583333333333336,7.195833333333333,0.30000000000000004,974.8458333333333,130.25804958413738,chiang_mai,False,0,33.791666666666664,False
2024-05-08,33.791666666666664,50.71666666666667,453.0833333333333,2.8333333333333335,28.9875,65.45833333333333,5.0625,17.0,975.0333333333333,215.05582280749115,chiang_mai,False,0,29.325,False
2024-05-09,29.325,44.09166666666667,472.5,2.25,28.575,71.70833333333333,5.6000000000000005,2.0,973.75,239.08200733868827,chiang_mai,False,0,21.97083333333333,False
2024-05-10,21.97083333333333,32.333333333333336,393.3333333333333,0.625,27.4375,76.75,5.416666666666667,16.6,974.8458333333333,227.5242576151125,chiang_mai,False,0,22.612499999999997,False
2024-05-11,22.612499999999997,33.045833333333334,470.1666666666667,0.4583333333333333,27.454166666666666,76.08333333333333,5.145833333333333,24.9,975.6833333333334,249.50655573247758,chiang_mai,False,0,18.458333333333332,False
2024-05-12,18.458333333333332,26.679166666666664,576.1666666666666,0.0,28.558333333333334,73.125,3.6958333333333333,1.3,974.8916666666668,246.096836735019,chiang_mai,False,0,23.400000000000002,False
2024-05-13,23.400000000000002,34.275,536.7083333333334,1.0,29.400000000000002,72.25,4.2625,1.0999999999999999,973.6583333333333,268.10171825609405,chiang_mai,False,0,19.6125,False
2024-05-14,19.6125,28.6875,503.4583333333333,0.9166666666666666,29.974999999999998,68.29166666666667,3.6625,4.9,973.9291666666667,232.36097479227496,chiang_mai,False,0,19.204166666666666,False
2024-05-15,19.204166666666666,27.758333333333336,638.2916666666666,0.4166666666666667,29.3875,73.29166666666667,3.529166666666667,13.799999999999999,974.625,237.8753764486328,chiang_mai,False,0,27.15833333333333,False
2024-05-16,27.15833333333333,39.074999999999996,783.0833333333334,0.375,31.383333333333336,62.791666666666664,5.666666666666667,3.9000000000000004,974.1041666666666,184.5502434445895,chiang_mai,False,0,22.21666666666667,False
2024-05-17,22.21666666666667,31.895833333333332,535.7916666666666,0.0,28.2,79.625,6.004166666666666,24.3,973.4041666666667,197.17746039955887,chiang_mai,False,0,17.441666666666666,False
2024-05-18,17.441666666666666,25.083333333333332,554.4166666666666,0.0,29.1375,77.5,3.404166666666667,7.1,971.0916666666667,277.3422569203253,chiang_mai,False,0,18.670833333333334,False
2024-05-19,18.670833333333334,26.95,705.5833333333334,0.125,30.52916666666667,70.16666666666667,3.85,3.3,969.2791666666667,101.00973303293438,chiang_mai,False,0,15.35,False
2024-05-20,15.35,22.34166666666667,460.8333333333333,0.5,29.433333333333334,72.04166666666667,3.7375000000000003,39.2,969.5749999999999,60.313929431855,chiang_mai,False,0,13.783333333333333,False
2024-05-21,13.783333333333333,19.708333333333332,490.0833333333333,0.0,26.662499999999998,83.29166666666667,3.6333333333333333,30.3,972.1083333333332,164.13532801745612,chiang_mai,False,0,11.4125,False
2024-05-22,11.4125,16.304166666666667,509.6666666666667,0.0,26.979166666666668,81.04166666666667,4.458333333333333,22.8,972.3208333333333,352.7041155769095,chiang_mai,False,0,15.85,False
2024-05-23,15.85,22.65416666666667,621.625,0.0,26.008333333333336,86.29166666666667,4.916666666666667,36.800000000000004,971.7708333333334,306.5240178792735,chiang_mai,False,0,7.841666666666666,False
2024-05-24,7.841666666666666,11.2125,392.4166666666667,0.0,25.083333333333332,90.20833333333333,4.345833333333333,49.1,971.4458333333333,225.68478823677145,chiang_mai,False,0,6.091666666666666,False
2024-05-25,6.091666666666666,8.729166666666666,352.0833333333333,0.0,24.9875,90.54166666666667,4.8500000000000005,37.1,971.9958333333334,212.914346292246,chiang_mai,False,0,5.595833333333334,False
2024-05-26,5.595833333333334,8.008333333333333,333.5416666666667,0.0,25.833333333333332,89.875,5.041666666666667,21.1,972.3541666666666,195.09685322034676,chiang_mai,False,0,6.929166666666667,False
2024-05-27,6.929166666666667,9.945833333333333,382.5416666666667,0.0,26.77916666666667,86.41666666666667,4.491666666666666,19.0,971.125,213.04575816344882,chiang_mai,False,0,8.958333333333334,False
2024-05-28,8.958333333333334,12.845833333333333,420.9583333333333,0.2916666666666667,27.941666666666666,82.41666666666667,5.1125,5.3,970.4875000000001,175.9371069875482,chiang_mai,False,0,12.354166666666666,False
2024-05-29,12.354166666666666,17.766666666666666,490.625,0.375,27.90833333333333,82.0,4.7749999999999995,5.0,969.9541666666668,179.04553968572804,chiang_mai,False,0,16.474999999999998,False
2024-05-30,16.474999999999998,24.825,576.7083333333334,2.3333333333333335,28.833333333333332,80.41666666666667,4.420833333333333,0.8,969.4916666666667,139.6012278672328,chiang_mai,False,0,20.8625,False
2024-05-31,20.8625,33.391666666666666,573.2083333333334,8.083333333333334,29.054166666666664,82.29166666666667,4.558333333333334,5.3,969.6583333333333,131.65844053043372,chiang_mai,False,0,14.245833333333332,False
2024-06-01,14.245833333333332,21.383333333333336,516.0,2.5833333333333335,26.983333333333334,86.33333333333333,4.570833333333334,11.1,972.4291666666667,228.5307984734899,chiang_mai,False,0,7.6499999999999995,False
2024-06-02,7.6499999999999995,10.958333333333334,344.3333333333333,0.0,26.8875,85.79166666666667,3.358333333333333,12.9,973.8541666666666,194.87616146135272,chiang_mai,False,0,9.737499999999999,False
2024-06-03,9.737499999999999,13.829166666666666,492.0833333333333,0.0,26.787499999999998,86.54166666666667,4.395833333333333,4.9,972.3666666666667,111.31123297297552,chiang_mai,False,0,13.25,False
2024-06-04,13.25,19.2375,665.875,1.2916666666666667,27.775000000000002,80.83333333333333,4.1125,3.9000000000000004,971.5833333333334,150.35594740134752,chiang_mai,False,0,15.579166666666666,False
2024-06-05,15.579166666666666,23.179166666666664,595.4583333333334,3.75,27.308333333333334,82.16666666666667,4.320833333333334,5.2,971.5375,126.16345592683462,chiang_mai,False,0,10.758333333333333,False
2024-06-06,10.758333333333333,15.387500000000001,459.4583333333333,0.5833333333333334,27.358333333333334,81.75,4.766666666666667,5.3,972.1374999999999,219.50608628944696,chiang_mai,False,0,10.0,False
2024-06-07,10.0,14.174999999999999,467.3333333333333,0.08333333333333333,27.391666666666666,82.91666666666667,4.983333333333333,6.1,970.5124999999999,300.15230326038414,chiang_mai,False,0,13.283333333333333,False
2024-06-08,13.283333333333333,19.25,587.5416666666666,1.5,27.133333333333336,84.375,3.7416666666666667,12.7,969.0916666666667,113.92022003610475,chiang_mai,False,0,15.883333333333333,False
2024-06-09,15.883333333333333,24.412499999999998,638.7083333333334,6.583333333333333,27.1375,85.20833333333333,3.7458333333333336,3.4,968.7208333333333,146.10663404377328,chiang_mai,False,0,12.058333333333332,False
2024-06-10,12.058333333333332,17.470833333333335,396.2916666666667,1.6666666666666667,26.416666666666668,87.16666666666667,4.329166666666667,20.1,969.9625,198.83589330552726,chiang_mai,False,0,8.1,False
2024-06-11,8.1,11.512500000000001,355.625,0.125,25.754166666666666,89.5,5.25,37.0,971.2791666666667,215.4003809697995,chiang_mai,False,0,6.695833333333333,False
2024-06-12,6.695833333333333,9.487499999999999,320.5416666666667,0.0,26.97083333333333,82.45833333333333,5.670833333333333,3.1,972.7041666666668,179.47454207400926,chiang_mai,False,0,7.25,False
2024-06-13,7.25,10.379166666666666,384.25,0.0,26.425,84.95833333333333,3.7875,9.4,972.1750000000001,135.5876834454087,chiang_mai,False,0,6.083333333333333,False
2024-06-14,6.083333333333333,8.716666666666667,346.7916666666667,0.0,27.287499999999998,80.91666666666667,5.179166666666667,2.5,970.0916666666667,175.0723609592451,chiang_mai,False,0,11.4125,False
2024-06-15,11.4125,16.55,563.9583333333334,0.7916666666666666,27.90833333333333,81.29166666666667,3.404166666666667,4.9,969.7083333333334,110.75116016228117,chiang_mai,False,0,15.0,False
2024-06-16,15.0,21.45,877.9166666666666,0.125,27.483333333333334,83.54166666666667,4.0125,12.9,970.6666666666666,60.09232055513678,chiang_mai,False,0,12.470833333333333,False
2024-06-17,12.470833333333333,17.820833333333333,727.9583333333334,0.2916666666666667,27.004166666666666,84.66666666666667,4.166666666666667,15.3,970.875,105.75394277643579,chiang_mai,False,0,10.15,False
2024-06-18,10.15,14.9125,526.0833333333334,1.6666666666666667,27.03333333333333,84.25,4.783333333333333,12.8,970.1083333333332,134.89363564060238,chiang_mai,False,0,8.941666666666666,False
2024-06-19,8.941666666666666,12.754166666666668,467.625,0.875,27.425,79.08333333333333,4.241666666666666,2.9,969.625,121.1095591166968,chiang_mai,False,0,8.3375,False
2024-06-20,8.3375,11.841666666666667,463.0416666666667,0.125,28.066666666666666,77.83333333333333,3.7083333333333335,1.2,969.2041666666668,95.22557302485751,chiang_mai,False,0,10.6,False
2024-06-21,10.6,15.166666666666666,505.375,0.08333333333333333,28.104166666666668,80.0,4.0,1.8000000000000003,968.5708333333333,193.5208450244912,chiang_mai,False,0,14.054166666666667,False
2024-06-22,14.054166666666667,20.224999999999998,494.5416666666667,0.375,28.708333333333332,79.33333333333333,4.229166666666667,2.1,967.9416666666666,92.42992329459128,chiang_mai,False,0,14.391666666666666,False
2024-06-23,14.391666666666666,20.5625,539.2083333333334,0.0,27.745833333333334,81.375,4.495833333333334,2.6,968.7666666666668,171.59104507690438,chiang_mai,False,0,13.700000000000001,False
2024-06-24,13.700000000000001,19.4375,431.9583333333333,0.0,26.650000000000002,86.79166666666667,5.341666666666666,2.7,968.7083333333334,158.50107726654664,chiang_mai,False,0,14.191666666666668,False
2024-06-25,14.191666666666668,20.191666666666666,446.5416666666667,0.0,26.3875,86.45833333333333,3.875,7.0,968.5416666666666,160.9220075048081,chiang_mai,False,0,8.708333333333334,False
2024-06-26,8.708333333333334,12.4,376.125,0.0,25.558333333333334,89.70833333333333,4.5,25.9,970.5208333333334,208.54040131141747,chiang_mai,False,0,6.9875,False
2024-06-27,6.9875,9.991666666666667,336.0,0.0,26.104166666666668,87.0,5.483333333333333,19.5,972.8416666666667,262.7417729591334,chiang_mai,False,0,11.104166666666666,False
2024-06-28,11.104166666666666,15.845833333333333,499.0833333333333,0.08333333333333333,27.28333333333333,84.16666666666667,3.9458333333333333,2.2,971.9250000000001,132.49063696913834,chiang_mai,False,0,10.6875,False
2024-06-29,10.6875,15.116666666666667,421.3333333333333,0.08333333333333333,27.462500000000002,83.0,4.329166666666667,24.5,971.9,99.05599655942035,chiang_mai,False,0,8.970833333333333,False
2024-06-30,8.970833333333333,12.883333333333333,398.2083333333333,0.8333333333333334,26.733333333333334,88.16666666666667,4.066666666666666,26.3,972.7541666666666,106.88521392216865,chiang_mai,False,0,8.391666666666667,False
2024-07-01,8.391666666666667,12.1875,409.6666666666667,0.5,26.541666666666668,83.0,5.0125,1.1,971.6833333333334,156.1870870471729,chiang_mai,False,0,10.470833333333333,False
2024-07-02,10.470833333333333,15.549999999999999,549.5416666666666,2.1666666666666665,27.0625,80.29166666666667,4.154166666666667,16.6,970.5666666666666,56.99858468871179,chiang_mai,False,0,10.404166666666667,False
2024-07-03,10.404166666666667,15.2875,518.9583333333334,1.875,26.945833333333336,82.83333333333333,4.220833333333333,11.5,971.5708333333333,127.74853545940152,chiang_mai,False,0,10.095833333333333,False
2024-07-04,10.095833333333333,14.420833333333334,366.6666666666667,0.6666666666666666,26.445833333333336,86.875,3.4375,11.3,973.3708333333334,277.96244741058246,chiang_mai,False,0,11.845833333333333,False
2024-07-05,11.845833333333333,17.054166666666667,413.3333333333333,1.5416666666666667,26.070833333333336,88.08333333333333,3.454166666666667,19.099999999999998,971.5291666666667,281.223404324921,chiang_mai,False,0,12.033333333333333,False
2024-07-06,12.033333333333333,17.150000000000002,400.5833333333333,1.5833333333333333,26.391666666666666,85.70833333333333,3.9458333333333333,16.7,970.5875,264.58343387337464,chiang_mai,False,0,8.341666666666667,False
2024-07-07,8.341666666666667,11.879166666666668,335.5833333333333,0.5,26.804166666666664,83.83333333333333,5.045833333333333,3.7,971.0291666666667,240.85955689519722,chiang_mai,False,0,7.6875,False
2024-07-08,7.6875,10.908333333333333,342.7916666666667,0.0,26.541666666666668,85.75,4.495833333333334,25.3,971.4375,234.78292291327315,chiang_mai,False,0,12.820833333333333,False
2024-07-09,12.820833333333333,18.220833333333335,420.375,0.9166666666666666,26.900000000000002,85.70833333333333,3.9,6.6,972.0375,150.55705405842485,chiang_mai,False,0,16.2625,False
2024-07-10,16.2625,22.954166666666666,585.0,0.9166666666666666,27.25,82.33333333333333,3.5583333333333336,28.3,972.3375,128.50724054185832,chiang_mai,False,0,10.954166666666666,False
2024-07-11,10.954166666666666,15.629166666666668,486.9166666666667,0.625,26.545833333333334,88.16666666666667,3.4291666666666667,13.600000000000001,970.9583333333334,132.03927933058907,chiang_mai,False,0,11.554166666666667,False
2024-07-12,11.554166666666667,16.395833333333332,640.625,0.08333333333333333,26.958333333333332,83.70833333333333,4.6499999999999995,12.0,969.2708333333334,116.85217513885948,chiang_mai,False,0,10.933333333333332,False
2024-07-13,10.933333333333332,15.508333333333333,614.2916666666666,0.16666666666666666,27.170833333333334,82.5,4.8125,4.9,967.475,155.25980706471796,chiang_mai,False,0,9.987499999999999,False
2024-07-14,9.987499999999999,14.158333333333333,452.75,0.0,27.150000000000002,83.29166666666667,4.804166666666666,7.1,968.4583333333334,191.78666141040796,chiang_mai,False,0,13.733333333333334,False
2024-07-15,13.733333333333334,19.5,660.7916666666666,0.20833333333333334,27.008333333333336,86.375,3.7291666666666665,5.8,970.4208333333332,250.51251245384827,chiang_mai,False,0,11.625,False
2024-07-16,11.625,16.525000000000002,521.2083333333334,0.0,26.96666666666667,87.08333333333333,2.954166666666667,26.8,969.5749999999999,96.90561240730858,chiang_mai,False,0,12.395833333333334,False
2024-07-17,12.395833333333334,17.708333333333332,467.625,0.0,26.95,85.41666666666667,4.175,7.800000000000001,969.1541666666667,328.14273606108765,chiang_mai,False,0,14.483333333333334,False
2024-07-18,14.483333333333334,20.662499999999998,639.2083333333334,0.0,26.308333333333334,88.79166666666667,4.133333333333334,11.700000000000001,969.1875,170.8345654387831,chiang_mai,False,0,10.195833333333333,False
2024-07-19,10.195833333333333,14.545833333333334,477.3333333333333,0.0,26.170833333333334,89.95833333333333,4.1000000000000005,38.2,968.8708333333334,118.88789575990575,chiang_mai,False,0,10.154166666666667,False
2024-07-20,10.154166666666667,14.479166666666666,504.375,0.0,26.504166666666666,87.75,3.608333333333333,16.9,970.4791666666666,91.28098447998877,chiang_mai,False,0,8.1625,False
2024-07-21,8.1625,11.637500000000001,448.9166666666667,0.0,26.504166666666666,86.33333333333333,3.0416666666666665,18.7,971.3249999999999,48.83629229688256,chiang_mai,False,0,10.016666666666667,False
2024-07-22,10.016666666666667,14.308333333333332,554.9583333333334,0.0,25.675,89.625,3.6833333333333336,10.2,971.75,153.93205278687014,chiang_mai,False,0,9.908333333333333,False
2024-07-23,9.908333333333333,14.174999999999999,504.0833333333333,0.16666666666666666,26.662499999999998,86.04166666666667,4.258333333333334,9.5,969.4875000000001,147.7193227312601,chiang_mai,False,0,8.595833333333333,False
2024-07-24,8.595833333333333,12.341666666666667,541.9583333333334,0.20833333333333334,26.09583333333333,87.79166666666667,4.6499999999999995,19.9,966.5083333333333,149.4782162179224,chiang_mai,False,0,6.070833333333333,False
2024-07-25,6.070833333333333,8.679166666666667,394.0833333333333,0.0,26.608333333333334,85.33333333333333,5.491666666666666,2.8000000000000003,965.4916666666667,170.8551960052307,chiang_mai,False,0,5.841666666666666,False
2024-07-26,5.841666666666666,8.341666666666667,315.0833333333333,0.08333333333333333,25.333333333333332,91.25,5.083333333333333,34.6,967.2791666666667,160.19416980867413,chiang_mai,False,0,6.270833333333333,False
2024-07-27,6.270833333333333,8.945833333333333,339.375,0.0,26.370833333333334,86.66666666666667,4.608333333333333,16.799999999999997,969.5875,48.45871836816195,chiang_mai,False,0,7.0375000000000005,False
2024-07-28,7.0375000000000005,10.033333333333333,340.2916666666667,0.0,25.704166666666666,89.75,4.858333333333333,27.9,969.4833333333332,151.40501319494297,chiang_mai,False,0,7.6875,False
2024-07-29,7.6875,10.950000000000001,370.375,0.0,26.34166666666667,86.58333333333333,3.6875,22.5,969.1083333333332,90.2105202569133,chiang_mai,False,0,7.9125000000000005,False
2024-07-30,7.9125000000000005,11.5,404.0416666666667,1.0416666666666667,25.333333333333332,91.5,3.5625,19.5,970.4666666666667,138.02934260660066,chiang_mai,False,0,6.5125,False
2024-07-31,6.5125,9.275,344.4583333333333,0.375,24.879166666666666,93.75,3.6208333333333336,36.3,971.6333333333333,148.69063182630157,chiang_mai,False,0,5.770833333333333,False
2024-08-01,5.770833333333333,8.208333333333334,359.0,0.08333333333333333,24.541666666666668,92.5,3.470833333333333,37.8,972.8083333333334,202.7404214157464,chiang_mai,False,0,6.925,False
2024-08-02,6.925,9.904166666666667,461.4166666666667,0.125,24.6875,92.33333333333333,3.704166666666667,10.1,972.725,129.66132797644116,chiang_mai,False,0,9.475,False
2024-08-03,9.475,13.529166666666667,489.5416666666667,0.4583333333333333,25.5625,89.04166666666667,4.408333333333333,18.3,973.0,143.89630441666424,chiang_mai,False,0,11.495833333333332,False
2024-08-04,11.495833333333332,16.375,485.375,0.5833333333333334,25.84166666666667,87.95833333333333,3.9125,11.6,972.8083333333334,99.18331646821929,chiang_mai,False,0,11.112499999999999,False
2024-08-05,11.112499999999999,15.766666666666666,439.0,0.625,25.858333333333334,87.54166666666667,3.625,25.7,972.2916666666666,115.18237568038603,chiang_mai,False,0,11.929166666666667,False
2024-08-06,11.929166666666667,16.7375,463.9166666666667,0.5833333333333334,25.96666666666667,86.54166666666667,3.966666666666667,17.1,971.7541666666666,214.3618193139863,chiang_mai,False,0,12.5,False
2024-08-07,12.5,17.270833333333332,447.7916666666667,0.20833333333333334,26.420833333333334,85.25,3.8375,17.1,972.3958333333334,272.1204041929945,chiang_mai,False,0,15.033333333333333,False
2024-08-08,15.033333333333333,20.904166666666665,599.7083333333334,0.4583333333333333,26.579166666666666,87.16666666666667,4.075,14.4,973.275,90.92738731839387,chiang_mai,False,0,17.416666666666668,False
2024-08-09,17.416666666666668,24.620833333333334,816.2916666666666,1.375,27.545833333333334,81.875,3.8874999999999997,1.1,972.4416666666666,163.02627651257467,chiang_mai,False,0,12.191666666666668,False
2024-08-10,12.191666666666668,17.433333333333334,627.3333333333334,0.7083333333333334,28.083333333333332,82.25,3.1291666666666664,8.4,970.9416666666666,142.05187279802573,chiang_mai,False,0,12.870833333333332,False
2024-08-11,12.870833333333332,18.683333333333334,657.0833333333334,1.25,27.8125,83.04166666666667,3.654166666666667,6.6,969.4291666666667,57.681151159545664,chiang_mai,False,0,17.1125,False
2024-08-12,17.1125,24.241666666666664,772.5,0.8333333333333334,26.15833333333333,90.83333333333333,3.795833333333333,5.2,969.1208333333334,133.63320668160696,chiang_mai,False,0,11.854166666666666,False
2024-08-13,11.854166666666666,16.783333333333335,519.8333333333334,0.08333333333333333,25.891666666666666,91.83333333333333,3.9416666666666664,21.2,970.1999999999999,153.55670169022017,chiang_mai,False,0,12.975,False
2024-08-14,12.975,18.504166666666666,565.4583333333334,0.8333333333333334,26.166666666666668,88.54166666666667,4.545833333333333,30.799999999999997,971.3041666666667,95.03755263114806,chiang_mai,False,0,11.429166666666667,False
2024-08-15,11.429166666666667,16.083333333333332,555.1666666666666,0.4583333333333333,26.541666666666668,87.79166666666667,3.670833333333333,23.5,970.8958333333334,308.20380463871663,chiang_mai,False,0,14.183333333333332,False
2024-08-16,14.183333333333332,20.054166666666667,596.875,0.0,26.462500000000002,89.0,3.5833333333333335,20.700000000000003,970.6208333333334,68.64400707278696,chiang_mai,False,0,11.254166666666668,False
2024-08-17,11.254166666666668,15.987499999999999,491.2916666666667,0.0,26.474999999999998,88.08333333333333,4.404166666666667,4.8,971.9666666666667,183.81108168628052,chiang_mai,False,0,9.883333333333333,False
2024-08-18,9.883333333333333,14.095833333333333,469.1666666666667,0.0,26.7,87.875,3.7083333333333335,18.0,972.7458333333334,74.382240176062,chiang_mai,False,0,13.591666666666667,False
2024-08-19,13.591666666666667,19.370833333333334,573.125,0.0,26.795833333333334,86.375,3.579166666666667,16.6,972.2208333333333,149.39550349718388,chiang_mai,False,0,16.495833333333334,False
2024-08-20,16.495833333333334,23.504166666666666,710.5416666666666,0.0,25.712500000000002,89.58333333333333,3.829166666666667,4.7,973.0458333333332,146.8368485838563,chiang_mai,False,0,13.020833333333334,False
2024-08-21,13.020833333333334,18.5625,752.25,0.0,25.46666666666667,92.5,3.2541666666666664,10.4,973.3083333333334,105.6117196890151,chiang_mai,False,0,9.783333333333333,False
2024-08-22,9.783333333333333,13.941666666666668,544.5833333333334,0.0,25.8875,88.70833333333333,4.116666666666666,9.3,973.4291666666667,172.01970004794066,chiang_mai,False,0,8.416666666666666,False
2024-08-23,8.416666666666666,11.983333333333334,424.875,0.0,25.412499999999998,88.41666666666667,4.3374999999999995,33.7,974.5625,164.6940306123172,chiang_mai,False,0,10.75,False
2024-08-24,10.75,15.325000000000001,542.2083333333334,0.0,25.583333333333332,88.25,4.841666666666667,12.1,974.4625,340.0572529688745,chiang_mai,False,0,13.025,False
2024-08-25,13.025,18.575,580.875,0.0,26.3,85.20833333333333,3.358333333333333,14.7,973.0625,75.70833237756557,chiang_mai,False,0,13.995833333333332,False
2024-08-26,13.995833333333332,19.8875,794.9166666666666,0.0,26.587500000000002,84.79166666666667,4.458333333333333,5.1,972.0916666666667,152.6154087264282,chiang_mai,False,0,16.833333333333332,False
2024-08-27,16.833333333333332,23.8625,666.6666666666666,0.0,25.420833333333334,90.875,3.3541666666666665,20.2,972.5124999999999,170.6192653240039,chiang_mai,False,0,13.058333333333332,False
2024-08-28,13.058333333333332,18.533333333333335,504.1666666666667,0.0,25.191666666666666,90.875,3.0541666666666667,10.3,971.6416666666668,161.8048220204313,chiang_mai,False,0,9.591666666666667,False
2024-08-29,9.591666666666667,13.616666666666667,434.4583333333333,0.0,25.416666666666668,88.70833333333333,4.2749999999999995,13.2,971.5458333333332,186.29263875625387,chiang_mai,False,0,11.966666666666667,False
2024-08-30,11.966666666666667,17.1125,464.1666666666667,0.0,26.304166666666664,85.625,4.616666666666666,2.5,972.0041666666666,175.26997080233946,chiang_mai,False,0,13.7875,False
2024-08-31,13.7875,19.758333333333333,616.125,0.0,26.208333333333332,86.16666666666667,4.408333333333333,10.200000000000001,972.3125,76.60829426213786,chiang_mai,False,0,14.950000000000001,False
2024-09-01,14.950000000000001,21.349999999999998,583.8333333333334,0.0,26.55,84.625,3.1875,1.2,971.8791666666666,335.5919794121803,chiang_mai,False,0,16.441666666666666,False
2024-09-02,16.441666666666666,23.474999999999998,676.4166666666666,0.0,26.695833333333336,85.75,2.845833333333333,2.3,971.9541666666668,343.4616015929369,chiang_mai,False,0,21.479166666666668,False
2024-09-03,21.479166666666668,30.741666666666664,755.5833333333334,0.0,26.954166666666666,83.125,4.1000000000000005,1.6,972.6458333333334,253.04065761595257,chiang_mai,False,0,19.412499999999998,False
2024-09-04,19.412499999999998,27.8,698.0416666666666,0.0,27.516666666666666,78.0,4.683333333333334,0.0,970.5916666666667,188.12361910226028,chiang_mai,False,0,13.070833333333333,False
2024-09-05,13.070833333333333,18.670833333333334,626.6666666666666,0.0,27.34166666666667,82.625,3.795833333333333,3.1,969.3375,175.17967819212765,chiang_mai,False,0,12.370833333333332,False
2024-09-06,12.370833333333332,17.629166666666666,562.7916666666666,0.08333333333333333,26.883333333333336,83.95833333333333,4.441666666666666,2.3,969.5375,153.1716124954587,chiang_mai,False,0,9.979166666666666,False
2024-09-07,9.979166666666666,14.237499999999999,485.4166666666667,0.20833333333333334,27.516666666666666,80.20833333333333,4.795833333333333,0.2,969.8166666666666,144.03367432216027,chiang_mai,False,0,7.175,False
2024-09-08,7.175,10.241666666666667,468.8333333333333,0.0,26.854166666666668,81.79166666666667,4.8999999999999995,3.0,970.1583333333333,161.19800135669573,chiang_mai,False,0,9.125,False
2024-09-09,9.125,13.020833333333334,518.1666666666666,0.08333333333333333,26.383333333333336,85.625,4.0249999999999995,3.1,969.3291666666668,162.84402800959754,chiang_mai,False,0,6.066666666666666,False
2024-09-10,6.066666666666666,8.658333333333333,412.3333333333333,0.0,24.829166666666666,94.33333333333333,5.295833333333333,24.1,968.6291666666666,148.23076995015572,chiang_mai,False,0,5.875,False
2024-09-11,5.875,8.370833333333334,372.625,0.0,25.099999999999998,89.83333333333333,4.170833333333333,25.5,971.4833333333332,212.22912977416772,chiang_mai,False,0,9.454166666666667,False
2024-09-12,9.454166666666667,13.583333333333334,462.9583333333333,0.0,25.3125,88.70833333333333,3.220833333333333,11.6,972.7541666666666,8.279503027607461,chiang_mai,False,0,12.079166666666666,False
2024-09-13,12.079166666666666,17.629166666666666,610.0833333333334,1.1666666666666667,25.945833333333336,88.04166666666667,3.5708333333333333,10.9,971.2708333333334,329.28109985938073,chiang_mai,False,0,14.679166666666667,False
2024-09-14,14.679166666666667,21.175,712.125,0.8333333333333334,26.454166666666666,87.41666666666667,3.7458333333333336,3.8,969.7875,90.50401932880567,chiang_mai,False,0,18.6375,False
2024-09-15,18.6375,26.708333333333332,730.3333333333334,0.75,26.716666666666665,84.25,3.3666666666666667,11.5,969.4,137.33989822638767,chiang_mai,False,0,19.224999999999998,False
2024-09-16,19.224999999999998,27.92916666666667,796.5,2.1666666666666665,26.7625,84.875,3.6958333333333333,3.4,969.9041666666667,23.098002730445216,chiang_mai,False,0,18.470833333333335,False
2024-09-17,18.470833333333335,26.320833333333336,761.125,0.20833333333333334,26.6875,86.91666666666667,4.441666666666666,28.5,969.8249999999999,353.4068528196105,chiang_mai,False,0,20.179166666666667,False
2024-09-18,20.179166666666667,28.9375,838.7916666666666,0.0,26.5,87.29166666666667,3.7458333333333336,3.4,969.3958333333334,159.6295061292592,chiang_mai,False,0,22.608333333333334,False
2024-09-19,22.608333333333334,32.56666666666667,900.4166666666666,0.0,27.420833333333334,83.125,3.7624999999999997,4.7,968.6041666666666,22.822632333083845,chiang_mai,False,0,24.479166666666668,False
2024-09-20,24.479166666666668,35.199999999999996,965.875,0.0,26.09583333333333,89.75,3.4875000000000003,11.5,968.6833333333334,94.84447349074298,chiang_mai,False,0,22.025000000000002,False
2024-09-21,22.025000000000002,31.670833333333334,723.625,0.0,25.6875,92.16666666666667,3.5625,18.0,969.0500000000001,50.095014498468856,chiang_mai,False,0,15.275,False
2024-09-22,15.275,21.858333333333334,558.375,0.0,25.8,88.625,4.375,20.6,970.0333333333333,303.8332504177664,chiang_mai,False,0,12.299999999999999,False
2024-09-23,12.299999999999999,17.5625,629.2916666666666,0.0,24.429166666666664,92.5,2.0541666666666667,61.6,972.8666666666667,241.75959405778696,chiang_mai,False,0,13.120833333333332,False
2024-09-24,13.120833333333332,18.75,539.0,0.0,24.8125,90.33333333333333,3.3625000000000003,57.9,974.4916666666667,124.20070335528419,chiang_mai,False,0,11.295833333333334,False
2024-09-25,11.295833333333334,16.1375,515.9166666666666,0.20833333333333334,24.400000000000002,91.45833333333333,3.5208333333333335,38.8,975.4833333333332,137.36888264273904,chiang_mai,False,0,10.395833333333334,False
2024-09-26,10.395833333333334,14.825000000000001,397.5,0.4583333333333333,25.145833333333332,88.25,3.4875000000000003,15.100000000000001,975.7708333333334,135.1914553185797,chiang_mai,False,0,19.150000000000002,False
2024-09-27,19.150000000000002,27.3875,700.1666666666666,0.4166666666666667,25.775000000000002,88.16666666666667,2.7708333333333335,4.2,975.5958333333333,299.0987419903764,chiang_mai,False,0,26.770833333333332,False
2024-09-28,26.770833333333332,38.208333333333336,1060.875,0.0,26.90416666666667,86.04166666666667,3.35,0.0,974.1833333333334,354.2585396754796,chiang_mai,False,0,24.1875,False
2024-09-29,24.1875,34.458333333333336,888.875,0.0,27.34583333333333,86.83333333333333,2.5875,3.2,973.0833333333334,29.770046877862512,chiang_mai,False,0,18.45416666666667,False
2024-09-30,18.45416666666667,26.266666666666666,717.6666666666666,0.125,27.28333333333333,87.375,3.65,5.2,971.4583333333334,83.91133970697979,chiang_mai,False,0,14.012500000000001,False
2024-10-01,14.012500000000001,19.879166666666666,622.0416666666666,0.0,25.90416666666667,89.625,4.3374999999999995,31.9,971.2166666666667,166.67043966845335,chiang_mai,False,0,11.975,False
2024-10-02,11.975,17.058333333333334,496.1666666666667,0.0,23.566666666666666,93.45833333333333,5.5375000000000005,49.9,974.1999999999999,265.32700966360153,chiang_mai,False,0,9.995833333333334,False
2024-10-03,9.995833333333334,14.25,489.2916666666667,0.0,23.920833333333334,91.58333333333333,4.879166666666667,64.8,975.4499999999999,255.43615056316492,chiang_mai,False,0,10.504166666666666,False
2024-10-04,10.504166666666666,15.004166666666668,596.3333333333334,0.0,24.854166666666668,87.125,3.795833333333333,43.9,976.65,235.03210877630084,chiang_mai,False,0,16.329166666666666,False
2024-10-05,16.329166666666666,23.395833333333332,750.0833333333334,0.0,25.570833333333336,83.66666666666667,3.3249999999999997,1.6,976.3874999999999,220.61327925658046,chiang_mai,False,0,28.245833333333334,False
2024-10-06,28.245833333333334,40.525,883.0,0.0,26.27916666666667,80.58333333333333,3.85,4.1,976.975,292.88763329276935,chiang_mai,False,0,29.204166666666666,False
2024-10-07,29.204166666666666,41.99583333333333,725.875,0.0,26.3125,83.70833333333333,3.5875,0.30000000000000004,977.7833333333333,292.487253183014,chiang_mai,False,0,26.337500000000002,False
2024-10-08,26.337500000000002,37.69583333333333,834.4583333333334,0.0,26.429166666666664,80.45833333333333,2.5416666666666665,0.0,977.5291666666667,339.2649761143973,chiang_mai,False,0,30.445833333333336,False
2024-10-09,30.445833333333336,43.6875,1030.1666666666667,0.0,26.15833333333333,82.375,3.641666666666667,0.7999999999999999,976.0958333333333,310.0215374186031,chiang_mai,False,0,23.308333333333334,False
2024-10-10,23.308333333333334,33.449999999999996,721.1666666666666,0.0,25.45,86.0,4.3625,8.7,975.7833333333333,315.32380057161737,chiang_mai,False,0,21.220833333333335,False
2024-10-11,21.220833333333335,30.545833333333334,700.9583333333334,0.0,25.366666666666664,86.375,3.5041666666666664,5.1000000000000005,975.5791666666668,352.7973580328809,chiang_mai,False,0,30.2625,False
2024-10-12,30.2625,43.55416666666667,829.4583333333334,0.0,26.287499999999998,79.45833333333333,3.4250000000000003,0.0,976.2666666666668,296.2968175983669,chiang_mai,False,0,33.8875,False
2024-10-13,33.8875,48.92083333333333,1005.7916666666666,0.0,26.45,81.0,3.7624999999999997,0.39999999999999997,976.2958333333332,322.22238912423495,chiang_mai,False,0,21.087500000000002,False
2024-10-14,21.087500000000002,30.337500000000002,741.625,0.0,26.258333333333336,84.58333333333333,3.7083333333333335,1.2,975.625,12.285333849634583,chiang_mai,False,0,23.108333333333334,False
2024-10-15,23.108333333333334,33.145833333333336,783.7083333333334,0.0,26.070833333333336,86.45833333333333,3.6333333333333333,4.2,975.5333333333333,326.96220758301973,chiang_mai,False,0,23.708333333333332,False
2024-10-16,23.708333333333332,34.12083333333333,688.375,0.0,26.45,82.95833333333333,3.75,0.2,975.8249999999999,356.33519415021914,chiang_mai,False,0,15.808333333333332,False
2024-10-17,15.808333333333332,22.65416666666667,645.5833333333334,0.0,26.099999999999998,84.70833333333333,2.954166666666667,9.8,975.7333333333332,273.53922630142887,chiang_mai,False,0,24.129166666666666,False
2024-10-18,24.129166666666666,34.50416666666667,1088.7916666666667,0.0,26.349999999999998,83.45833333333333,4.233333333333333,12.3,975.1875,359.4150967051689,chiang_mai,False,0,23.287499999999998,False
2024-10-19,23.287499999999998,33.375,864.4583333333334,0.0,26.075,85.5,4.383333333333334,2.5999999999999996,976.0375,188.94772039456802,chiang_mai,False,0,17.162499999999998,False
2024-10-20,17.162499999999998,24.5625,763.2083333333334,0.0,25.25,88.875,4.204166666666667,23.3,977.3541666666666,343.48731059575823,chiang_mai,False,0,13.816666666666668,False
2024-10-21,13.816666666666668,19.966666666666665,594.1666666666666,0.0,25.204166666666666,86.125,3.1,9.5,977.2375000000001,312.5676107872666,chiang_mai,False,0,16.625,False
2024-10-22,16.625,23.883333333333336,682.0416666666666,0.0,25.395833333333332,86.875,3.220833333333333,6.0,976.7833333333333,288.4714266248334,chiang_mai,False,0,15.441666666666668,False
2024-10-23,15.441666666666668,22.3625,729.1666666666666,0.0,24.920833333333334,86.125,2.966666666666667,2.5,977.3833333333333,284.36272777348586,chiang_mai,False,0,24.608333333333334,False
2024-10-24,24.608333333333334,35.5375,995.7083333333334,0.0,25.516666666666666,82.08333333333333,3.3000000000000003,0.0,976.2333333333332,347.99618102350473,chiang_mai,False,0,21.316666666666666,False
2024-10-25,21.316666666666666,30.599999999999998,1045.5,0.0,26.070833333333336,83.75,2.7624999999999997,0.1,974.5375,0.18544305360876479,chiang_mai,False,0,16.320833333333333,False
2024-10-26,16.320833333333333,23.7,1673.625,0.0,26.991666666666664,82.375,2.8958333333333335,0.0,972.4291666666667,355.08115967465096,chiang_mai,False,0,14.137500000000001,False
2024-10-27,14.137500000000001,20.3,1794.1666666666667,0.0,27.0,83.70833333333333,3.158333333333333,0.6,971.0541666666667,353.88552970024534,chiang_mai,False,0,14.525,False
2024-10-28,14.525,20.879166666666666,1155.8333333333333,0.0,26.604166666666668,74.75,5.470833333333334,0.0,971.6166666666667,333.7555701969232,chiang_mai,False,0,17.341666666666665,False
2024-10-29,17.341666666666665,24.945833333333336,1780.6666666666667,0.0,25.929166666666664,73.83333333333333,3.391666666666667,0.0,973.2583333333333,348.35091897590803,chiang_mai,False,0,24.541666666666668,False
2024-10-30,24.541666666666668,35.1625,2038.4583333333333,0.0,26.09166666666667,76.125,3.35,0.0,974.9291666666667,18.52496683593114,chiang_mai,False,0,25.141666666666666,False
2024-10-31,25.141666666666666,36.079166666666666,2393.4583333333335,0.25,26.054166666666664,80.20833333333333,3.1208333333333336,0.0,974.7833333333333,346.2976567009928,chiang_mai,False,0,23.641666666666666,False
2024-11-01,23.641666666666666,34.045833333333334,2132.0416666666665,0.25,26.47083333333333,80.20833333333333,3.2458333333333336,0.30000000000000004,975.3333333333334,343.10894239449505,chiang_mai,False,0,19.875,False
2024-11-02,19.875,28.545833333333334,1662.125,0.0,25.254166666666666,82.16666666666667,4.2749999999999995,4.3,977.2791666666667,316.657377439783,chiang_mai,False,0,23.604166666666668,False
2024-11-03,23.604166666666668,33.9,1598.25,0.0,24.708333333333332,79.83333333333333,4.141666666666667,0.7,978.0166666666668,15.2897222338716,chiang_mai,False,0,18.008333333333333,False
2024-11-04,18.008333333333333,25.920833333333334,1488.75,0.0,24.166666666666668,70.58333333333333,4.2625,0.0,977.8208333333333,355.8971016134079,chiang_mai,False,0,17.841666666666665,False
2024-11-05,17.841666666666665,25.837500000000002,949.2083333333334,0.0,24.0625,79.29166666666667,5.304166666666666,1.3,978.9541666666668,330.2461646891927,chiang_mai,False,0,11.450000000000001,False
2024-11-06,11.450000000000001,16.445833333333333,1038.2916666666667,0.0,23.254166666666666,86.20833333333333,4.333333333333333,8.5,979.5875,318.7901000561368,chiang_mai,False,0,14.4375,False
2024-11-07,14.4375,20.995833333333334,973.7083333333334,0.0,22.241666666666664,89.75,3.9416666666666664,12.4,979.4416666666666,294.231210646612,chiang_mai,False,0,15.729166666666666,False
2024-11-08,15.729166666666666,22.691666666666666,879.5416666666666,0.0,22.316666666666666,84.5,6.366666666666667,4.6,979.4,337.95879590392406,chiang_mai,False,0,22.400000000000002,False
2024-11-09,22.400000000000002,32.65,1623.5833333333333,0.0,22.6875,82.25,3.7541666666666664,0.6000000000000001,978.6625,341.225441434123,chiang_mai,False,0,23.6875,False
2024-11-10,23.6875,34.34583333333333,1846.2083333333333,0.0,23.8125,82.54166666666667,3.1791666666666667,0.2,978.0375,0.18549434146387966,chiang_mai,False,0,23.754166666666666,False
2024-11-11,23.754166666666666,34.204166666666666,1845.9583333333333,0.0,23.820833333333336,80.25,3.65,0.0,977.2041666666668,341.0864926710496,chiang_mai,False,0,27.916666666666668,False
2024-11-12,27.916666666666668,36.3375,1915.4166666666667,0.0,24.28333333333333,78.16666666666667,2.7458333333333336,0.0,976.2624999999999,355.5226990313086,chiang_mai,False,0,32.025,False
2024-11-13,32.025,32.141666666666666,1837.375,0.0,25.254166666666666,74.375,2.8833333333333333,0.0,975.1083333333332,305.2373021163296,chiang_mai,False,0,23.96666666666667,False
2024-11-14,23.96666666666667,24.05,1659.25,0.0,25.8625,78.33333333333333,2.2041666666666666,0.0,975.2833333333333,338.49377464745095,chiang_mai,False,0,19.599999999999998,False
2024-11-15,19.599999999999998,19.7625,1454.9583333333333,0.0,26.1375,71.91666666666667,2.9458333333333333,0.0,974.8333333333334,333.58505173322436,chiang_mai,False,0,21.570833333333336,False
2024-11-16,21.570833333333336,21.8625,1347.25,0.0,25.395833333333332,71.79166666666667,3.9333333333333336,0.0,974.7958333333332,323.80779847791206,chiang_mai,False,0,19.2,False
2024-11-17,19.2,19.408333333333335,1341.9166666666667,0.0,25.55,71.45833333333333,4.295833333333333,0.0,975.5166666666668,336.8630392714704,chiang_mai,False,0,24.620833333333334,False
2024-11-18,24.620833333333334,24.775000000000002,1346.5,0.0,24.579166666666666,80.33333333333333,4.216666666666667,0.39999999999999997,977.4583333333334,293.50678596830016,chiang_mai,False,0,24.070833333333336,False
2024-11-19,24.070833333333336,24.245833333333334,1235.125,0.0,24.166666666666668,77.5,3.6041666666666665,0.2,978.4875000000001,341.4866837953764,chiang_mai,False,0,26.88333333333333,False
2024-11-20,26.88333333333333,27.05,1497.875,0.0,24.150000000000002,77.16666666666667,3.3333333333333335,0.1,977.9583333333334,326.2452697365235,chiang_mai,False,0,27.329166666666666,False
2024-11-21,27.329166666666666,27.445833333333336,1497.5416666666667,0.0,24.079166666666666,77.375,3.0124999999999997,0.0,977.5124999999999,321.99734302528657,chiang_mai,False,0,27.21666666666667,False
2024-11-22,27.21666666666667,27.308333333333334,1368.5416666666667,0.0,23.804166666666664,77.125,3.654166666666667,0.0,977.5791666666668,301.09587118776767,chiang_mai,False,0,22.183333333333334,False
2024-11-23,22.183333333333334,22.2625,1389.25,0.0,24.2625,73.75,3.4458333333333333,0.0,978.1750000000001,317.4743870284558,chiang_mai,False,0,29.525000000000002,False
2024-11-24,29.525000000000002,29.712500000000002,1416.2916666666667,0.0,24.116666666666664,79.66666666666667,3.3000000000000003,0.0,977.9833333333332,297.4173404528193,chiang_mai,False,0,33.108333333333334,False
2024-11-25,33.108333333333334,33.35,1412.125,0.0,24.629166666666666,78.33333333333333,2.8083333333333336,0.0,977.5500000000001,281.23048291762365,chiang_mai,False,0,30.825,False
2024-11-26,30.825,31.183333333333334,1318.875,0.0,24.641666666666666,80.75,3.5500000000000003,0.0,977.5083333333333,302.43278838236546,chiang_mai,False,0,29.833333333333332,False
2024-11-27,29.833333333333332,30.208333333333332,1250.875,0.0,23.829166666666666,84.04166666666667,3.766666666666667,0.9,977.9125,320.02134393223986,chiang_mai,False,0,19.754166666666666,False
2024-11-28,19.754166666666666,19.883333333333333,1156.5833333333333,0.0,23.945833333333336,80.375,4.570833333333334,6.3,979.375,353.7189568600498,chiang_mai,False,0,27.808333333333334,False
2024-11-29,27.808333333333334,27.895833333333332,1079.5833333333333,0.0,23.2,78.125,3.641666666666667,0.0,979.7541666666666,353.6555700074616,chiang_mai,False,0,30.6125,False
2024-11-30,30.6125,30.712500000000002,1341.9166666666667,0.0,22.945833333333336,76.33333333333333,3.0416666666666665,0.0,977.7791666666667,1.4926652130140496,chiang_mai,False,0,27.474999999999998,False
2024-12-01,27.474999999999998,27.766666666666666,1569.0416666666667,0.5,23.2375,76.58333333333333,3.0583333333333336,0.0,975.5666666666666,303.01357502951447,chiang_mai,False,0,32.4125,False
2024-12-02,32.4125,32.795833333333334,1682.4583333333333,0.7916666666666666,24.15833333333333,74.45833333333333,2.8000000000000003,0.0,975.2916666666666,326.55004321088285,chiang_mai,False,0,28.47083333333333,False
2024-12-03,28.47083333333333,28.583333333333332,1583.4583333333333,0.0,25.037499999999998,75.25,2.5749999999999997,0.0,975.5875,281.45019252784516,chiang_mai,False,0,31.520833333333332,False
2024-12-04,31.520833333333332,31.641666666666666,1588.0,0.0,25.5125,76.66666666666667,2.8625000000000003,0.5,975.2791666666667,292.87463882116316,chiang_mai,False,0,31.241666666666664,False
2024-12-05,31.241666666666664,31.370833333333334,1204.7916666666667,0.0,25.1125,80.91666666666667,3.233333333333334,13.7,975.1708333333332,270.62665060262475,chiang_mai,False,0,22.979166666666668,False
2024-12-06,22.979166666666668,23.108333333333334,929.0,0.0,24.837500000000002,78.875,4.120833333333334,0.4,974.6875,242.86959977682812,chiang_mai,False,0,25.741666666666664,False
2024-12-07,25.741666666666664,25.974999999999998,1248.9166666666667,0.0,24.8625,77.83333333333333,3.0083333333333333,0.4,976.1791666666667,240.09613865026762,chiang_mai,False,0,33.391666666666666,False
2024-12-08,33.391666666666666,33.762499999999996,1338.75,0.0,24.858333333333334,78.5,3.5666666666666664,0.2,977.3041666666667,302.2406758587675,chiang_mai,False,0,35.36666666666667,False
2024-12-09,35.36666666666667,35.69583333333333,1560.25,0.0,24.633333333333336,79.91666666666667,3.375,0.4,976.7166666666667,289.37908243676117,chiang_mai,False,0,32.42916666666667,False
2024-12-10,32.42916666666667,32.550000000000004,1520.9166666666667,0.0,24.566666666666666,79.08333333333333,2.6083333333333334,0.2,975.5375,296.3619823292716,chiang_mai,False,0,29.09583333333333,False
2024-12-11,29.09583333333333,29.212500000000002,1335.0,0.0,24.416666666666668,76.79166666666667,3.2083333333333335,0.0,975.5625,346.1986282249639,chiang_mai,False,0,27.070833333333336,False
2024-12-12,27.070833333333336,27.25,1259.7083333333333,0.0,23.587500000000002,72.25,3.7083333333333335,0.0,975.5916666666667,318.17826758094793,chiang_mai,False,0,22.2375,False
2024-12-13,22.2375,22.320833333333336,1118.875,0.0,24.254166666666666,73.16666666666667,4.504166666666667,0.5,976.7041666666668,279.9120136698931,chiang_mai,False,0,27.974999999999998,False
2024-12-14,27.974999999999998,28.0125,1427.2083333333333,0.0,23.52916666666667,85.04166666666667,2.6416666666666666,1.4,978.9625,329.5309328884253,chiang_mai,False,0,15.424999999999999,False
2024-12-15,15.424999999999999,15.450000000000001,987.375,0.0,23.104166666666668,81.54166666666667,3.920833333333333,0.7000000000000001,980.8208333333333,219.52255682703512,chiang_mai,False,0,19.575,False
2024-12-16,19.575,19.599999999999998,984.2916666666666,0.0,22.066666666666666,78.95833333333333,5.341666666666666,1.6,981.2083333333334,353.133797758982,chiang_mai,False,0,25.0625,False
2024-12-17,25.0625,25.09166666666667,1004.875,0.0,22.108333333333334,78.25,4.325,0.0,979.4166666666666,326.2507564570547,chiang_mai,False,0,25.545833333333334,False
2024-12-18,25.545833333333334,25.558333333333334,1326.75,0.0,22.5,78.25,3.1333333333333333,0.0,978.5416666666666,297.28695321974925,chiang_mai,False,0,31.400000000000002,False
2024-12-19,31.400000000000002,31.425,1479.6666666666667,0.0,22.34583333333333,76.16666666666667,2.45,0.2,979.0333333333333,262.3505988787472,chiang_mai,False,0,35.166666666666664,False
2024-12-20,35.166666666666664,35.21666666666667,1320.9583333333333,0.0,21.608333333333334,74.45833333333333,2.625,0.0,978.0500000000001,257.6583334910322,chiang_mai,False,0,33.84583333333333,False
2024-12-21,33.84583333333333,33.92916666666667,1548.2083333333333,0.0,21.4875,71.45833333333333,2.2375000000000003,0.0,978.1416666666668,270.0334751243613,chiang_mai,False,0,38.81666666666667,True
2024-12-22,38.81666666666667,38.96666666666667,1585.7916666666667,0.0,20.945833333333333,72.70833333333333,2.3041666666666667,0.0,978.4291666666667,270.5071007772855,chiang_mai,True,2,41.483333333333334,True
2024-12-23,41.483333333333334,41.6625,1573.125,0.0,20.966666666666665,74.875,3.029166666666667,0.0,978.2041666666668,16.306229393665774,chiang_mai,True,3,37.99583333333333,True
2024-12-24,37.99583333333333,38.300000000000004,1390.8333333333333,0.2916666666666667,21.158333333333335,74.5,2.9625,0.0,979.0708333333333,22.47322994416703,chiang_mai,True,4,28.71666666666667,False
2024-12-25,28.71666666666667,29.07083333333333,1526.4166666666667,1.0,20.779166666666665,73.58333333333333,2.7291666666666665,0.0,980.1333333333333,329.464688001222,chiang_mai,False,0,30.491666666666664,False
2024-12-26,30.491666666666664,31.087500000000002,1447.0416666666667,1.25,21.212500000000002,73.04166666666667,2.2333333333333334,0.0,981.0875,4.624359673025765,chiang_mai,False,0,23.9375,False
2024-12-27,23.9375,24.1875,1540.625,0.375,21.729166666666668,76.20833333333333,3.0583333333333336,0.0,981.2083333333334,2.070349588429792,chiang_mai,False,0,18.545833333333334,False
2024-12-28,18.545833333333334,18.583333333333332,1234.5416666666667,0.0,22.745833333333334,72.125,3.375,0.0,981.4375,351.64951088472833,chiang_mai,False,0,25.145833333333332,False
2024-12-29,25.145833333333332,25.166666666666668,1219.8333333333333,0.0,22.349999999999998,71.875,3.1208333333333336,0.0,980.0583333333334,330.2867240896746,chiang_mai,False,0,32.354166666666664,False
2024-12-30,32.354166666666664,32.354166666666664,1333.875,0.0,22.308333333333334,75.58333333333333,2.9291666666666667,0.0,979.1958333333333,290.4525718074325,chiang_mai,False,0,33.03333333333333,False
2024-12-31,33.03333333333333,33.06666666666667,1234.125,0.0,22.233333333333334,78.20833333333333,3.8958333333333335,0.0,978.7541666666666,273.44517879448955,chiang_mai,False,0,31.525000000000002,False
2025-01-01,31.525000000000002,31.8625,1597.5,0.5,22.166666666666668,74.875,2.5208333333333335,0.0,977.5375,251.85116357964188,chiang_mai,False,0,37.3375,False
2025-01-02,37.3375,38.52916666666667,1429.0416666666667,2.4166666666666665,21.65833333333333,73.125,3.225,0.0,977.625,325.81280076814215,chiang_mai,False,0,33.19166666666667,False
2025-01-03,33.19166666666667,34.766666666666666,1438.5833333333333,3.25,21.820833333333336,71.33333333333333,2.7708333333333335,0.0,978.9375,302.19698694345783,chiang_mai,False,0,25.883333333333336,False
2025-01-04,25.883333333333336,26.47083333333333,1267.5,0.8333333333333334,21.295833333333334,70.33333333333333,3.170833333333333,0.0,978.2041666666668,281.82223468860525,chiang_mai,False,0,38.02916666666667,True
2025-01-05,38.02916666666667,38.44583333333333,1431.2916666666667,0.875,20.55,68.66666666666667,3.3375,0.0,979.8916666666668,311.38910572713706,chiang_mai,True,2,33.1625,False
2025-01-06,33.1625,33.5875,1456.75,1.0,19.983333333333334,69.66666666666667,3.3249999999999997,0.0,978.5416666666666,331.0886884451711,chiang_mai,False,0,35.862500000000004,False
2025-01-07,35.862500000000004,36.1625,1448.5,0.75,19.849999999999998,67.0,2.591666666666667,0.0,977.5833333333334,307.161514766389,chiang_mai,False,0,37.55833333333333,True
2025-01-08,37.55833333333333,37.795833333333334,1605.5416666666667,0.0,20.275000000000002,72.16666666666667,3.1166666666666667,0.0,977.3125,337.9901280078189,chiang_mai,True,2,35.25416666666667,False
2025-01-09,35.25416666666667,35.55833333333333,1377.9583333333333,0.375,21.53333333333333,72.20833333333333,2.9791666666666665,0.0,979.0458333333332,301.7886135806631,chiang_mai,False,0,38.09166666666667,True
2025-01-10,38.09166666666667,39.24166666666667,1120.2083333333333,2.0833333333333335,22.275000000000002,69.375,4.145833333333333,0.0,981.5749999999999,323.65988948929834,chiang_mai,True,2,23.55,False
2025-01-11,23.55,24.46666666666667,1160.875,1.75,21.2375,64.41666666666667,4.745833333333333,0.0,983.1708333333332,277.47569056245504,chiang_mai,False,0,24.6125,False
2025-01-12,24.6125,24.825,1071.5416666666667,0.5416666666666666,18.795833333333334,69.79166666666667,4.970833333333333,0.30000000000000004,983.8125,323.63189511715365,chiang_mai,False,0,24.683333333333334,False
2025-01-13,24.683333333333334,24.858333333333334,1231.8333333333333,0.0,17.404166666666665,67.08333333333333,3.404166666666667,0.0,980.6416666666668,345.0376269382112,chiang_mai,False,0,28.087500000000002,False
2025-01-14,28.087500000000002,28.175,1454.6666666666667,0.0,18.537499999999998,68.70833333333333,2.6458333333333335,0.0,980.5416666666666,359.47066645921063,chiang_mai,False,0,25.433333333333334,False
2025-01-15,25.433333333333334,25.5125,1252.4166666666667,0.0,19.175,71.125,4.325,0.0,981.4583333333334,347.7351753610025,chiang_mai,False,0,15.204166666666666,False
2025-01-16,15.204166666666666,15.225,1092.1666666666667,0.0,20.208333333333332,65.75,5.120833333333334,0.0,981.7333333333332,344.6758831382192,chiang_mai,False,0,27.433333333333334,False
2025-01-17,27.433333333333334,27.445833333333336,1355.0416666666667,0.0,20.283333333333335,68.875,4.291666666666667,0.0,979.8166666666666,333.9582059402297,chiang_mai,False,0,34.37916666666667,False
2025-01-18,34.37916666666667,34.4,1476.875,0.0,20.641666666666666,68.58333333333333,2.891666666666667,0.0,978.0124999999999,324.72551027059615,chiang_mai,False,0,32.916666666666664,False
2025-01-19,32.916666666666664,32.925000000000004,1436.0833333333333,0.0,20.879166666666666,66.20833333333333,2.9791666666666665,0.0,976.5749999999999,324.97611888992935,chiang_mai,False,0,31.825000000000003,False
2025-01-20,31.825000000000003,31.829166666666666,1543.625,0.0,21.170833333333334,64.45833333333333,2.245833333333333,0.0,975.3625000000001,300.8600135223544,chiang_mai,False,0,26.2625,False
2025-01-21,26.2625,26.287499999999998,1730.4583333333333,0.0,21.433333333333334,69.04166666666667,2.308333333333333,0.0,975.2458333333334,261.1465034957386,chiang_mai,False,0,28.683333333333334,False
2025-01-22,28.683333333333334,28.766666666666666,1812.75,0.0,21.375,68.45833333333333,1.8583333333333334,0.0,975.7166666666667,307.6263282881237,chiang_mai,False,0,35.275,False
2025-01-23,35.275,35.375,1638.5833333333333,0.0,21.633333333333336,68.125,2.3541666666666665,0.0,976.1208333333334,262.4235412222056,chiang_mai,False,0,29.09583333333333,False
2025-01-24,29.09583333333333,29.1125,1553.0833333333333,0.0,21.645833333333332,69.0,2.404166666666667,0.0,974.6333333333333,297.5662115464906,chiang_mai,False,0,28.045833333333334,False
2025-01-25,28.045833333333334,28.233333333333334,1654.1666666666667,0.0,21.7,69.79166666666667,2.6541666666666663,0.0,974.5166666666668,347.1669088830255,chiang_mai,False,0,27.579166666666666,False
2025-01-26,27.579166666666666,27.916666666666668,1642.2916666666667,0.0,22.391666666666666,67.625,2.6416666666666666,0.0,975.2291666666666,294.00973721006335,chiang_mai,False,0,33.3125,False
2025-01-27,33.3125,33.416666666666664,1079.0833333333333,0.0,19.858333333333334,79.20833333333333,6.2625,1.4000000000000001,976.9666666666667,326.68031892647184,chiang_mai,False,0,41.391666666666666,True
2025-01-28,41.391666666666666,41.775,1287.125,0.5,19.983333333333334,70.5,4.929166666666666,0.0,979.4791666666666,265.59642728535874,chiang_mai,True,2,33.1625,False
2025-01-29,33.1625,33.50416666666667,1757.625,0.20833333333333334,20.537499999999998,70.25,3.8041666666666667,0.0,980.1041666666666,257.8571673438425,chiang_mai,False,0,33.02916666666667,False
2025-01-30,33.02916666666667,33.61666666666667,1728.25,0.8333333333333334,21.395833333333332,68.66666666666667,2.845833333333333,0.0,976.7624999999999,239.73038867705247,chiang_mai,False,0,22.829166666666666,False
2025-01-31,22.829166666666666,23.291666666666668,1589.2916666666667,0.4166666666666667,22.349999999999998,70.95833333333333,3.158333333333333,0.0,975.3000000000001,11.009939197519486,chiang_mai,False,0,22.162499999999998,False
2025-02-01,22.162499999999998,22.6375,1293.9166666666667,0.0,22.704166666666666,66.79166666666667,2.8874999999999997,0.0,974.6041666666666,316.4465972807251,chiang_mai,False,0,25.370833333333334,False
2025-02-02,25.370833333333334,25.870833333333334,1429.75,0.0,22.245833333333334,66.04166666666667,2.3874999999999997,0.0,974.2833333333333,319.11438726906476,chiang_mai,False,0,30.2375,False
2025-02-03,30.2375,30.53333333333333,1514.6666666666667,0.25,23.099999999999998,61.083333333333336,2.6458333333333335,0.0,975.0541666666667,317.8877427769347,chiang_mai,False,0,28.15833333333333,False
2025-02-04,28.15833333333333,28.295833333333334,1008.75,0.0,23.708333333333332,57.916666666666664,5.079166666666667,0.0,976.1083333333332,247.1158342763059,chiang_mai,False,0,32.78333333333333,False
2025-02-05,32.78333333333333,33.07083333333333,1406.5833333333333,0.125,23.929166666666664,66.54166666666667,3.9791666666666665,0.0,974.9166666666666,194.077579419524,chiang_mai,False,0,33.90416666666667,False
2025-02-06,33.90416666666667,34.55416666666667,1557.25,0.75,23.379166666666666,64.45833333333333,3.0749999999999997,0.0,974.8583333333332,359.35259333600476,chiang_mai,False,0,32.3375,False
2025-02-07,32.3375,32.75,1453.5,0.20833333333333334,23.925,59.625,2.7458333333333336,0.0,976.0124999999999,309.79837379221976,chiang_mai,False,0,40.237500000000004,True
2025-02-08,40.237500000000004,40.5875,1394.1666666666667,0.0,24.566666666666666,65.04166666666667,4.804166666666666,0.9,976.65,274.06363335440045,chiang_mai,True,2,28.479166666666668,False
2025-02-09,28.479166666666668,28.670833333333334,1239.9583333333333,0.0,24.46666666666667,62.416666666666664,5.854166666666667,0.0,977.4916666666667,200.24998737233793,chiang_mai,False,0,23.183333333333334,False
2025-02-10,23.183333333333334,23.3,1417.625,0.0,23.45,62.875,3.204166666666667,0.0,977.5875,211.21552963050553,chiang_mai,False,0,28.645833333333332,False
2025-02-11,28.645833333333332,28.82083333333333,1776.0833333333333,0.0,23.895833333333332,64.875,3.0666666666666664,0.0,976.8375,269.69238943583633,chiang_mai,False,0,23.866666666666664,False
2025-02-12,23.866666666666664,23.954166666666666,1604.2916666666667,0.0,23.9875,62.333333333333336,3.141666666666666,0.0,976.4666666666667,3.955457000185561,chiang_mai,False,0,27.05,False
2025-02-13,27.05,27.383333333333336,1462.2083333333333,0.16666666666666666,24.1375,57.708333333333336,2.795833333333333,0.0,976.1958333333333,10.953434780319924,chiang_mai,False,0,25.6375,False
2025-02-14,25.6375,26.758333333333336,1390.1666666666667,1.625,23.3625,51.458333333333336,2.6958333333333333,0.0,975.6125000000001,348.5589568284096,chiang_mai,False,0,37.27916666666667,False
2025-02-15,37.27916666666667,39.1625,1253.1666666666667,3.875,22.866666666666664,50.833333333333336,4.004166666666666,0.0,974.7375000000001,315.351808541276,chiang_mai,False,0,33.47083333333333,False
2025-02-16,33.47083333333333,34.72083333333333,1365.8333333333333,2.5,23.45,56.708333333333336,3.375,0.0,975.2583333333333,359.6196098151882,chiang_mai,False,0,35.275,False
2025-02-17,35.275,36.71666666666666,1291.5,3.0416666666666665,24.183333333333334,50.083333333333336,2.9333333333333336,0.0,976.9416666666666,327.6225874784906,chiang_mai,False,0,39.03333333333333,True
2025-02-18,39.03333333333333,40.075,1589.0833333333333,1.9166666666666667,24.849999999999998,50.958333333333336,2.8083333333333336,0.0,977.0083333333333,322.4617670763975,chiang_mai,True,2,43.06666666666666,True
2025-02-19,43.06666666666666,43.9625,1379.25,1.375,25.245833333333334,56.25,3.254166666666667,0.0,976.9625,75.84737272624477,chiang_mai,True,3,40.766666666666666,True
2025-02-20,40.766666666666666,42.2125,1251.0833333333333,2.4166666666666665,25.245833333333334,63.916666666666664,4.133333333333334,0.0,977.6708333333332,210.53564932769282,chiang_mai,True,4,35.61666666666667,False
2025-02-21,35.61666666666667,37.71666666666666,1165.7083333333333,4.083333333333333,25.3625,64.08333333333333,4.470833333333333,0.0,977.7125,217.99001471610148,chiang_mai,False,0,33.645833333333336,False
2025-02-22,33.645833333333336,35.62916666666667,1436.1666666666667,3.5833333333333335,25.191666666666666,63.416666666666664,3.4,0.0,978.3625000000001,226.98821496187202,chiang_mai,False,0,34.925,False
2025-02-23,34.925,36.77916666666667,1470.4583333333333,3.0416666666666665,24.704166666666666,66.04166666666667,3.6166666666666667,0.3,979.7791666666667,326.73776670417726,chiang_mai,False,0,31.84166666666667,False
2025-02-24,31.84166666666667,32.4125,822.375,0.625,22.78333333333333,82.83333333333333,4.9625,44.1,981.7875,349.5696244185074,chiang_mai,False,0,27.145833333333332,False
2025-02-25,27.145833333333332,27.416666666666668,1347.125,0.0,22.53333333333333,84.5,4.483333333333333,6.9,982.7958333333332,198.6271151597674,chiang_mai,False,0,29.070833333333336,False
2025-02-26,29.070833333333336,29.34583333333333,1502.7916666666667,0.16666666666666666,23.45,75.91666666666667,3.0583333333333336,0.0,981.5333333333333,178.69698876814562,chiang_mai,False,0,25.44583333333333,False
2025-02-27,25.44583333333333,26.1125,1571.5,1.0833333333333333,24.65416666666667,74.29166666666667,3.579166666666667,0.0,978.4083333333333,253.3787523339035,chiang_mai,False,0,25.650000000000002,False
2025-02-28,25.650000000000002,26.554166666666664,1584.4583333333333,1.4166666666666667,25.558333333333334,69.625,3.5,0.0,976.5541666666667,0.9691893344981395,chiang_mai,False,0,26.1125,False
2025-03-01,26.1125,26.941666666666666,1452.5,0.7083333333333334,25.90416666666667,61.458333333333336,3.5666666666666664,0.0,974.65,9.838451652387391,chiang_mai,False,0,23.370833333333334,False
2025-03-02,23.370833333333334,25.27916666666667,1419.625,2.9166666666666665,25.3,54.5,2.9125,0.0,973.125,336.64324589582145,chiang_mai,False,0,29.224999999999998,False
2025-03-03,29.224999999999998,31.40833333333333,1371.5416666666667,3.6666666666666665,24.870833333333334,56.666666666666664,3.3000000000000003,0.0,972.8833333333333,305.7482141158609,chiang_mai,False,0,35.612500000000004,False
2025-03-04,35.612500000000004,38.625,1460.2083333333333,5.833333333333333,24.229166666666668,54.125,3.375,0.0,972.275,324.6567014643916,chiang_mai,False,0,41.61666666666667,True
2025-03-05,41.61666666666667,44.425000000000004,1453.3333333333333,5.791666666666667,24.583333333333332,58.083333333333336,3.5625,0.0,972.0416666666666,337.79947397461575,chiang_mai,True,2,33.27916666666667,False
2025-03-06,33.27916666666667,35.362500000000004,1481.5,4.458333333333333,24.433333333333334,60.166666666666664,3.85,0.0,973.6833333333334,13.62326776686001,chiang_mai,False,0,34.30416666666667,False
2025-03-07,34.30416666666667,36.520833333333336,1171.4583333333333,4.583333333333333,25.583333333333332,57.833333333333336,4.179166666666666,0.2,973.8416666666667,260.759327362148,chiang_mai,False,0,34.612500000000004,False
2025-03-08,34.612500000000004,35.9,841.25,2.0833333333333335,25.191666666666666,74.33333333333333,7.8500000000000005,3.3000000000000003,976.0625,192.43501385156597,chiang_mai,False,0,31.308333333333334,False
2025-03-09,31.308333333333334,32.266666666666666,1216.0416666666667,1.7083333333333333,25.016666666666666,72.33333333333333,4.608333333333333,0.1,978.1374999999999,221.8211933731224,chiang_mai,False,0,34.59166666666667,False
2025-03-10,34.59166666666667,35.9625,1558.875,2.5,26.28333333333333,68.75,3.4791666666666665,0.0,978.3458333333333,317.61941635154346,chiang_mai,False,0,32.612500000000004,False
2025-03-11,32.612500000000004,35.891666666666666,1560.5833333333333,6.583333333333333,27.55,64.75,4.245833333333334,1.5,976.0958333333333,110.97425533631593,chiang_mai,False,0,42.59166666666667,True
2025-03-12,42.59166666666667,45.949999999999996,1524.625,6.333333333333333,26.96666666666667,63.625,4.2124999999999995,0.0,973.35,280.4106687552599,chiang_mai,True,2,31.325,False
2025-03-13,31.325,32.925000000000004,1266.4166666666667,2.875,26.95,58.791666666666664,4.941666666666666,0.0,972.9875000000001,250.47800479660765,chiang_mai,False,0,33.96666666666667,False
2025-03-14,33.96666666666667,39.645833333333336,1270.0,11.375,28.02916666666667,48.458333333333336,2.7708333333333335,0.0,974.6916666666666,146.15609680205455,chiang_mai,False,0,41.050000000000004,True
2025-03-15,41.050000000000004,45.949999999999996,1316.3333333333333,10.041666666666666,27.34166666666667,49.25,3.766666666666667,0.0,974.9625,343.37105015017676,chiang_mai,True,2,45.62916666666666,True
2025-03-16,45.62916666666666,51.17083333333333,1423.3333333333333,11.416666666666666,27.191666666666666,53.0,3.1958333333333333,0.0,974.2041666666668,277.78919330119095,chiang_mai,True,3,56.76666666666667,True
2025-03-17,56.76666666666667,62.69166666666666,1332.125,11.75,27.849999999999998,52.166666666666664,4.591666666666667,0.0,974.0041666666666,226.8741369088458,chiang_mai,True,4,39.0625,True
2025-03-18,39.0625,42.87916666666666,992.8333333333334,7.333333333333333,28.870833333333334,54.708333333333336,5.5625,0.0,975.7458333333334,194.40681225222164,chiang_mai,True,5,65.675,True
2025-03-19,65.675,67.625,1018.375,3.5416666666666665,24.90833333333333,76.54166666666667,6.2,5.3,980.2583333333333,266.96820072315353,chiang_mai,True,6,67.38333333333334,True
2025-03-20,67.38333333333334,69.16666666666667,1463.0833333333333,3.4166666666666665,23.34166666666667,65.70833333333333,6.341666666666666,0.0,981.9041666666667,353.5475504324705,chiang_mai,True,7,68.56666666666666,True
2025-03-21,68.56666666666666,71.12916666666666,1631.9166666666667,5.041666666666667,24.52916666666667,66.16666666666667,4.970833333333333,0.0,980.85,302.1472461522455,chiang_mai,True,8,91.17916666666667,True
2025-03-22,91.17916666666667,95.1375,1696.8333333333333,7.833333333333333,25.8625,63.208333333333336,3.3041666666666667,0.0,978.9958333333334,285.01853247629174,chiang_mai,True,9,75.93333333333334,True
2025-03-23,75.93333333333334,78.78333333333333,1487.7916666666667,5.375,26.766666666666666,60.166666666666664,3.5625,0.0,977.5208333333334,301.28120002410947,chiang_mai,True,10,63.42916666666667,True
2025-03-24,63.42916666666667,65.50833333333334,1535.5,4.041666666666667,27.0625,59.208333333333336,3.6166666666666667,0.0,974.9583333333334,355.4401639004549,chiang_mai,True,11,39.108333333333334,True
2025-03-25,39.108333333333334,40.12916666666667,1511.6666666666667,1.875,26.9375,55.083333333333336,2.8791666666666664,0.0,971.4208333333332,335.4265211267322,chiang_mai,True,12,28.320833333333336,False
2025-03-26,28.320833333333336,29.166666666666668,1355.5,1.7083333333333333,26.620833333333334,52.708333333333336,4.3625,0.0,970.3541666666666,255.04321687346714,chiang_mai,False,0,35.887499999999996,False
2025-03-27,35.887499999999996,39.041666666666664,1293.6666666666667,6.083333333333333,26.46666666666667,51.625,3.654166666666667,0.0,969.4208333333332,283.0083884287661,chiang_mai,False,0,36.59166666666667,False
2025-03-28,36.59166666666667,41.916666666666664,1458.0416666666667,10.25,26.308333333333334,50.0,3.6791666666666667,0.0,970.6,316.1180607487805,chiang_mai,False,0,63.02916666666667,True
2025-03-29,63.02916666666667,71.05416666666666,1439.2916666666667,15.708333333333334,27.34583333333333,50.75,3.141666666666667,0.0,972.2708333333334,343.9117931854356,chiang_mai,True,2,57.04583333333333,True
2025-03-30,57.04583333333333,60.050000000000004,1263.125,5.458333333333333,28.65833333333333,52.833333333333336,4.1499999999999995,0.0,974.125,258.91748885425187,chiang_mai,True,3,34.4375,False
2025-03-31,34.4375,35.362500000000004,822.2083333333334,1.625,29.704166666666666,57.416666666666664,7.241666666666667,0.0,974.475,191.41861986393104,chiang_mai,False,0,42.97083333333333,True
2025-04-01,42.97083333333333,44.23333333333333,790.25,1.7916666666666667,29.275000000000002,60.666666666666664,6.933333333333334,0.0,974.3666666666667,197.1725549970773,chiang_mai,True,2,36.50833333333333,False
2025-04-02,36.50833333333333,37.354166666666664,922.2916666666666,1.25,28.6375,58.625,5.5125,0.0,975.4375,210.50644073969914,chiang_mai,False,0,54.25833333333333,True
2025-04-03,54.25833333333333,55.0375,1022.25,0.9583333333333334,29.329166666666666,58.916666666666664,5.041666666666667,0.0,976.2791666666667,212.03539307164368,chiang_mai,True,2,57.987500000000004,True
2025-04-04,57.987500000000004,58.6625,1088.6666666666667,1.0,29.170833333333334,63.25,4.954166666666667,0.0,974.85,221.11719096257025,chiang_mai,True,3,39.44583333333333,True
2025-04-05,39.44583333333333,39.895833333333336,1224.875,0.4166666666666667,28.558333333333334,67.20833333333333,4.3625,0.0,974.1041666666666,229.4813097524842,chiang_mai,True,4,33.983333333333334,False
2025-04-06,33.983333333333334,34.25833333333333,1199.75,0.25,27.6375,66.91666666666667,3.3541666666666665,0.7,974.6625,326.6333085106701,chiang_mai,False,0,29.620833333333334,False
2025-04-07,29.620833333333334,29.958333333333332,993.2916666666666,0.25,26.941666666666666,69.08333333333333,4.2749999999999995,0.1,976.9125,295.54387128256735,chiang_mai,False,0,24.541666666666668,False
2025-04-08,24.541666666666668,24.84166666666667,1185.0,0.041666666666666664,27.84166666666667,61.125,4.029166666666667,0.1,977.5541666666667,320.23636658380997,chiang_mai,False,0,41.737500000000004,True
2025-04-09,41.737500000000004,42.266666666666666,1352.6666666666667,0.3333333333333333,28.9375,52.875,3.579166666666667,0.0,974.8583333333332,316.1736540793123,chiang_mai,True,2,54.93333333333334,True
2025-04-10,54.93333333333334,55.44583333333333,1241.3333333333333,0.3333333333333333,29.087500000000002,53.916666666666664,4.104166666666667,0.0,972.5333333333333,235.04919048185684,chiang_mai,True,3,34.61666666666667,False
2025-04-11,34.61666666666667,35.0625,1074.7916666666667,0.0,28.733333333333334,62.583333333333336,4.645833333333333,1.4,971.1916666666666,232.9162419844981,chiang_mai,False,0,16.775000000000002,False
2025-04-12,16.775000000000002,17.070833333333333,1006.4583333333334,0.0,28.254166666666666,66.41666666666667,3.829166666666667,0.0,972.7166666666667,253.26167811591287,chiang_mai,False,0,17.108333333333334,False
2025-04-13,17.108333333333334,17.45,815.5833333333334,0.0,26.025000000000002,80.08333333333333,4.204166666666667,37.2,974.9958333333334,269.4418906637684,chiang_mai,False,0,22.175,False
2025-04-14,22.175,22.84166666666667,868.0833333333334,1.2083333333333333,25.0125,84.04166666666667,3.3708333333333336,11.2,976.5791666666668,119.63762430916813,chiang_mai,False,0,28.791666666666668,False
2025-04-15,28.791666666666668,29.183333333333334,1153.875,0.5833333333333334,26.608333333333334,79.91666666666667,3.0250000000000004,0.5,975.7875,297.8789934356312,chiang_mai,False,0,22.59583333333333,False
2025-04-16,22.59583333333333,22.691666666666666,1263.75,0.0,27.46666666666667,75.41666666666667,3.975,0.8,974.0208333333334,211.99841294534798,chiang_mai,False,0,15.2125,False
2025-04-17,15.2125,15.420833333333334,1302.875,0.0,27.695833333333336,74.41666666666667,4.291666666666667,0.4,973.0083333333333,183.09706830329128,chiang_mai,False,0,16.183333333333334,False
2025-04-18,16.183333333333334,16.491666666666667,1138.5416666666667,0.2916666666666667,27.037499999999998,78.33333333333333,4.358333333333333,0.9,972.4666666666667,355.5844439637081,chiang_mai,False,0,22.666666666666668,False
2025-04-19,22.666666666666668,25.395833333333332,1120.0,4.791666666666667,28.354166666666668,67.0,3.7583333333333333,0.0,972.0666666666666,178.09195776380284,chiang_mai,False,0,23.920833333333334,False
2025-04-20,23.920833333333334,27.787499999999998,820.9583333333334,7.291666666666667,28.733333333333334,60.5,4.85,0.0,972.5916666666667,231.92708967837083,chiang_mai,False,0,22.333333333333332,False
2025-04-21,22.333333333333332,26.150000000000002,834.5833333333334,7.083333333333333,29.474999999999998,59.625,5.579166666666667,0.0,974.1708333333332,214.24603840657133,chiang_mai,False,0,21.204166666666666,False
2025-04-22,21.204166666666666,24.133333333333336,1361.125,5.5,30.320833333333336,57.625,4.316666666666667,0.39999999999999997,973.9375,280.0917010390169,chiang_mai,False,0,27.337500000000002,False
2025-04-23,27.337500000000002,30.983333333333334,894.2083333333334,6.583333333333333,31.0125,54.458333333333336,5.0875,0.0,972.3333333333334,253.81078428778488,chiang_mai,False,0,33.75,False
2025-04-24,33.75,38.74166666666667,979.125,9.541666666666666,31.320833333333336,52.0,4.5,0.0,971.8208333333333,221.60898094981073,chiang_mai,False,0,35.449999999999996,False
2025-04-25,35.449999999999996,42.541666666666664,1137.375,13.625,31.566666666666666,49.791666666666664,3.4166666666666665,0.0,972.2166666666667,215.31019882091232,chiang_mai,False,0,34.75416666666667,False
2025-04-26,34.75416666666667,40.05416666666667,773.5416666666666,10.166666666666666,31.53333333333333,47.5,4.529166666666667,0.0,972.7458333333334,243.56711697106317,chiang_mai,False,0,28.454166666666666,False
2025-04-27,28.454166666666666,31.266666666666666,821.125,5.125,30.95,52.958333333333336,3.891666666666667,0.0,973.9416666666666,316.2516618249829,chiang_mai,False,0,18.6375,False
2025-04-28,18.6375,19.833333333333332,995.5,2.2083333333333335,28.479166666666668,58.25,4.670833333333333,0.0,974.0375,305.2030786104821,chiang_mai,False,0,14.891666666666666,False
2025-04-29,14.891666666666666,15.237499999999999,986.5,0.5,27.258333333333336,69.5,6.283333333333334,3.6,975.0041666666666,196.3227295975357,chiang_mai,False,0,15.241666666666667,False
2025-04-30,15.241666666666667,15.458333333333334,902.375,0.0,26.587500000000002,73.375,5.658333333333334,2.4,975.1,308.3418730076698,chiang_mai,False,0,14.766666666666666,False
2025-05-01,14.766666666666666,15.054166666666667,1149.5,0.0,26.837500000000002,71.83333333333333,5.041666666666667,7.6,976.275,270.69901566972226,chiang_mai,False,0,16.608333333333334,False
2025-05-02,16.608333333333334,16.891666666666666,1039.9166666666667,0.0,27.59166666666667,71.875,3.8874999999999997,0.8,975.0541666666667,308.5657414433126,chiang_mai,False,0,19.016666666666666,False
2025-05-03,19.016666666666666,19.366666666666667,847.0416666666666,0.125,27.47083333333333,74.375,5.183333333333334,6.8999999999999995,973.5583333333334,307.7074405218813,chiang_mai,False,0,19.337500000000002,False
2025-05-04,19.337500000000002,21.183333333333334,886.5,3.0416666666666665,27.59583333333333,73.16666666666667,3.441666666666667,1.6,972.1958333333333,251.27183115830232,chiang_mai,False,0,16.179166666666667,False
2025-05-05,16.179166666666667,18.716666666666665,869.7916666666666,4.708333333333333,29.758333333333336,61.541666666666664,2.920833333333333,0.0,971.6125000000001,224.54650885959649,chiang_mai,False,0,17.254166666666666,False
2025-05-06,17.254166666666666,19.533333333333335,744.9166666666666,4.291666666666667,31.354166666666668,51.458333333333336,3.608333333333333,0.0,971.1208333333334,229.19049721658655,chiang_mai,False,0,13.420833333333334,False
2025-05-07,13.420833333333334,14.733333333333334,639.4166666666666,2.0833333333333335,31.683333333333334,52.833333333333336,6.679166666666667,0.2,970.3000000000001,199.83728616234575,chiang_mai,False,0,19.895833333333332,False
2025-05-08,19.895833333333332,21.583333333333332,828.4166666666666,3.0833333333333335,30.533333333333335,60.666666666666664,4.2124999999999995,0.8999999999999999,970.9708333333333,198.5532877261397,chiang_mai,False,0,22.59583333333333,False
2025-05-09,22.59583333333333,24.65416666666667,924.0833333333334,3.7916666666666665,30.275000000000002,62.291666666666664,4.429166666666666,0.0,971.4333333333334,325.87476118668786,chiang_mai,False,0,30.633333333333336,False
2025-05-10,30.633333333333336,33.6875,773.125,5.666666666666667,30.3625,60.666666666666664,2.725,0.0,971.6541666666667,300.38051697434787,chiang_mai,False,0,25.03333333333333,False
2025-05-11,25.03333333333333,27.599999999999998,880.375,5.125,28.891666666666666,70.45833333333333,5.075,6.7,971.3249999999999,322.4842574267493,chiang_mai,False,0,15.916666666666666,False
2025-05-12,15.916666666666666,16.879166666666666,884.7916666666666,1.9166666666666667,26.979166666666668,75.70833333333333,5.245833333333334,1.8,972.1416666666668,85.6583627116288,chiang_mai,False,0,21.75,False
2025-05-13,21.75,22.366666666666664,713.5833333333334,1.1666666666666667,27.058333333333334,76.16666666666667,6.2375,6.6,972.775,219.8789569608727,chiang_mai,False,0,24.25,False
2025-05-14,24.25,24.425,791.0,0.041666666666666664,27.15416666666667,77.875,4.4125000000000005,8.200000000000001,973.8583333333332,231.73816131416777,chiang_mai,False,0,11.470833333333333,False
2025-05-15,11.470833333333333,11.549999999999999,950.0,0.0,25.875,84.45833333333333,3.5875,4.5,974.6125000000001,205.67381723814458,chiang_mai,False,0,22.599999999999998,False
2025-05-16,22.599999999999998,22.945833333333336,1261.625,0.08333333333333333,25.9375,84.875,3.408333333333333,9.5,974.6208333333334,206.23388916556436,chiang_mai,False,0,11.0875,False
2025-05-17,11.0875,11.395833333333334,1194.875,0.25,26.629166666666666,84.625,4.175,12.8,974.1791666666667,313.3503938795986,chiang_mai,False,0,12.141666666666666,False
2025-05-18,12.141666666666666,12.304166666666667,1031.7083333333333,0.0,27.1375,79.5,4.379166666666666,12.9,973.8125,248.44689302278846,chiang_mai,False,0,16.325,False
2025-05-19,16.325,16.466666666666665,1200.2083333333333,0.0,27.77916666666667,78.33333333333333,2.891666666666667,6.0,972.6958333333333,202.79067916022788,chiang_mai,False,0,24.745833333333334,False
2025-05-20,24.745833333333334,24.883333333333336,1429.5416666666667,0.0,28.254166666666666,77.41666666666667,3.5749999999999997,2.1,971.8249999999999,153.7496637794992,chiang_mai,False,0,20.041666666666668,False
2025-05-21,20.041666666666668,20.204166666666666,1140.75,0.0,28.333333333333332,78.79166666666667,3.670833333333333,10.9,972.2041666666668,107.3200444974508,chiang_mai,False,0,15.475,False
2025-05-22,15.475,15.708333333333334,1098.4583333333333,0.125,28.170833333333334,79.04166666666667,3.779166666666667,12.1,970.9208333333332,62.04111609084606,chiang_mai,False,0,11.979166666666666,False
2025-05-23,11.979166666666666,12.183333333333332,1147.8333333333333,0.08333333333333333,27.099999999999998,85.375,3.204166666666667,8.5,969.5958333333333,358.84142513086334,chiang_mai,False,0,16.316666666666666,False
2025-05-24,16.316666666666666,16.516666666666666,836.0416666666666,0.0,27.233333333333334,82.04166666666667,3.608333333333333,4.6000000000000005,970.7333333333332,359.11697186281964,chiang_mai,False,0,12.0,False
2025-05-25,12.0,12.0,592.1666666666666,0.0,25.695833333333336,86.54166666666667,5.033333333333333,44.0,973.0291666666667,242.03440348284647,chiang_mai,False,0,13.291666666666666,False
2025-05-26,13.291666666666666,13.299999999999999,557.4166666666666,0.0,25.22083333333333,87.625,5.708333333333333,21.2,973.0,259.89391171774076,chiang_mai,False,0,14.145833333333334,False
2025-05-27,14.145833333333334,14.220833333333333,893.3333333333334,0.0,25.045833333333334,89.125,5.5874999999999995,18.7,971.725,227.97733942833472,chiang_mai,False,0,11.262500000000001,False
2025-05-28,11.262500000000001,11.716666666666667,653.3333333333334,0.20833333333333334,26.358333333333334,83.0,5.575,3.4000000000000004,970.9375,208.1635890999496,chiang_mai,False,0,12.279166666666667,False
2025-05-29,12.279166666666667,13.454166666666666,1020.0,1.375,26.270833333333332,83.54166666666667,5.8999999999999995,16.599999999999998,971.2583333333333,205.2070021284668,chiang_mai,False,0,12.075000000000001,False
2025-05-30,12.075000000000001,13.091666666666667,1032.4166666666667,1.2083333333333333,26.045833333333334,87.75,3.5666666666666664,29.2,972.0124999999999,210.49136277993318,chiang_mai,False,0,6.8875,False
2025-05-31,6.8875,7.354166666666667,1657.5833333333333,0.2916666666666667,26.395833333333332,86.75,4.125,13.0,972.7333333333332,196.36829757453293,chiang_mai,False,0,8.325000000000001,False
2025-06-01,8.325000000000001,8.670833333333333,948.25,0.25,27.141666666666666,80.95833333333333,6.141666666666667,12.200000000000001,971.6208333333334,204.83918711112992,chiang_mai,False,0,10.045833333333333,False
2025-06-02,10.045833333333333,11.137500000000001,1015.8333333333334,1.5416666666666667,27.5625,77.54166666666667,7.120833333333334,12.5,970.6583333333333,173.15297168219104,chiang_mai,False,0,13.141666666666666,False
2025-06-03,13.141666666666666,15.816666666666668,1335.375,5.0,26.09583333333333,85.66666666666667,3.966666666666667,2.4,970.7791666666667,153.96098133531962,chiang_mai,False,0,27.483333333333334,False
2025-06-04,27.483333333333334,37.025,1347.625,18.541666666666668,27.212500000000002,81.95833333333333,3.641666666666667,9.0,971.6,133.7265033896888,chiang_mai,False,0,27.0625,False
2025-06-05,27.0625,31.0625,1343.1666666666667,7.833333333333333,27.55,81.5,3.154166666666667,3.6999999999999997,972.0458333333332,45.70752015752237,chiang_mai,False,0,30.379166666666666,False
2025-06-06,30.379166666666666,33.15416666666667,1447.3333333333333,4.958333333333333,28.0,80.91666666666667,3.0375,3.0999999999999996,971.7083333333334,48.91610198739545,chiang_mai,False,0,21.900000000000002,False
2025-06-07,21.900000000000002,23.391666666666666,1475.2083333333333,2.125,28.59166666666667,77.33333333333333,3.6999999999999997,0.6000000000000001,970.9166666666666,119.79067189046839,chiang_mai,False,0,16.020833333333332,False
2025-06-08,16.020833333333332,16.616666666666667,1086.375,0.7916666666666666,28.575,77.33333333333333,3.5124999999999997,0.8999999999999999,969.9208333333332,143.1739857373732,chiang_mai,False,0,16.708333333333332,False
2025-06-09,16.708333333333332,17.166666666666668,825.375,0.5,27.820833333333336,79.08333333333333,4.791666666666667,4.7,969.4458333333333,274.9455961339095,chiang_mai,False,0,12.674999999999999,False
2025-06-10,12.674999999999999,13.404166666666667,740.0416666666666,1.25,26.46666666666667,83.29166666666667,4.204166666666667,11.0,969.6458333333334,3.5401380407319607,chiang_mai,False,0,10.745833333333332,False
2025-06-11,10.745833333333332,11.091666666666667,891.25,0.4166666666666667,25.508333333333336,88.54166666666667,2.9,24.8,970.2458333333334,296.72069011616736,chiang_mai,False,0,15.0375,False
2025-06-12,15.0375,15.358333333333334,1477.9583333333333,0.5,27.083333333333332,83.0,2.9916666666666667,2.3,969.5625,228.84809480984373,chiang_mai,False,0,15.183333333333332,False
2025-06-13,15.183333333333332,15.695833333333333,1327.0416666666667,0.6666666666666666,27.46666666666667,82.04166666666667,3.7583333333333333,8.4,969.8208333333333,173.3407619875893,chiang_mai,False,0,13.258333333333333,False
2025-06-14,13.258333333333333,13.75,1117.4583333333333,0.5,26.525000000000002,85.58333333333333,4.0874999999999995,15.5,970.3541666666666,150.26015671332368,chiang_mai,False,0,10.454166666666667,False
2025-06-15,10.454166666666667,10.916666666666666,1018.5833333333334,0.375,27.22083333333333,80.875,4.845833333333333,9.7,970.4041666666667,148.1946880823706,chiang_mai,False,0,8.804166666666667,False
2025-06-16,8.804166666666667,9.016666666666667,1333.75,0.0,26.816666666666666,82.75,4.508333333333334,11.4,971.5625,243.24731005323753,chiang_mai,False,0,14.883333333333333,False
2025-06-17,14.883333333333333,15.229166666666666,1253.0833333333333,0.0,26.045833333333334,87.04166666666667,4.845833333333333,22.1,972.4625,26.389400267369126,chiang_mai,False,0,12.166666666666666,False
2025-06-18,12.166666666666666,12.520833333333334,999.25,0.2916666666666667,27.46666666666667,78.79166666666667,4.958333333333333,2.5999999999999996,971.8916666666668,163.6574017824919,chiang_mai,False,0,16.129166666666666,False
2025-06-19,16.129166666666666,18.370833333333334,1253.0416666666667,3.6666666666666665,26.97083333333333,81.08333333333333,3.6833333333333336,14.299999999999999,971.8791666666666,68.50615812793637,chiang_mai,False,0,17.966666666666665,False
2025-06-20,17.966666666666665,20.908333333333335,1410.375,5.208333333333333,27.037499999999998,84.25,3.3791666666666664,2.9,971.2875,187.32475624921162,chiang_mai,False,0,16.191666666666666,False
2025-06-21,16.191666666666666,20.0625,1250.25,7.375,27.708333333333332,78.41666666666667,4.0375000000000005,0.5,970.1083333333332,165.95148602938252,chiang_mai,False,0,11.541666666666666,False
2025-06-22,11.541666666666666,13.262500000000001,839.0,3.3333333333333335,27.133333333333336,81.08333333333333,4.8374999999999995,29.2,970.3833333333333,202.81960629727158,chiang_mai,False,0,9.049999999999999,False
2025-06-23,9.049999999999999,9.674999999999999,687.3333333333334,1.1666666666666667,26.474999999999998,84.04166666666667,3.9625,22.3,970.1041666666666,184.56578496424498,chiang_mai,False,0,10.579166666666667,False
2025-06-24,10.579166666666667,11.65,741.8333333333334,1.7916666666666667,25.954166666666666,85.25,3.7249999999999996,12.4,970.3208333333333,215.81363099696406,chiang_mai,False,0,18.508333333333333,False
2025-06-25,18.508333333333333,20.929166666666667,780.3333333333334,4.541666666666667,26.691666666666666,82.66666666666667,3.454166666666667,10.0,971.6458333333334,220.11128142749195,chiang_mai,False,0,19.516666666666666,False
2025-06-26,19.516666666666666,21.912499999999998,952.7083333333334,4.291666666666667,26.78333333333333,85.5,3.391666666666667,25.5,971.7041666666668,201.32011113226883,chiang_mai,False,0,14.633333333333333,False
2025-06-27,14.633333333333333,15.604166666666666,936.9583333333334,1.6666666666666667,25.974999999999998,88.125,4.2375,26.9,970.5958333333333,136.30908205693083,chiang_mai,False,0,12.120833333333332,False
2025-06-28,12.120833333333332,13.049999999999999,862.625,1.7083333333333333,25.77916666666667,87.04166666666667,3.1166666666666667,16.8,969.5458333333332,103.64721887973747,chiang_mai,False,0,13.766666666666666,False
2025-06-29,13.766666666666666,14.954166666666666,1049.0,2.25,26.22083333333333,82.91666666666667,4.858333333333333,3.2,968.5833333333334,156.98795202713677,chiang_mai,False,0,11.9125,False
2025-06-30,11.9125,14.770833333333334,1305.125,5.333333333333333,26.583333333333332,81.41666666666667,3.8958333333333335,16.5,968.6958333333333,110.56843082353703,chiang_mai,False,0,15.470833333333333,False
2025-07-01,15.470833333333333,18.466666666666665,1265.3333333333333,5.5,26.516666666666666,81.5,3.5833333333333335,12.7,969.7666666666668,43.818924385798994,chiang_mai,False,0,17.204166666666666,False
2025-07-02,17.204166666666666,19.695833333333333,1312.0416666666667,4.666666666666667,26.391666666666666,84.70833333333333,2.975,27.599999999999998,970.9499999999999,66.2414413781072,chiang_mai,False,0,19.900000000000002,False
2025-07-03,19.900000000000002,22.775000000000002,1253.5,4.916666666666667,26.020833333333332,85.54166666666667,2.795833333333334,14.700000000000001,972.0541666666667,84.31491950231225,chiang_mai,False,0,19.045833333333334,False
2025-07-04,19.045833333333334,21.675,1266.5416666666667,4.541666666666667,26.2625,82.83333333333333,2.1166666666666667,12.000000000000002,971.85,118.59696510886738,chiang_mai,False,0,18.962500000000002,False
2025-07-05,18.962500000000002,20.679166666666667,1122.7083333333333,2.9166666666666665,26.383333333333336,83.66666666666667,2.9250000000000003,29.400000000000002,970.2458333333334,108.77069505694021,chiang_mai,False,0,15.5875,False
2025-07-06,15.5875,16.8125,988.0416666666666,2.0833333333333335,26.054166666666664,86.29166666666667,4.154166666666667,11.3,969.9625,138.58643190525964,chiang_mai,False,0,12.375,False
2025-07-07,12.375,14.35,1323.7083333333333,3.375,25.866666666666664,84.08333333333333,5.091666666666667,4.5,970.4666666666667,167.81984399440535,chiang_mai,False,0,18.458333333333332,False
2025-07-08,18.458333333333332,24.941666666666666,1430.4583333333333,11.541666666666666,26.570833333333336,83.75,3.2583333333333333,10.3,970.775,146.5669882149541,chiang_mai,False,0,15.8375,False
2025-07-09,15.8375,19.708333333333332,1489.0,7.041666666666667,26.77916666666667,82.75,3.0416666666666665,20.800000000000004,971.1,94.40464452312284,chiang_mai,False,0,19.0,False
2025-07-10,19.0,26.625,1414.25,14.75,26.375,86.0,2.85,3.8000000000000003,969.0666666666666,144.00329713809128,chiang_mai,False,0,20.004166666666666,False
2025-07-11,20.004166666666666,30.77916666666667,1081.875,20.583333333333332,26.070833333333336,90.29166666666667,2.4791666666666665,36.4,966.9125,134.8423050715432,chiang_mai,False,0,20.783333333333335,False
2025-07-12,20.783333333333335,23.583333333333332,1274.0,5.0,25.3,90.54166666666667,3.1958333333333333,20.8,968.7125,49.75214924621554,chiang_mai,False,0,16.879166666666666,False
2025-07-13,16.879166666666666,18.133333333333333,1252.9583333333333,2.375,26.758333333333336,84.83333333333333,2.85,17.4,970.6958333333333,43.82154682673479,chiang_mai,False,0,17.991666666666667,False
2025-07-14,17.991666666666667,20.241666666666667,1092.125,4.041666666666667,27.0,84.70833333333333,2.9375,33.6,970.9250000000001,18.95704406382538,chiang_mai,False,0,20.474999999999998,False
2025-07-15,20.474999999999998,22.099999999999998,1770.875,2.6666666666666665,26.537499999999998,88.125,2.9458333333333333,20.599999999999998,969.8041666666667,115.22541851435443,chiang_mai,False,0,11.575000000000001,False
2025-07-16,11.575000000000001,12.158333333333333,1393.0416666666667,1.2916666666666667,26.1375,89.04166666666667,4.4625,9.0,970.025,136.43307640195513,chiang_mai,False,0,15.245833333333332,False
2025-07-17,15.245833333333332,15.700000000000001,1505.6666666666667,0.75,25.683333333333334,91.125,2.370833333333333,15.1,970.75,127.18812082500278,chiang_mai,False,0,12.987499999999999,False
2025-07-18,12.987499999999999,13.362499999999999,1133.75,0.625,26.229166666666668,86.70833333333333,2.75,17.5,970.0291666666667,161.8292749334637,chiang_mai,False,0,16.120833333333334,False
2025-07-19,16.120833333333334,16.870833333333334,1310.125,0.9583333333333334,26.629166666666666,84.625,3.2291666666666665,2.4,967.4833333333332,106.23118765436413,chiang_mai,False,0,16.754166666666666,False
2025-07-20,16.754166666666666,17.070833333333333,1464.8333333333333,0.08333333333333333,26.15833333333333,86.0,3.1750000000000003,7.3,967.225,132.4241217378883,chiang_mai,False,0,11.525,False
2025-07-21,11.525,11.729166666666666,1496.9166666666667,0.20833333333333334,27.02916666666667,82.75,3.533333333333333,3.1,967.2041666666668,152.34716508247243,chiang_mai,False,0,15.008333333333333,False
2025-07-22,15.008333333333333,15.166666666666666,1592.0833333333333,0.0,25.770833333333332,87.79166666666667,3.9250000000000003,6.3999999999999995,965.3708333333334,145.8309131282843,chiang_mai,False,0,7.970833333333334,False
2025-07-23,7.970833333333334,8.125,1044.0833333333333,0.0,24.7,93.75,5.875,48.1,962.9541666666668,146.26881824718305,chiang_mai,False,0,5.558333333333334,False
2025-07-24,5.558333333333334,5.920833333333333,912.9166666666666,0.20833333333333334,25.454166666666666,90.08333333333333,5.116666666666666,38.5,966.5166666666668,201.62196730287673,chiang_mai,False,0,7.7749999999999995,False
2025-07-25,7.7749999999999995,8.204166666666667,1256.5833333333333,0.08333333333333333,25.604166666666668,89.58333333333333,3.3666666666666667,12.0,969.2666666666668,146.09280117004397,chiang_mai,False,0,8.679166666666667,False
2025-07-26,8.679166666666667,9.166666666666666,1557.0416666666667,0.5,26.016666666666666,89.45833333333333,3.0208333333333335,7.2,969.6791666666667,129.9340479978116,chiang_mai,False,0,9.683333333333334,False
2025-07-27,9.683333333333334,9.920833333333333,1256.2083333333333,0.125,25.579166666666666,91.08333333333333,3.7875,20.8,968.3666666666667,128.85816912515264,chiang_mai,False,0,9.245833333333334,False
2025-07-28,9.245833333333334,9.450000000000001,1333.5,0.20833333333333334,24.804166666666664,93.0,3.183333333333333,37.1,967.5875,123.53072184706184,chiang_mai,False,0,11.304166666666667,False
2025-07-29,11.304166666666667,12.1625,1153.8333333333333,1.375,26.229166666666668,90.20833333333333,3.2916666666666665,15.1,968.0500000000001,138.60216812330464,chiang_mai,False,0,13.762500000000001,False
2025-07-30,13.762500000000001,17.854166666666668,1395.2916666666667,7.666666666666667,26.679166666666664,86.5,3.9583333333333335,4.1,969.0541666666667,146.56854279001988,chiang_mai,False,0,17.908333333333335,False
2025-07-31,17.908333333333335,23.820833333333336,1347.5416666666667,11.208333333333334,27.270833333333332,82.08333333333333,3.8499999999999996,5.8,969.1208333333334,132.98393077357088,chiang_mai,False,0,18.729166666666668,False
2025-08-01,18.729166666666668,26.695833333333336,1337.0,15.25,27.229166666666668,84.91666666666667,3.579166666666667,5.4,968.8541666666666,130.9473721038138,chiang_mai,False,0,18.970833333333335,False
2025-08-02,18.970833333333335,26.191666666666666,1406.625,13.833333333333334,27.15416666666667,85.45833333333333,3.720833333333333,21.7,970.4208333333332,106.38774098334113,chiang_mai,False,0,21.65416666666667,False
2025-08-03,21.65416666666667,32.329166666666666,1394.5833333333333,19.916666666666668,27.641666666666666,80.33333333333333,3.908333333333333,3.1999999999999997,971.9583333333334,150.99329558021896,chiang_mai,False,0,17.087500000000002,False
2025-08-04,17.087500000000002,18.337500000000002,1371.125,2.0,27.829166666666666,77.70833333333333,3.7416666666666667,0.7,971.6708333333332,143.39519383930042,chiang_mai,False,0,14.795833333333334,False
2025-08-05,14.795833333333334,15.966666666666667,1533.9166666666667,2.125,27.120833333333334,84.08333333333333,2.841666666666667,11.4,971.2458333333334,97.64442941292748,chiang_mai,False,0,11.904166666666667,False
2025-08-06,11.904166666666667,12.695833333333333,1675.9583333333333,1.125,25.075,92.83333333333333,3.2708333333333335,33.2,970.775,96.29712912154474,chiang_mai,False,0,8.75,False
2025-08-07,8.75,9.291666666666666,1464.125,0.75,25.879166666666666,87.83333333333333,2.8666666666666667,18.400000000000002,972.2208333333333,304.2051211238654,chiang_mai,False,0,14.358333333333334,False
2025-08-08,14.358333333333334,15.991666666666667,1485.125,2.5833333333333335,25.954166666666666,87.0,2.6833333333333336,12.7,974.4583333333334,98.42571181890179,chiang_mai,False,0,21.1375,False
2025-08-09,21.1375,22.641666666666666,1680.2083333333333,2.5416666666666665,26.65833333333333,85.58333333333333,2.8000000000000003,7.6000000000000005,973.8083333333334,163.90740828504624,chiang_mai,False,0,15.679166666666667,False
2025-08-10,15.679166666666667,16.041666666666668,1121.7083333333333,0.2916666666666667,26.929166666666664,84.04166666666667,2.6875,17.6,971.9458333333333,128.32033227910745,chiang_mai,False,0,15.304166666666667,False
2025-08-11,15.304166666666667,15.525,1399.125,0.0,27.075,83.58333333333333,3.141666666666667,10.9,970.4458333333333,123.3596872165192,chiang_mai,False,0,9.9,False
2025-08-12,9.9,10.045833333333333,1006.5,0.08333333333333333,26.691666666666666,83.20833333333333,3.6125000000000003,11.0,970.6666666666666,177.2107319017009,chiang_mai,False,0,10.862499999999999,False
2025-08-13,10.862499999999999,11.154166666666667,1220.25,0.20833333333333334,26.47083333333333,85.70833333333333,3.2875,8.9,972.6833333333334,263.59153780035,chiang_mai,False,0,15.1,False
2025-08-14,15.1,15.283333333333333,1549.7083333333333,0.0,26.679166666666664,86.29166666666667,2.6374999999999997,11.5,971.6666666666666,173.9610054163444,chiang_mai,False,0,14.35,False
2025-08-15,14.35,14.458333333333334,1481.2083333333333,0.0,26.066666666666666,86.04166666666667,3.4458333333333333,30.1,969.1,85.10618263976397,chiang_mai,False,0,10.420833333333333,False
2025-08-16,10.420833333333333,10.458333333333334,627.3333333333334,0.0,25.016666666666666,88.125,4.595833333333333,30.3,969.5916666666667,179.4493344118515,chiang_mai,False,0,9.741666666666667,False
2025-08-17,9.741666666666667,9.808333333333334,744.2916666666666,0.0,25.008333333333336,86.91666666666667,3.158333333333333,25.0,972.6750000000001,207.43470710275815,chiang_mai,False,0,13.9125,False
2025-08-18,13.9125,14.191666666666668,1441.3333333333333,0.3333333333333333,25.787499999999998,86.0,3.279166666666667,11.700000000000001,973.3666666666667,183.47334983674725,chiang_mai,False,0,13.816666666666668,False
2025-08-19,13.816666666666668,14.325000000000001,1350.9166666666667,0.7083333333333334,26.991666666666664,81.0,4.2749999999999995,2.9,972.6625,149.17489401604962,chiang_mai,False,0,15.2125,False
2025-08-20,15.2125,16.087500000000002,1357.5416666666667,1.5833333333333333,27.162499999999998,79.75,4.229166666666667,1.7,972.9666666666667,113.73450986524244,chiang_mai,False,0,16.166666666666668,False
2025-08-21,16.166666666666668,17.45,1175.5,2.4583333333333335,27.099999999999998,82.375,3.091666666666667,7.5,973.2708333333334,288.45790283440454,chiang_mai,False,0,14.241666666666667,False
2025-08-22,14.241666666666667,15.304166666666667,1111.25,1.7083333333333333,26.2625,86.25,3.7375000000000003,10.5,972.6875,193.168361658081,chiang_mai,False,0,8.758333333333333,False
2025-08-23,8.758333333333333,9.0,1079.2083333333333,0.375,25.21666666666667,87.0,3.8041666666666667,13.6,972.6125000000001,88.66089383886498,chiang_mai,False,0,9.091666666666667,False
2025-08-24,9.091666666666667,9.137500000000001,1472.0,0.0,26.316666666666666,84.45833333333333,2.6625,9.3,971.9666666666667,111.35592475117596,chiang_mai,False,0,16.183333333333334,False
2025-08-25,16.183333333333334,16.25,1304.4583333333333,0.0,26.458333333333332,85.625,2.4166666666666665,12.1,970.1291666666666,3.3334806509631107,chiang_mai,False,0,14.954166666666666,False
2025-08-26,14.954166666666666,14.995833333333332,1369.125,0.0,24.929166666666664,92.33333333333333,4.366666666666666,31.2,969.7833333333333,127.46840087141902,chiang_mai,False,0,10.895833333333334,False
2025-08-27,10.895833333333334,10.966666666666667,1023.4583333333334,0.0,24.070833333333336,94.125,3.0416666666666665,32.699999999999996,970.9625,78.55140958791503,chiang_mai,False,0,14.545833333333334,False
2025-08-28,14.545833333333334,14.833333333333334,1380.6666666666667,0.0,24.4875,89.66666666666667,3.0749999999999997,7.6,972.35,109.87684839173471,chiang_mai,False,0,20.054166666666667,False
2025-08-29,20.054166666666667,20.5125,1650.875,0.4583333333333333,26.333333333333332,82.25,2.7291666666666665,4.7,973.0749999999999,121.10849610936862,chiang_mai,False,0,17.379166666666666,False
2025-08-30,17.379166666666666,17.791666666666668,1735.2916666666667,0.5416666666666666,26.866666666666664,83.58333333333333,3.0625,6.5,972.0833333333334,27.69761100090153,chiang_mai,False,0,14.508333333333333,False
2025-08-31,14.508333333333333,14.583333333333334,1106.9166666666667,0.0,25.912499999999998,88.04166666666667,5.508333333333333,30.3,969.025,347.69261552510375,chiang_mai,False,0,14.137500000000001,False
2025-09-01,14.137500000000001,14.174999999999999,592.7916666666666,0.0,25.458333333333332,85.45833333333333,4.0375000000000005,12.200000000000001,970.8166666666666,219.1545832092783,chiang_mai,False,0,15.308333333333332,False
2025-09-02,15.308333333333332,15.5375,1057.2083333333333,0.08333333333333333,25.820833333333336,86.0,3.725,6.8,971.6833333333334,163.5696114727217,chiang_mai,False,0,14.329166666666666,False
2025-09-03,14.329166666666666,14.85,1372.8333333333333,0.9166666666666666,26.291666666666668,85.45833333333333,3.0208333333333335,1.6,972.3541666666666,159.58001286974513,chiang_mai,False,0,16.545833333333334,False
2025-09-04,16.545833333333334,17.029166666666665,1283.875,0.6666666666666666,27.375,81.54166666666667,3.1,0.6,971.7958333333332,53.963691011662036,chiang_mai,False,0,17.412499999999998,False
2025-09-05,17.412499999999998,17.454166666666666,1171.3333333333333,0.0,27.708333333333332,80.91666666666667,4.2250000000000005,1.2,972.0083333333333,176.23482141669058,chiang_mai,False,0,22.3,False
2025-09-06,22.3,22.320833333333336,1511.7083333333333,0.0,27.15833333333333,82.95833333333333,2.9166666666666665,1.7000000000000002,972.6541666666667,240.5431210345867,chiang_mai,False,0,30.645833333333332,False
2025-09-07,30.645833333333332,30.683333333333334,1413.0833333333333,0.0,27.008333333333336,83.95833333333333,2.6875,1.2000000000000002,971.9333333333334,170.94321024682154,chiang_mai,False,0,25.84583333333333,False
2025-09-08,25.84583333333333,25.875,1431.2083333333333,0.0,26.770833333333332,83.41666666666667,2.5708333333333333,1.5,971.6291666666666,162.2197324584231,chiang_mai,False,0,17.629166666666666,False
2025-09-09,17.629166666666666,17.633333333333333,960.9166666666666,0.0,26.195833333333336,84.79166666666667,3.3041666666666667,9.0,972.5541666666667,193.03661439466154,chiang_mai,False,0,9.383333333333333,False
2025-09-10,9.383333333333333,9.404166666666667,705.9166666666666,0.0,25.400000000000002,87.91666666666667,4.2,15.4,972.9791666666666,188.36584351105603,chiang_mai,False,0,8.129166666666666,False
2025-09-11,8.129166666666666,8.345833333333333,822.75,0.2916666666666667,25.754166666666666,86.5,4.516666666666667,19.3,973.7833333333333,199.1194810200644,chiang_mai,False,0,9.570833333333333,False
2025-09-12,9.570833333333333,9.916666666666666,1114.25,0.5416666666666666,26.287499999999998,83.95833333333333,3.266666666666666,5.6,974.3125,237.13545320448708,chiang_mai,False,0,14.333333333333334,False
2025-09-13,14.333333333333334,14.558333333333332,1064.0,0.0,26.129166666666666,85.70833333333333,3.216666666666667,3.6,974.6125000000001,328.04914518481894,chiang_mai,False,0,15.258333333333333,False
2025-09-14,15.258333333333333,15.508333333333333,1370.8333333333333,0.0,26.28333333333333,85.04166666666667,2.9250000000000003,1.0,974.9583333333334,212.279181123571,chiang_mai,False,0,20.162499999999998,False
2025-09-15,20.162499999999998,20.291666666666668,1227.875,0.0,26.745833333333334,80.25,3.4791666666666665,4.8999999999999995,974.5291666666667,205.8638203877488,chiang_mai,False,0,17.8625,False
2025-09-16,17.8625,17.920833333333334,1181.4583333333333,0.0,26.28333333333333,80.375,2.7916666666666665,2.1,974.6999999999999,163.07292112856112,chiang_mai,False,0,26.3125,False
2025-09-17,26.3125,26.34583333333333,1094.5,0.0,26.96666666666667,77.79166666666667,2.8625000000000003,0.1,973.2624999999999,103.03894130924999,chiang_mai,False,0,24.320833333333336,False
2025-09-18,24.320833333333336,24.325,1597.0416666666667,0.0,27.066666666666666,82.0,2.6,0.6000000000000001,972.3666666666667,21.628545612264645,chiang_mai,False,0,15.325000000000001,False
2025-09-19,15.325000000000001,15.325000000000001,1132.8333333333333,0.0,26.6875,83.41666666666667,3.8125,4.5,972.525,214.4720984403168,chiang_mai,False,0,15.725,False
2025-09-20,15.725,15.75,801.7916666666666,0.0,25.770833333333332,86.0,3.5833333333333335,15.8,971.8583333333332,283.9758343667787,chiang_mai,False,0,10.545833333333333,False
2025-09-21,10.545833333333333,10.6,986.375,0.0,25.579166666666666,87.375,2.5166666666666666,3.9,971.7166666666667,168.5671215922681,chiang_mai,False,0,11.383333333333333,False
2025-09-22,11.383333333333333,11.6,784.0416666666666,0.0,25.22083333333333,90.33333333333333,3.454166666666667,29.3,972.1916666666666,137.42062972601468,chiang_mai,False,0,8.529166666666667,False
2025-09-23,8.529166666666667,8.758333333333333,1070.4166666666667,0.0,25.45,89.04166666666667,2.8666666666666667,15.4,970.9708333333333,255.1810086787607,chiang_mai,False,0,9.104166666666666,False
2025-09-24,9.104166666666666,9.125,936.375,0.0,25.316666666666666,87.83333333333333,3.3125,19.8,969.3000000000001,44.48435906633301,chiang_mai,False,0,14.041666666666666,False
2025-09-25,14.041666666666666,14.075000000000001,1250.5833333333333,0.0,25.7,87.66666666666667,3.9,2.9,969.5916666666667,84.68386457246623,chiang_mai,False,0,14.554166666666667,False
2025-09-26,14.554166666666667,14.695833333333333,1368.5833333333333,0.0,25.6125,88.625,2.3333333333333335,36.8,972.4625,23.623700920928854,chiang_mai,False,0,11.325000000000001,False
2025-09-27,11.325000000000001,11.341666666666667,1196.25,0.0,25.508333333333336,87.125,3.1041666666666665,7.3,974.9666666666667,348.6597092753575,chiang_mai,False,0,11.845833333333333,False
2025-09-28,11.845833333333333,11.958333333333334,1649.0,0.0,27.170833333333334,79.375,4.504166666666666,1.0,972.1916666666666,335.24738310943883,chiang_mai,False,0,10.745833333333332,False
2025-09-29,10.745833333333332,10.858333333333334,1101.6666666666667,0.0,27.666666666666668,73.04166666666667,4.245833333333334,0.39999999999999997,967.9833333333332,316.7860033860674,chiang_mai,False,0,7.458333333333333,False
2025-09-30,7.458333333333333,7.5125,568.4583333333334,0.0,24.604166666666668,90.75,6.2625,15.9,970.9041666666667,206.09549290863742,chiang_mai,False,0,7.395833333333333,False
2025-10-01,7.395833333333333,7.620833333333334,636.2916666666666,0.20833333333333334,24.833333333333332,89.0,4.6625000000000005,11.2,974.8083333333334,221.09585108970654,chiang_mai,False,0,12.791666666666666,False
2025-10-02,12.791666666666666,13.608333333333334,1629.5,1.0833333333333333,26.170833333333334,84.375,2.891666666666667,6.9,976.5500000000001,286.2086233038449,chiang_mai,False,0,11.779166666666667,False
2025-10-03,11.779166666666667,12.275,1411.0,0.7083333333333334,27.2,83.0,2.595833333333333,0.8,975.85,128.73027492147787,chiang_mai,False,0,14.520833333333334,False
2025-10-04,14.520833333333334,14.9125,1290.625,0.5,26.287499999999998,85.95833333333333,2.8541666666666665,3.7,975.6958333333333,124.34275331230236,chiang_mai,False,0,14.345833333333333,False
2025-10-05,14.345833333333333,14.654166666666667,1862.7916666666667,0.2916666666666667,26.5,84.20833333333333,4.020833333333333,0.30000000000000004,974.8000000000001,162.74706223548537,chiang_mai,False,0,14.4375,False
2025-10-06,14.4375,14.520833333333334,1506.4166666666667,0.0,26.40416666666667,85.66666666666667,3.1125000000000003,1.0,973.4833333333332,283.35034650703244,chiang_mai,False,0,19.358333333333334,False
2025-10-07,19.358333333333334,19.995833333333334,1630.875,0.7083333333333334,25.995833333333334,86.66666666666667,3.1333333333333333,1.9,974.4041666666667,35.42686699447256,chiang_mai,False,0,14.4,False
2025-10-08,14.4,14.716666666666667,1298.125,0.5,26.120833333333334,82.70833333333333,3.5625,7.3,975.9791666666666,221.78728938969314,chiang_mai,False,0,15.341666666666667,False
2025-10-09,15.341666666666667,15.512500000000001,1567.9166666666667,0.0,26.34583333333333,82.91666666666667,2.9125,2.8,975.85,279.8741740565077,chiang_mai,False,0,18.333333333333332,False
2025-10-10,18.333333333333332,18.420833333333334,1329.0833333333333,0.0,26.891666666666666,76.66666666666667,3.6916666666666664,1.1,975.2875,299.54473470865724,chiang_mai,False,0,25.3875,False
2025-10-11,25.3875,25.433333333333334,1402.5,0.0,27.320833333333336,71.0,2.5416666666666665,0.0,974.4291666666667,298.04834544114937,chiang_mai,False,0,24.991666666666664,False
2025-10-12,24.991666666666664,25.041666666666668,1783.3333333333333,0.0,27.495833333333334,75.33333333333333,1.9083333333333334,0.2,974.2624999999999,342.9809325284303,chiang_mai,False,0,27.616666666666664,False
2025-10-13,27.616666666666664,27.645833333333332,1560.3333333333333,0.0,26.541666666666668,82.45833333333333,3.2458333333333336,11.6,974.5833333333334,336.88253200677605,chiang_mai,False,0,27.195833333333336,False
2025-10-14,27.195833333333336,27.241666666666664,1676.6666666666667,0.0,25.55,86.29166666666667,2.670833333333333,11.6,974.35,332.2156570893742,chiang_mai,False,0,15.641666666666666,False
2025-10-15,15.641666666666666,15.666666666666666,1309.5416666666667,0.0,24.541666666666668,89.29166666666667,3.7583333333333333,17.1,974.6291666666666,356.87649718549113,chiang_mai,False,0,12.658333333333333,False
2025-10-16,12.658333333333333,12.691666666666665,866.0,0.0,25.47083333333333,85.5,3.4375,13.100000000000001,975.9,268.4405973693503,chiang_mai,False,0,20.645833333333332,False
2025-10-17,20.645833333333332,20.745833333333334,1273.0,0.0,25.854166666666668,85.91666666666667,4.104166666666667,4.6,976.6958333333333,342.8127383764024,chiang_mai,False,0,22.804166666666664,False
2025-10-18,22.804166666666664,23.09583333333333,1348.7916666666667,0.0,26.304166666666664,82.625,3.6750000000000003,0.30000000000000004,975.9666666666667,349.60039461471996,chiang_mai,False,0,16.954166666666666,False
2025-10-19,16.954166666666666,17.162499999999998,1542.4583333333333,0.0,26.133333333333336,80.95833333333333,4.1625000000000005,7.5,975.1625,343.45226159177093,chiang_mai,False,0,21.420833333333334,False
2025-10-20,21.420833333333334,21.5125,1402.2916666666667,0.0,26.229166666666668,78.25,4.104166666666667,0.1,975.3833333333333,335.3658241178038,chiang_mai,False,0,21.683333333333334,False
2025-10-21,21.683333333333334,21.71666666666667,1231.75,0.0,26.554166666666664,74.29166666666667,4.983333333333333,0.1,975.7666666666668,341.6918620661597,chiang_mai,False,0,15.454166666666666,False
2025-10-22,15.454166666666666,15.475,714.2083333333334,0.0,25.787499999999998,67.83333333333333,11.079166666666666,0.0,976.775,351.2452309791396,chiang_mai,False,0,17.1125,False
2025-10-23,17.1125,17.2,1165.375,0.0,25.2,69.91666666666667,7.783333333333334,0.0,977.3208333333333,349.8915510233731,chiang_mai,False,0,22.5125,False
2025-10-24,22.5125,22.683333333333334,888.7916666666666,0.0,25.145833333333332,76.375,4.195833333333334,0.9,977.3541666666666,304.7822733696841,chiang_mai,False,0,27.829166666666666,False
2025-10-25,27.829166666666666,27.90416666666667,1362.75,0.0,25.445833333333336,74.91666666666667,2.2416666666666667,0.2,977.0166666666668,338.9917228702241,chiang_mai,False,0,23.78333333333333,False
2025-10-26,23.78333333333333,23.858333333333334,1445.7083333333333,0.0,25.84166666666667,75.625,3.216666666666667,0.1,977.1041666666666,347.0521028397747,chiang_mai,False,0,23.72083333333333,False
2025-10-27,23.72083333333333,23.733333333333334,1397.75,0.0,25.804166666666664,73.875,5.0625,0.0,977.6583333333333,343.53072426617365,chiang_mai,False,0,17.470833333333335,False
2025-10-28,17.470833333333335,17.483333333333334,1274.75,0.0,25.683333333333334,68.58333333333333,6.0375000000000005,0.0,977.3416666666667,333.6271555713136,chiang_mai,False,0,18.045833333333334,False
2025-10-29,18.045833333333334,18.075,1426.6666666666667,0.0,25.958333333333332,70.45833333333333,3.9583333333333335,0.0,976.5083333333333,331.7657311966374,chiang_mai,False,0,20.304166666666667,False
2025-10-30,20.304166666666667,20.316666666666666,1197.4583333333333,0.0,26.90416666666667,68.70833333333333,4.970833333333333,0.0,976.1416666666668,345.2275487904366,chiang_mai,False,0,22.379166666666666,False
2025-10-31,22.379166666666666,22.395833333333332,826.5,0.0,26.6875,73.04166666666667,6.016666666666667,3.0,976.375,295.8561512163193,chiang_mai,False,0,11.895833333333334,False
2025-11-01,11.895833333333334,11.945833333333333,621.5416666666666,0.0,24.8125,88.41666666666667,5.4624999999999995,35.1,976.5291666666667,249.1443991674979,chiang_mai,False,0,11.766666666666666,False
2025-11-02,11.766666666666666,11.7875,556.2083333333334,0.0,24.45,89.70833333333333,5.3,24.3,975.7583333333333,243.21945562737727,chiang_mai,False,0,14.579166666666666,False
2025-11-03,14.579166666666666,14.65,724.75,0.0,24.2,87.95833333333333,5.241666666666666,32.2,975.3208333333333,221.9099167563804,chiang_mai,False,0,15.991666666666667,False
2025-11-04,15.991666666666667,16.016666666666666,1063.8333333333333,0.0,24.662499999999998,84.75,3.4958333333333336,14.2,975.6999999999999,242.3302061012286,chiang_mai,False,0,22.308333333333334,False
2025-11-05,22.308333333333334,22.337500000000002,1080.3333333333333,0.0,25.05,82.29166666666667,3.7624999999999997,2.7,974.725,218.66017147119308,chiang_mai,False,0,34.68333333333333,False
2025-11-06,34.68333333333333,34.704166666666666,1979.0,0.0,25.22083333333333,84.41666666666667,2.5791666666666666,1.8,974.5208333333334,308.8613411740552,chiang_mai,False,0,27.704166666666666,False
2025-11-07,27.704166666666666,27.741666666666664,1776.2916666666667,0.0,26.25,79.16666666666667,4.125,0.0,973.3833333333333,330.362103008071,chiang_mai,False,0,22.09583333333333,False
2025-11-08,22.09583333333333,22.133333333333336,1471.375,0.0,24.77916666666667,90.125,2.7708333333333335,27.6,974.2624999999999,260.67184411361166,chiang_mai,False,0,10.916666666666666,False
2025-11-09,10.916666666666666,10.924999999999999,1241.9583333333333,0.0,24.183333333333334,91.41666666666667,2.9958333333333336,26.4,974.5833333333334,277.76276829432743,chiang_mai,False,0,11.758333333333333,False
2025-11-10,11.758333333333333,11.770833333333334,1426.9166666666667,0.0,24.391666666666666,89.375,3.591666666666667,11.299999999999999,974.5333333333333,325.4711723935728,chiang_mai,False,0,18.604166666666668,False
2025-11-11,18.604166666666668,18.633333333333333,1552.375,0.0,25.320833333333336,84.33333333333333,2.6916666666666664,0.2,974.3291666666668,355.7716568595432,chiang_mai,False,0,30.1125,False
2025-11-12,30.1125,30.141666666666666,1538.4583333333333,0.0,26.120833333333334,78.875,2.8791666666666664,0.1,975.5916666666667,2.004036185407074,chiang_mai,False,0,30.358333333333334,False
2025-11-13,30.358333333333334,30.379166666666666,1310.5833333333333,0.0,25.820833333333336,79.04166666666667,4.079166666666667,0.2,977.4291666666667,257.4501608132604,chiang_mai,False,0,19.358333333333334,False
2025-11-14,19.358333333333334,19.358333333333334,1646.1666666666667,0.0,25.241666666666664,82.95833333333333,3.591666666666667,0.8,977.9708333333333,205.07266606915215,chiang_mai,False,0,28.7,False
2025-11-15,28.7,28.704166666666666,1797.625,0.0,24.704166666666666,82.125,3.3958333333333335,7.1,979.2916666666666,262.6559311908626,chiang_mai,False,0,22.275000000000002,False
2025-11-16,22.275000000000002,22.429166666666664,1264.2083333333333,0.0,24.545833333333334,72.70833333333333,6.9125000000000005,0.1,980.4541666666668,339.32498060882386,chiang_mai,False,0,14.758333333333333,False
2025-11-17,14.758333333333333,14.9125,839.4583333333334,0.0,24.320833333333336,72.08333333333333,8.204166666666667,2.8,980.0083333333333,347.1222489320392,chiang_mai,False,0,21.933333333333334,False
2025-11-18,21.933333333333334,22.041666666666668,816.25,0.0,22.645833333333332,86.04166666666667,6.791666666666667,14.9,980.0875,341.93110683579727,chiang_mai,False,0,11.916666666666666,False
2025-11-19,11.916666666666666,11.941666666666668,828.7916666666666,0.0,21.8875,86.66666666666667,5.8625,1.8,981.3625000000001,338.5660130808416,chiang_mai,False,0,14.683333333333332,False
2025-11-20,14.683333333333332,14.7125,982.0,0.0,21.879166666666666,68.875,9.737499999999999,0.0,981.9041666666667,350.70774567981607,chiang_mai,False,0,15.637500000000001,False
2025-11-21,15.637500000000001,15.754166666666668,574.7083333333334,0.0,22.337500000000002,64.33333333333333,11.329166666666666,0.0,982.2333333333332,341.839553475786,chiang_mai,False,0,18.404166666666665,False
2025-11-22,18.404166666666665,18.483333333333334,1378.3333333333333,0.0,21.52916666666667,72.45833333333333,4.941666666666667,0.0,980.6374999999999,11.009163643242687,chiang_mai,False,0,23.508333333333336,False
2025-11-23,23.508333333333336,23.558333333333334,1457.5416666666667,0.0,21.979166666666668,77.66666666666667,4.045833333333333,0.0,980.025,8.653074919836968,chiang_mai,False,0,18.787499999999998,False
2025-11-24,18.787499999999998,18.8625,989.9583333333334,0.0,22.066666666666666,73.875,6.654166666666666,0.0,979.6708333333332,336.42224731293015,chiang_mai,False,0,11.3125,False
2025-11-25,11.3125,11.358333333333334,551.0833333333334,0.0,21.34583333333333,66.875,10.991666666666667,0.0,980.0166666666668,341.7192325362013,chiang_mai,False,0,20.145833333333332,False
2025-11-26,20.145833333333332,20.358333333333334,674.625,0.5833333333333334,20.1125,66.41666666666667,9.095833333333333,0.0,979.8375,339.0098542715197,chiang_mai,False,0,17.695833333333333,False
2025-11-27,17.695833333333333,17.979166666666668,565.5833333333334,0.5416666666666666,19.691666666666666,62.541666666666664,10.975,0.0,981.5166666666668,349.67591642726666,chiang_mai,False,0,14.041666666666666,False
2025-11-28,14.041666666666666,14.2125,698.5,0.0,18.429166666666667,57.666666666666664,10.025,0.0,979.9958333333334,336.8315314219878,chiang_mai,False,0,17.933333333333334,False
2025-11-29,17.933333333333334,18.191666666666666,1464.4583333333333,0.0,17.120833333333334,68.66666666666667,2.9458333333333333,0.0,978.0625,327.5857427648448,chiang_mai,False,0,28.59583333333333,False
2025-11-30,28.59583333333333,28.7625,1488.4583333333333,0.0,18.329166666666666,71.75,3.3708333333333336,0.0,977.3583333333332,304.11568487632655,chiang_mai,False,0,30.625,False
2025-12-01,30.625,30.629166666666666,1537.7916666666667,0.0,19.45,72.79166666666667,2.8874999999999997,0.0,977.275,305.8699269351479,chiang_mai,False,0,32.75833333333333,False
2025-12-02,32.75833333333333,32.7625,1558.5833333333333,0.0,20.191666666666666,68.41666666666667,2.404166666666667,0.0,976.9541666666668,299.02312829739185,chiang_mai,False,0,29.116666666666664,False
2025-12-03,29.116666666666664,29.145833333333332,1555.0833333333333,0.0,21.462500000000002,73.70833333333333,2.8541666666666665,0.0,978.5208333333334,320.55343795312064,chiang_mai,False,0,24.604166666666668,False
2025-12-04,24.604166666666668,24.604166666666668,1355.0833333333333,0.0,21.920833333333334,75.75,3.4416666666666664,0.0,979.5041666666666,323.4511728498119,chiang_mai,False,0,26.041666666666668,False
2025-12-05,26.041666666666668,26.054166666666664,1393.5833333333333,0.0,22.683333333333334,74.91666666666667,2.8874999999999997,0.0,980.1291666666666,316.0493508193576,chiang_mai,False,0,31.599999999999998,False
2025-12-06,31.599999999999998,31.71666666666667,1350.4583333333333,0.0,23.545833333333334,79.66666666666667,3.5708333333333333,0.7999999999999999,979.3083333333334,270.45702274696947,chiang_mai,False,0,31.866666666666664,False
2025-12-07,31.866666666666664,31.9875,1526.0,0.0,24.104166666666668,78.95833333333333,2.495833333333333,0.2,978.65,298.49699775798086,chiang_mai,False,0,31.275000000000002,False
2025-12-08,31.275000000000002,31.583333333333332,1256.6666666666667,0.4583333333333333,23.666666666666668,77.75,4.1875,0.9,979.3458333333333,322.76834175978394,chiang_mai,False,0,33.612500000000004,False
2025-12-09,33.612500000000004,34.425000000000004,1677.3333333333333,1.4583333333333333,22.7625,76.54166666666667,3.154166666666667,0.6,979.5333333333333,292.2946436963333,chiang_mai,False,0,28.46666666666667,False
2025-12-10,28.46666666666667,28.991666666666664,1455.0833333333333,1.2083333333333333,21.820833333333336,73.16666666666667,2.8625000000000003,0.0,979.5291666666667,1.4652883552938647,chiang_mai,False,0,28.912499999999998,False
2025-12-11,28.912499999999998,29.304166666666664,1245.9166666666667,0.8333333333333334,21.308333333333334,71.5,4.120833333333334,0.0,979.0541666666667,303.36051274343515,chiang_mai,False,0,33.30833333333333,False
2025-12-12,33.30833333333333,33.612500000000004,1374.8333333333333,0.125,22.945833333333336,77.25,2.7291666666666665,1.1,978.4958333333334,196.34015046659061,chiang_mai,False,0,32.86666666666667,False
2025-12-13,32.86666666666667,33.05833333333333,1345.9166666666667,0.0,22.433333333333334,81.375,3.875,0.0,978.9708333333333,353.71517718596255,chiang_mai,False,0,23.90416666666667,False
2025-12-14,23.90416666666667,24.041666666666668,1281.2916666666667,0.0,22.395833333333332,81.875,4.191666666666667,0.6,979.7291666666666,347.43562844404374,chiang_mai,False,0,23.583333333333332,False
2025-12-15,23.583333333333332,23.65416666666667,1366.5833333333333,0.0,22.775000000000002,80.66666666666667,2.6750000000000003,0.0,979.3708333333334,300.29523046572837,chiang_mai,False,0,24.295833333333334,False
2025-12-16,24.295833333333334,24.379166666666666,1468.0833333333333,0.0,22.870833333333334,76.75,3.295833333333334,0.0,978.3041666666667,287.02647693474756,chiang_mai,False,0,21.287499999999998,False
2025-12-17,21.287499999999998,21.3625,1111.0833333333333,0.0,22.958333333333332,76.75,4.875,6.9,979.0291666666667,288.8830824293889,chiang_mai,False,0,21.8875,False
2025-12-18,21.8875,22.445833333333336,1109.2083333333333,0.7916666666666666,22.116666666666664,79.08333333333333,4.745833333333333,2.2,979.3166666666666,324.2599728877799,chiang_mai,False,0,28.662499999999998,False
2025-12-19,28.662499999999998,29.454166666666666,1116.0833333333333,1.2916666666666667,22.34583333333333,76.33333333333333,3.8708333333333336,0.5,977.65,299.5676226396582,chiang_mai,False,0,28.291666666666668,False
2025-12-20,28.291666666666668,28.745833333333334,1181.875,0.7916666666666666,21.808333333333334,72.375,3.391666666666667,0.0,976.8458333333333,295.58324330534333,chiang_mai,False,0,22.520833333333332,False
2025-12-21,22.520833333333332,22.97083333333333,1145.25,0.5833333333333334,21.775000000000002,70.16666666666667,3.904166666666667,0.0,978.6416666666668,324.1582634126299,chiang_mai,False,0,21.34166666666667,False
2025-12-22,21.34166666666667,22.004166666666666,1202.2083333333333,1.375,21.3875,71.95833333333333,3.4625,0.0,977.8541666666666,352.4075835636382,chiang_mai,False,0,19.508333333333333,False
2025-12-23,19.508333333333333,19.75,1133.5833333333333,0.16666666666666666,22.2,71.04166666666667,3.3000000000000003,0.0,976.3291666666668,299.0964946206784,chiang_mai,False,0,22.0,False
2025-12-24,22.0,22.40416666666667,1128.0,0.5,22.97083333333333,67.95833333333333,3.683333333333333,0.0,975.9125,4.417598444650309,chiang_mai,False,0,28.683333333333334,False
2025-12-25,28.683333333333334,29.2,1184.4166666666667,1.0833333333333333,22.679166666666664,67.33333333333333,4.191666666666667,0.0,977.1041666666666,329.21581220694037,chiang_mai,False,0,23.608333333333334,False
2025-12-26,23.608333333333334,24.09583333333333,1123.5,0.7916666666666666,22.325,67.83333333333333,3.8541666666666665,0.0,977.3958333333334,250.14336353767754,chiang_mai,False,0,22.03333333333333,False
2025-12-27,22.03333333333333,22.441666666666666,1456.625,0.9583333333333334,21.958333333333332,70.29166666666667,3.3249999999999997,0.2,977.9333333333334,318.0595065441282,chiang_mai,False,0,25.520833333333332,False
2025-12-28,25.520833333333332,25.8,1225.5416666666667,0.25,21.866666666666664,70.08333333333333,3.475,0.0,978.4625,357.12226343358304,chiang_mai,False,0,29.84166666666667,False
2025-12-29,29.84166666666667,30.099999999999998,1441.75,0.0,21.829166666666666,70.5,3.1666666666666665,0.0,977.2708333333334,358.16533560249167,chiang_mai,False,0,23.412499999999998,False
2025-12-30,23.412499999999998,23.77916666666667,1361.5416666666667,0.0,21.025000000000002,69.75,3.2875,0.0,976.1708333333332,341.0983551661122,chiang_mai,False,0,26.0625,False
2025-12-31,26.0625,26.21666666666667,1257.7916666666667,0.0,21.3625,70.91666666666667,3.1666666666666665,0.0,974.6208333333334,339.5315544271275,chiang_mai,False,0,27.504166666666666,False
2026-01-01,27.504166666666666,27.566666666666666,1373.5,0.0,21.366666666666664,73.54166666666667,3.045833333333333,0.0,976.1,333.21910483572526,chiang_mai,False,0,32.68333333333333,False
2026-01-02,32.68333333333333,32.81666666666667,1170.7083333333333,0.0,21.2,71.04166666666667,3.5625,0.0,978.5500000000001,279.1324534361414,chiang_mai,False,0,26.7625,False
2026-01-03,26.7625,26.900000000000002,1515.25,0.0,21.158333333333335,73.16666666666667,4.116666666666666,0.30000000000000004,979.8083333333334,245.57373555532706,chiang_mai,False,0,24.458333333333332,False
2026-01-04,24.458333333333332,24.604166666666668,1856.9583333333333,0.0,20.875,74.5,3.579166666666667,0.0,979.5791666666668,264.5184073641874,chiang_mai,False,0,27.458333333333332,False
2026-01-05,27.458333333333332,27.6125,1611.75,0.0,21.104166666666668,71.25,2.4,0.0,979.8666666666667,3.4974532332850004,chiang_mai,False,0,27.150000000000002,False
2026-01-06,27.150000000000002,27.27916666666667,1548.0416666666667,0.0,20.520833333333332,69.83333333333333,2.9250000000000003,0.0,980.4541666666668,301.9042560123685,chiang_mai,False,0,27.8875,False
2026-01-07,27.8875,28.1375,1190.9583333333333,0.0,20.016666666666666,72.75,3.7583333333333333,0.0,981.6041666666666,270.808817821368,chiang_mai,False,0,20.366666666666667,False
2026-01-08,20.366666666666667,20.45,1217.8333333333333,0.0,19.675,70.08333333333333,2.5416666666666665,0.0,982.6791666666667,291.85670926491304,chiang_mai,False,0,24.27916666666667,False
2026-01-09,24.27916666666667,24.308333333333334,1407.2083333333333,0.0,18.991666666666667,68.16666666666667,2.8874999999999997,0.0,981.8208333333333,244.09996587021033,chiang_mai,False,0,25.754166666666666,False
2026-01-10,25.754166666666666,25.808333333333334,1534.5833333333333,0.0,18.912499999999998,66.375,2.983333333333333,0.0,980.3541666666666,291.7568392626667,chiang_mai,False,0,32.8375,False
2026-01-11,32.8375,32.94583333333333,1387.2083333333333,0.0,19.141666666666666,67.16666666666667,4.1499999999999995,0.0,982.1125000000001,289.17077867948706,chiang_mai,False,0,33.925000000000004,False
2026-01-12,33.925000000000004,34.112500000000004,1666.25,0.0,19.2,67.79166666666667,2.6750000000000003,0.0,981.5375,316.31510925860266,chiang_mai,False,0,35.61666666666667,False
2026-01-13,35.61666666666667,35.72083333333333,1577.875,0.0,20.133333333333333,72.16666666666667,3.204166666666667,0.0,979.9666666666667,309.4320019536137,chiang_mai,False,0,30.104166666666668,False
2026-01-14,30.104166666666668,30.145833333333332,1809.2916666666667,0.0,20.962500000000002,69.5,2.75,0.0,977.7291666666666,343.67335988305075,chiang_mai,False,0,27.604166666666668,False
2026-01-15,27.604166666666668,27.745833333333334,1595.5833333333333,0.0,21.6125,69.41666666666667,1.8708333333333333,0.0,977.2208333333333,317.5382861626644,chiang_mai,False,0,29.120833333333334,False
2026-01-16,29.120833333333334,29.3875,1496.625,0.20833333333333334,21.429166666666664,76.375,3.75,0.0,975.8916666666668,315.2665631900255,chiang_mai,False,0,28.379166666666666,False
2026-01-17,28.379166666666666,28.9875,1314.9166666666667,0.625,21.566666666666666,73.0,3.1291666666666664,0.0,974.8958333333334,327.5164105298949,chiang_mai,False,0,24.891666666666666,False
2026-01-18,24.891666666666666,25.633333333333336,1375.1666666666667,1.0833333333333333,21.325,63.0,2.9,0.0,974.725,334.6791887854157,chiang_mai,False,0,18.345833333333335,False
2026-01-19,18.345833333333335,18.8,1361.75,0.0,21.099999999999998,66.83333333333333,3.029166666666667,0.0,975.3833333333333,312.1363712841575,chiang_mai,False,0,19.466666666666665,False
2026-01-20,19.466666666666665,20.016666666666666,1416.4583333333333,0.0,21.370833333333334,65.20833333333333,2.4125,0.0,976.3458333333333,298.0105141081168,chiang_mai,False,0,21.870833333333334,False
2026-01-21,21.870833333333334,22.258333333333336,1320.5416666666667,0.0,21.270833333333332,60.416666666666664,3.275,0.0,977.7208333333333,322.51470584939364,chiang_mai,False,0,26.4875,False
2026-01-22,26.4875,26.645833333333332,1289.0,0.0,21.983333333333334,66.125,3.720833333333333,0.0,979.1791666666667,257.2260336286785,chiang_mai,False,0,29.433333333333334,False
2026-01-23,29.433333333333334,29.6375,1578.0833333333333,0.0,21.90833333333333,71.25,3.095833333333333,0.1,981.1916666666666,263.37196980433873,chiang_mai,False,0,31.616666666666664,False
2026-01-24,31.616666666666664,31.854166666666668,1439.4583333333333,0.0,21.283333333333335,70.33333333333333,3.9250000000000003,0.0,980.7291666666666,229.71998605648685,chiang_mai,False,0,27.78333333333333,False
2026-01-25,27.78333333333333,28.02916666666667,1492.25,0.0,21.3875,66.625,2.891666666666667,0.0,979.2166666666667,203.6085466843044,chiang_mai,False,0,33.483333333333334,False
2026-01-26,33.483333333333334,33.75,1472.8333333333333,0.0,21.454166666666666,60.333333333333336,3.2375000000000003,0.0,979.7291666666666,330.74948350927554,chiang_mai,False,0,30.695833333333336,False
2026-01-27,30.695833333333336,30.875,1390.125,0.0,21.52916666666667,62.416666666666664,3.4125,0.0,980.4708333333333,311.65884682954555,chiang_mai,False,0,33.791666666666664,False
2026-01-28,33.791666666666664,34.775,1327.4583333333333,1.5833333333333333,21.875,61.375,3.483333333333333,0.0,979.8625000000001,329.44367787545673,chiang_mai,False,0,30.224999999999998,False
2026-01-29,30.224999999999998,31.05416666666667,1402.875,1.2916666666666667,22.162499999999998,64.66666666666667,3.65,0.0,978.8666666666667,340.2812902593849,chiang_mai,False,0,29.925,False
2026-01-30,29.925,31.099999999999998,1497.125,2.0,22.3875,62.208333333333336,2.9333333333333336,0.0,979.3874999999999,3.9629880644660602,chiang_mai,False,0,34.483333333333334,False
2026-01-31,34.483333333333334,35.67916666666667,1406.3333333333333,2.0833333333333335,22.541666666666668,63.625,3.65,0.0,979.8833333333333,341.1471456280389,chiang_mai,False,0,34.06666666666667,False
2026-02-01,34.06666666666667,35.175000000000004,1506.5833333333333,2.0,22.9875,61.041666666666664,3.0083333333333333,0.0,980.1208333333334,239.24798678937458,chiang_mai,False,0,36.9375,False
2026-02-02,36.9375,38.07083333333333,1597.2916666666667,1.9166666666666667,22.995833333333334,64.41666666666667,3.1291666666666664,0.0,980.5958333333333,275.14696956409824,chiang_mai,False,0,33.875,False
2026-02-03,33.875,34.5375,1562.5833333333333,1.0,22.633333333333336,62.958333333333336,2.85,0.0,981.5916666666667,277.34284721691324,chiang_mai,False,0,28.854166666666668,False
2026-02-04,28.854166666666668,29.366666666666664,1561.5833333333333,0.875,22.825,60.541666666666664,2.5791666666666666,0.0,980.0875,337.1110266413117,chiang_mai,False,0,30.008333333333336,False
2026-02-05,30.008333333333336,30.441666666666666,1449.0416666666667,0.625,23.09166666666667,61.0,3.204166666666667,0.0,978.2624999999999,291.2549853087112,chiang_mai,False,0,30.875,False
2026-02-06,30.875,31.358333333333334,1489.7083333333333,0.7083333333333334,23.508333333333336,63.75,2.670833333333333,0.0,976.9291666666667,335.0686082277638,chiang_mai,False,0,30.34583333333333,False
2026-02-07,30.34583333333333,30.704166666666666,1274.2083333333333,0.5,23.912499999999998,61.5,2.8833333333333333,0.0,976.0833333333334,335.7568528365283,chiang_mai,False,0,28.075,False
2026-02-08,28.075,28.429166666666664,1233.0833333333333,0.0,24.254166666666666,62.916666666666664,5.291666666666667,0.0,976.7833333333333,240.34047104585179,chiang_mai,False,0,32.2875,False
2026-02-09,32.2875,32.583333333333336,974.6666666666666,0.0,23.5125,76.79166666666667,5.508333333333333,3.0,977.9416666666666,202.12568558719013,chiang_mai,False,0,35.07083333333333,False
2026-02-10,35.07083333333333,35.483333333333334,1272.0416666666667,0.041666666666666664,24.383333333333336,71.83333333333333,3.0208333333333335,0.0,978.2708333333334,25.549607762925064,chiang_mai,False,0,36.449999999999996,False
2026-02-11,36.449999999999996,37.03333333333333,1290.9583333333333,0.625,25.15416666666667,65.58333333333333,3.2583333333333333,0.1,979.1083333333332,292.7581084097733,chiang_mai,False,0,26.40833333333333,False
2026-02-12,26.40833333333333,26.8125,1299.6666666666667,0.2916666666666667,25.462500000000002,60.208333333333336,4.9375,0.0,977.625,351.7568830191426,chiang_mai,False,0,20.345833333333335,False
2026-02-13,20.345833333333335,20.787499999999998,1322.0416666666667,0.0,24.575,55.916666666666664,3.8541666666666665,0.0,976.2583333333333,5.275945199041075,chiang_mai,False,0,21.337500000000002,False
2026-02-14,21.337500000000002,21.708333333333332,1317.9583333333333,0.0,24.354166666666668,54.416666666666664,3.266666666666667,0.0,976.0041666666666,2.8595504586554625,chiang_mai,False,0,23.754166666666666,False
2026-02-15,23.754166666666666,24.104166666666668,1289.8333333333333,0.0,24.691666666666666,56.583333333333336,3.6,0.0,975.5291666666667,3.9083366372597084,chiang_mai,False,0,25.1875,False
2026-02-16,25.1875,25.829166666666666,1248.8333333333333,0.8333333333333334,24.900000000000002,59.0,3.3708333333333336,0.0,975.2208333333333,350.86578648867317,chiang_mai,False,0,29.883333333333336,False
2026-02-17,29.883333333333336,30.304166666666664,1346.8333333333333,0.4166666666666667,25.191666666666666,59.916666666666664,3.7375000000000003,0.0,975.5875,274.0394069787319,chiang_mai,False,0,47.25,True
2026-02-18,47.25,47.8125,1346.375,0.5,25.666666666666668,66.16666666666667,3.858333333333333,0.0,977.4375,261.1664999589316,chiang_mai,True,2,38.262499999999996,True
2026-02-19,38.262499999999996,38.7875,1311.875,0.0,25.416666666666668,72.41666666666667,4.6125,0.7,979.3833333333333,268.56738616350685,chiang_mai,True,3,20.6125,False
2026-02-20,20.6125,20.870833333333334,1415.5833333333333,0.0,25.804166666666664,70.375,4.991666666666666,0.2,979.2624999999999,338.266947207441,chiang_mai,False,0,25.666666666666668,False
2026-02-21,25.666666666666668,25.9375,1463.4166666666667,0.0,25.170833333333334,77.875,3.3541666666666665,0.0,974.8916666666668,303.64029045987684,chiang_mai,False,0,41.604166666666664,True
2026-02-22,41.604166666666664,42.00416666666667,1823.0833333333333,0.25,23.9375,78.375,3.420833333333333,0.0,973.1833333333334,336.17444435216856,chiang_mai,True,2,33.391666666666666,False
2026-02-23,33.391666666666666,33.7875,1960.375,0.08333333333333333,24.474999999999998,80.16666666666667,2.795833333333333,0.2,973.1333333333333,324.3464682459225,chiang_mai,False,0,31.358333333333334,False
2026-02-24,31.358333333333334,32.00833333333333,1336.375,0.4583333333333333,24.741666666666664,71.83333333333333,5.5249999999999995,0.0,974.6166666666667,339.3844359652407,chiang_mai,False,0,26.59166666666667,False
2026-02-25,26.59166666666667,26.954166666666666,569.0416666666666,0.125,23.150000000000002,64.125,13.1,0.0,976.2041666666668,338.3332144099508,chiang_mai,False,0,16.420833333333334,False
2026-02-26,16.420833333333334,16.662499999999998,1233.875,0.0,23.587500000000002,69.41666666666667,4.608333333333333,0.0,973.6958333333333,349.74493337558783,chiang_mai,False,0,22.8125,False
2026-02-27,22.8125,23.291666666666668,1372.0833333333333,0.375,25.133333333333336,66.70833333333333,3.5583333333333336,0.30000000000000004,971.1875,311.06958740095934,chiang_mai,False,0,27.704166666666666,False
2026-02-28,27.704166666666666,28.166666666666668,1059.2083333333333,0.6666666666666666,25.90416666666667,57.375,5.608333333333333,0.0,970.6999999999999,267.45978412671343,chiang_mai,False,0,32.4375,False
2026-03-01,32.4375,32.875,1132.5833333333333,0.75,25.020833333333332,55.958333333333336,5.445833333333333,0.0,971.875,255.83601584775442,chiang_mai,False,0,27.75,False
2026-03-02,27.75,27.979166666666668,1168.5,0.375,24.4375,53.5,2.9250000000000003,0.0,973.5708333333333,334.8900776006136,chiang_mai,False,0,40.824999999999996,True
2026-03-03,40.824999999999996,44.0875,1330.3333333333333,6.541666666666667,24.758333333333336,52.333333333333336,2.9916666666666667,0.0,974.1208333333334,298.0364682760092,chiang_mai,True,2,62.36666666666667,True
2026-03-04,62.36666666666667,67.0625,1482.2916666666667,9.583333333333334,25.075,53.166666666666664,3.404166666666667,0.0,973.8916666666668,350.9931100120497,chiang_mai,True,3,58.9125,True
2026-03-05,58.9125,62.9125,1293.875,7.708333333333333,25.808333333333334,55.75,3.720833333333333,0.0,973.2666666666668,327.7936787780207,chiang_mai,True,4,49.1625,True
2026-03-06,49.1625,51.53333333333333,1403.0,4.166666666666667,25.287499999999998,63.125,5.104166666666667,0.3,975.8166666666666,244.6199580256864,chiang_mai,True,5,42.1875,True
2026-03-07,42.1875,43.71666666666667,1559.125,2.5,26.183333333333334,64.41666666666667,3.6999999999999997,0.1,976.7416666666667,228.4172273550088,chiang_mai,True,6,42.96666666666667,True
2026-03-08,42.96666666666667,46.28333333333333,1629.9583333333333,6.5,27.229166666666668,57.041666666666664,3.0,0.0,976.4083333333333,286.1662626434795,chiang_mai,True,7,42.675000000000004,True
2026-03-09,42.675000000000004,45.75833333333333,1546.875,5.75,27.224999999999998,58.5,3.1374999999999997,0.1,977.5541666666667,5.693370091899396,chiang_mai,True,8,40.949999999999996,True
2026-03-10,40.949999999999996,43.92083333333333,1375.875,5.5,24.883333333333336,70.83333333333333,5.329166666666667,10.9,979.6625,323.2880645076603,chiang_mai,True,9,28.90833333333333,False
2026-03-11,28.90833333333333,30.541666666666668,1484.25,3.1666666666666665,22.620833333333334,78.75,5.341666666666666,3.7,978.8791666666666,284.8907111572077,chiang_mai,False,0,36.975,False
2026-03-12,36.975,39.637499999999996,1866.75,5.25,23.412499999999998,71.125,4.0249999999999995,0.1,976.8125,303.7264458201426,chiang_mai,False,0,31.8,False
2026-03-13,31.8,33.4375,1642.625,3.1666666666666665,23.016666666666666,74.54166666666667,4.116666666666666,0.9,978.4458333333333,356.9230581461913,chiang_mai,False,0,30.125,False
2026-03-14,30.125,31.329166666666666,1827.25,2.375,23.3,75.75,3.3625000000000003,0.4,979.5124999999999,216.1781163240493,chiang_mai,False,0,38.391666666666666,True
2026-03-15,38.391666666666666,40.90833333333333,1518.5416666666667,5.083333333333333,24.516666666666666,68.70833333333333,3.3541666666666665,0.6,979.0333333333333,342.2725422779356,chiang_mai,True,2,43.84166666666667,True
2026-03-16,43.84166666666667,47.729166666666664,1454.75,7.416666666666667,24.445833333333336,71.70833333333333,3.3833333333333333,2.1,976.9583333333334,279.8769876517959,chiang_mai,True,3,45.175000000000004,True
2026-03-17,45.175000000000004,48.74583333333334,1746.2083333333333,7.041666666666667,24.425,71.91666666666667,4.158333333333333,0.1,975.8958333333334,287.5485277513122,chiang_mai,True,4,29.40416666666667,False
2026-03-18,29.40416666666667,31.020833333333332,1727.0833333333333,3.125,25.6875,58.0,2.4125,0.0,976.0083333333333,272.8692563947486,chiang_mai,False,0,27.983333333333334,False
2026-03-19,27.983333333333334,29.579166666666666,1418.2916666666667,2.9166666666666665,25.883333333333336,52.416666666666664,3.4499999999999997,0.0,975.3041666666667,266.81788272562267,chiang_mai,False,0,26.90833333333333,False
2026-03-20,26.90833333333333,28.7,1421.0,2.875,26.541666666666668,48.708333333333336,2.3958333333333335,0.0,974.775,325.43838221929207,chiang_mai,False,0,35.641666666666666,False
2026-03-21,35.641666666666666,37.762499999999996,1099.9166666666667,3.9583333333333335,26.925,50.458333333333336,4.541666666666667,0.0,975.1583333333333,271.3822375918912,chiang_mai,False,0,23.979166666666668,False
2026-03-22,23.979166666666668,26.233333333333334,1230.4583333333333,4.25,27.7375,53.708333333333336,7.5625,0.0,974.4041666666667,234.9937935414801,chiang_mai,False,0,21.154166666666665,False
2026-03-23,21.154166666666665,24.933333333333334,948.0416666666666,6.916666666666667,27.099999999999998,48.375,6.220833333333334,0.0,974.3708333333334,265.6257208260854,chiang_mai,False,0,25.837500000000002,False
2026-03-24,25.837500000000002,29.474999999999998,1198.125,6.708333333333333,26.400000000000002,44.291666666666664,3.9958333333333336,0.0,973.4333333333334,263.7983468912583,chiang_mai,False,0,30.045833333333334,False
2026-03-25,30.045833333333334,35.3125,1034.875,9.875,26.566666666666666,46.166666666666664,5.354166666666667,0.0,973.8083333333334,309.92338133611497,chiang_mai,False,0,38.25833333333333,True
2026-03-26,38.25833333333333,42.80416666666667,1412.0,8.125,26.491666666666664,46.666666666666664,3.9291666666666667,0.0,973.9791666666666,352.5831878607049,chiang_mai,True,2,31.058333333333334,False
2026-03-27,31.058333333333334,33.57083333333333,1096.625,4.125,27.270833333333332,45.333333333333336,6.154166666666666,0.0,972.7875,267.76426333840334,chiang_mai,False,0,36.208333333333336,False
2026-03-28,36.208333333333336,38.300000000000004,1162.25,3.8333333333333335,27.641666666666666,46.125,5.879166666666666,0.0,972.1708333333332,286.29792398013507,chiang_mai,False,0,46.8125,True
2026-03-29,46.8125,48.525,953.0,2.9166666666666665,28.383333333333336,44.458333333333336,6.366666666666667,0.0,972.6125000000001,272.23655302331,chiang_mai,True,2,56.67083333333333,True
2026-03-30,56.67083333333333,64.16666666666667,1101.0,14.958333333333334,28.47083333333333,42.916666666666664,5.470833333333334,0.0,972.7333333333332,257.5337781242357,chiang_mai,True,3,60.9125,True
2026-03-31,60.9125,71.79166666666667,1310.7916666666667,21.833333333333332,28.745833333333334,46.0,4.654166666666667,0.0,973.2208333333333,264.929890246911,chiang_mai,True,4,79.82083333333334,True
2026-04-01,79.82083333333334,96.32083333333333,1273.4583333333333,33.583333333333336,29.275000000000002,44.5,3.7375000000000003,0.1,973.4458333333333,273.1741570433312,chiang_mai,True,5,81.34583333333333,True
2026-04-02,81.34583333333333,96.50416666666666,1214.4166666666667,30.916666666666668,29.570833333333336,44.833333333333336,4.4624999999999995,0.0,973.4499999999999,259.1680948567849,chiang_mai,True,6,67.55416666666666,True
2026-04-03,67.55416666666666,77.8125,1108.2916666666667,20.833333333333332,29.7375,44.708333333333336,3.4250000000000003,0.0,972.525,243.84032599952965,chiang_mai,True,7,59.81666666666666,True
2026-04-04,59.81666666666666,69.17916666666666,1372.2083333333333,18.5,29.833333333333332,49.0,4.1125,0.0,971.2125,251.75040539710812,chiang_mai,True,8,70.24583333333334,True
2026-04-05,70.24583333333334,82.29583333333333,1297.75,23.958333333333332,30.72083333333333,48.541666666666664,4.629166666666666,0.1,970.3708333333334,188.71919313196844,chiang_mai,True,9,53.44166666666666,True
2026-04-06,53.44166666666666,61.36666666666667,1306.5416666666667,15.083333333333334,30.458333333333332,50.958333333333336,4.304166666666666,0.0,971.8083333333334,211.1481443168984,chiang_mai,True,10,56.979166666666664,True
2026-04-07,56.979166666666664,61.14166666666667,1096.4166666666667,8.0,30.53333333333333,53.458333333333336,5.741666666666667,0.0,972.6041666666666,237.17021179151538,chiang_mai,True,11,49.99166666666667,True
2026-04-08,49.99166666666667,52.291666666666664,1243.6666666666667,4.458333333333333,29.741666666666664,50.458333333333336,6.375,0.0,973.0958333333333,259.4257386798066,chiang_mai,True,12,32.07083333333333,False
2026-04-09,32.07083333333333,33.704166666666666,1169.2916666666667,2.7083333333333335,29.28333333333333,47.75,4.9375,0.1,973.8625000000001,242.3423005102969,chiang_mai,False,0,32.550000000000004,False
2026-04-10,32.550000000000004,35.795833333333334,996.6666666666666,5.166666666666667,29.566666666666666,47.333333333333336,4.966666666666667,0.0,973.5583333333334,258.5540438050628,chiang_mai,False,0,48.300000000000004,True
2026-04-11,48.300000000000004,54.395833333333336,1157.5,11.333333333333334,29.75,47.166666666666664,4.683333333333334,0.0,972.4,246.56865543071638,chiang_mai,True,2,60.050000000000004,True
2026-04-12,60.050000000000004,71.20416666666667,1151.5833333333333,22.5,28.8625,44.625,3.125,0.0,971.5333333333333,355.964017119306,chiang_mai,True,3,53.74166666666667,True
2026-04-13,53.74166666666667,65.52083333333333,1234.625,23.875,29.925,47.166666666666664,4.3999999999999995,0.0,972.5124999999999,277.17193717569285,chiang_mai,True,4,42.38333333333333,True
2026-04-14,42.38333333333333,52.2125,1151.75,19.666666666666668,30.304166666666664,47.416666666666664,3.141666666666667,0.0,972.8083333333334,322.5859034592351,chiang_mai,True,5,38.4625,True
2026-04-15,38.4625,48.37916666666666,916.0833333333334,19.916666666666668,30.587500000000002,41.958333333333336,5.6000000000000005,0.0,971.625,238.27274854712542,chiang_mai,True,6,58.96666666666667,True
2026-04-16,58.96666666666667,70.08749999999999,1152.9583333333333,22.25,30.620833333333334,43.666666666666664,2.9958333333333336,0.0,972.0541666666667,275.30532419012593,chiang_mai,True,7,99.375,True
2026-04-17,99.375,121.675,1335.0,43.708333333333336,30.75,46.583333333333336,4.808333333333334,0.0,972.8249999999999,311.85242304131395,chiang_mai,True,8,78.4375,True
2026-04-18,78.4375,98.9875,1559.4166666666667,41.875,31.0,47.916666666666664,5.9624999999999995,0.0,972.35,312.70761143893105,chiang_mai,True,9,52.53333333333333,True
2026-04-19,52.53333333333333,62.725,962.2083333333334,20.041666666666668,30.729166666666668,44.458333333333336,6.325,0.0,971.7833333333333,248.2801858876536,chiang_mai,True,10,47.449999999999996,True
2026-04-20,47.449999999999996,54.3375,1012.2916666666666,13.541666666666666,30.508333333333336,45.333333333333336,4.0125,0.0,971.7791666666667,258.51288725294785,chiang_mai,True,11,46.62083333333334,True
2026-04-21,46.62083333333334,56.1,984.6666666666666,18.833333333333332,30.662499999999998,48.583333333333336,6.020833333333333,0.0,971.25,232.74973923507227,chiang_mai,True,12,56.775,True
2026-04-22,56.775,71.18333333333334,1084.625,28.666666666666668,31.84166666666667,47.708333333333336,4.570833333333334,0.0,970.6833333333334,202.7360705335909,chiang_mai,True,13,60.27916666666667,True
2026-04-23,60.27916666666667,76.64583333333333,1059.0416666666667,31.208333333333332,30.883333333333336,54.791666666666664,3.420833333333333,0.2,970.5791666666668,321.145170200736,chiang_mai,True,14,48.59166666666667,True
2026-04-24,48.59166666666667,69.39166666666667,1207.0416666666667,41.916666666666664,30.90833333333333,55.958333333333336,3.408333333333333,0.0,971.7708333333334,252.54643425069247,chiang_mai,True,15,46.0875,True
2026-04-25,46.0875,57.425000000000004,1075.7083333333333,22.083333333333332,27.445833333333336,70.25,5.604166666666667,6.3999999999999995,975.4791666666666,286.7009652568578,chiang_mai,True,16,27.325,False
2026-04-26,27.325,31.620833333333334,1419.125,7.833333333333333,27.224999999999998,73.91666666666667,3.525,0.5,974.5708333333333,353.82194128784585,chiang_mai,False,0,38.80416666666667,True
2026-04-27,38.80416666666667,48.208333333333336,1104.2916666666667,18.416666666666668,27.9375,65.375,5.5874999999999995,0.8,972.5291666666667,346.4260125466661,chiang_mai,True,2,43.42916666666667,True
2026-04-28,43.42916666666667,55.6,1246.625,24.833333333333332,28.087500000000002,63.0,6.033333333333334,0.6,972.475,298.8705030082763,chiang_mai,True,3,41.670833333333334,True
2026-04-29,41.670833333333334,54.125,1143.7916666666667,24.208333333333332,27.15416666666667,67.75,4.491666666666666,3.2,973.8874999999999,313.9043087237502,chiang_mai,True,4,56.79583333333333,True
2026-04-30,56.79583333333333,76.28750000000001,1057.5833333333333,39.5,28.087500000000002,64.875,6.1499999999999995,0.2,974.9583333333334,236.69000999818132,chiang_mai,True,5,29.77916666666667,False
2026-05-01,29.77916666666667,37.03333333333333,1062.7916666666667,14.416666666666666,28.645833333333332,60.041666666666664,7.154166666666666,0.1,973.8958333333334,202.70396905192374,chiang_mai,False,0,16.570833333333333,False
2026-05-02,16.570833333333333,20.366666666666667,646.0416666666666,7.125,30.070833333333336,51.458333333333336,7.470833333333334,0.0,972.6374999999999,225.21165695359917,chiang_mai,False,0,20.845833333333335,False
2026-05-03,20.845833333333335,27.15416666666667,977.0,12.333333333333334,30.008333333333336,53.625,4.958333333333333,0.4,973.2958333333332,283.3714862209665,chiang_mai,False,0,22.766666666666666,False
2026-05-04,22.766666666666666,30.504166666666666,1031.375,15.041666666666666,31.079166666666666,49.458333333333336,3.4375,0.0,974.2375000000001,312.6810669988996,chiang_mai,False,0,30.391666666666666,False
2026-05-05,30.391666666666666,35.483333333333334,650.5416666666666,9.916666666666666,29.070833333333336,60.0,6.620833333333334,16.6,975.3708333333334,199.08877105514117,chiang_mai,False,0,25.695833333333336,False
2026-05-06,25.695833333333336,28.166666666666668,891.6666666666666,4.5,28.870833333333334,65.04166666666667,4.720833333333333,13.1,973.6916666666666,226.22168993654032,chiang_mai,False,0,26.712500000000002,False
2026-05-07,26.712500000000002,27.712500000000002,832.125,1.2083333333333333,30.233333333333334,58.875,3.829166666666667,1.4,973.2375000000001,282.94064806136186,chiang_mai,False,0,25.016666666666666,False
2026-05-08,25.016666666666666,26.09166666666667,614.625,1.9166666666666667,28.383333333333336,65.91666666666667,4.695833333333334,0.5,974.7166666666667,299.36065300220434,chiang_mai,False,0,25.620833333333334,False
2026-05-09,25.620833333333334,25.916666666666668,896.5,0.5,26.95,77.20833333333333,3.1750000000000003,6.2,975.4875000000001,232.7131662835224,chiang_mai,False,0,12.370833333333332,False
2026-05-10,12.370833333333332,12.429166666666667,1062.5,0.0,27.0125,77.83333333333333,3.220833333333333,6.2,975.1916666666666,243.2216111804048,chiang_mai,False,0,13.5,False
2026-05-11,13.5,13.549999999999999,1235.4583333333333,0.0,26.287499999999998,81.625,5.508333333333333,15.7,975.1750000000001,304.71498632785824,chiang_mai,False,0,17.0625,False
2026-05-12,17.0625,17.212500000000002,1351.8333333333333,0.0,25.6125,86.29166666666667,4.066666666666666,12.2,973.9083333333333,308.8164706424231,chiang_mai,False,0,12.674999999999999,False
2026-05-13,12.674999999999999,12.741666666666667,1480.6666666666667,0.0,25.991666666666664,86.54166666666667,3.8375,15.1,972.1374999999999,177.2098522997626,chiang_mai,False,0,13.404166666666667,False
2026-05-14,13.404166666666667,13.504166666666668,1342.7083333333333,0.0,26.625,86.5,3.516666666666667,7.8,971.0708333333333,147.47204562209288,chiang_mai,False,0,10.016666666666667,False
2026-05-15,10.016666666666667,10.366666666666667,1442.2083333333333,0.0,26.416666666666668,86.375,4.625,24.7,971.1833333333334,140.88986255927045,chiang_mai,False,0,8.762500000000001,False
2026-05-16,8.762500000000001,9.179166666666667,1012.2916666666666,0.375,28.25,76.29166666666667,6.575,15.1,970.3458333333333,187.14965959793884,chiang_mai,False,0,12.729166666666666,False
2026-05-17,12.729166666666666,13.145833333333334,802.5,0.2916666666666667,29.575,68.45833333333333,3.9125,0.30000000000000004,969.3625000000001,154.85958635515192,chiang_mai,False,0,15.695833333333333,False
2026-05-18,15.695833333333333,16.645833333333332,696.25,1.25,28.99166666666667,73.25,5.279166666666667,11.4,969.2624999999999,325.3490242536226,chiang_mai,False,0,15.895833333333334,False
2026-05-19,15.895833333333334,19.833333333333332,883.9583333333334,7.291666666666667,28.8625,70.75,5.154166666666667,12.299999999999999,968.7791666666667,197.68922330309022,chiang_mai,False,0,15.766666666666666,False
2026-05-20,15.766666666666666,21.55,973.1666666666666,11.583333333333334,28.087500000000002,77.16666666666667,5.183333333333334,23.599999999999998,968.4958333333334,226.66036912433543,chiang_mai,False,0,14.6625,False
2026-05-21,14.6625,19.42083333333333,816.7083333333334,9.5,28.287499999999998,75.75,5.258333333333334,6.0,970.7708333333334,197.56244484507985,chiang_mai,False,0,10.795833333333334,False
2026-05-22,10.795833333333334,13.379166666666668,899.7916666666666,5.0,27.983333333333334,78.20833333333333,5.375,9.6,973.2291666666666,182.31755869719427,chiang_mai,False,0,8.491666666666667,False
2026-05-23,8.491666666666667,9.549999999999999,775.875,1.625,27.695833333333336,82.875,5.229166666666667,10.4,973.8291666666668,202.48001277904896,chiang_mai,False,0,10.262500000000001,False
2026-05-24,10.262500000000001,11.170833333333334,772.75,0.9583333333333334,27.870833333333334,80.66666666666667,5.1125,7.3,974.1416666666668,229.31715305736287,chiang_mai,False,0,12.1,False
2026-05-25,12.1,13.433333333333332,733.5416666666666,1.3333333333333333,28.025000000000002,79.16666666666667,4.479166666666667,12.1,973.4791666666666,354.4221249278742,chiang_mai,False,0,17.224999999999998,False
2026-05-26,17.224999999999998,18.179166666666667,1202.5833333333333,1.125,27.21666666666667,83.20833333333333,3.6041666666666665,8.6,973.0625,140.77042097956905,chiang_mai,False,0,16.991666666666667,False
2026-05-27,16.991666666666667,26.162499999999998,807.4583333333334,17.833333333333332,28.129166666666666,74.45833333333333,4.745833333333334,4.6,972.9499999999999,165.09933699878923,chiang_mai,False,0,9.666666666666666,False
2026-05-28,9.666666666666666,12.2875,776.4166666666666,4.583333333333333,27.683333333333334,80.04166666666667,3.733333333333333,9.5,973.6041666666666,171.3112025118894,chiang_mai,False,0,14.704166666666666,False
2026-05-29,14.704166666666666,15.324999999999998,932.9583333333334,0.5,27.400000000000002,80.0,3.0625,0.7,973.6666666666666,45.08738138195628,chiang_mai,False,0,10.229166666666666,False
2026-05-30,10.229166666666666,11.766666666666666,587.125,2.9583333333333335,27.308333333333334,79.45833333333333,4.325,17.1,973.8874999999999,221.8896071553582,chiang_mai,False,0,8.9625,False
2026-05-31,8.9625,10.320833333333333,592.7083333333334,2.5416666666666665,27.34166666666667,81.83333333333333,4.3125,13.6,974.0958333333333,163.96072660795608,chiang_mai,False,0,10.516666666666667,False
2026-06-01,10.516666666666667,11.929166666666667,798.9166666666666,2.4166666666666665,28.400000000000002,80.08333333333333,3.966666666666667,2.0,973.5833333333334,269.8284028192246,chiang_mai,False,0,12.933333333333332,False
2026-06-02,12.933333333333332,13.945833333333333,1044.8333333333333,1.375,29.21666666666667,74.08333333333333,5.008333333333334,0.5,971.65,218.92303527558138,chiang_mai,False,0,9.395833333333334,False
2026-06-03,9.395833333333334,9.7125,1143.4583333333333,0.25,29.599999999999998,71.375,3.391666666666667,0.4,969.6041666666666,198.70959238434116,chiang_mai,False,0,11.220833333333333,False
2026-06-04,11.220833333333333,11.495833333333332,896.0416666666666,0.25,29.020833333333332,74.83333333333333,4.029166666666667,6.5,969.2791666666667,167.99625227894387,chiang_mai,False,0,10.254166666666668,False
2026-06-05,10.254166666666668,10.383333333333333,835.0416666666666,0.0,27.075,84.45833333333333,4.179166666666666,8.4,969.7208333333333,220.57312945261162,chiang_mai,False,0,6.891666666666667,False
2026-06-06,6.891666666666667,7.0125,663.625,0.0,26.287499999999998,87.25,5.504166666666666,21.4,970.4875000000001,212.70084744743494,chiang_mai,False,0,6.745833333333334,False
2026-06-07,6.745833333333334,6.9875,628.4583333333334,0.375,26.291666666666668,85.66666666666667,6.083333333333333,10.7,971.125,219.1293264597901,chiang_mai,False,0,8.5625,False
2026-06-08,8.5625,8.729166666666666,777.0,0.0,26.479166666666668,85.79166666666667,4.575,18.5,971.0958333333333,158.11922221671307,chiang_mai,False,0,9.983333333333333,False
2026-06-09,9.983333333333333,11.470833333333333,668.625,2.375,27.7,78.70833333333333,5.179166666666666,1.2000000000000002,970.35,165.58492145152627,chiang_mai,False,0,9.479166666666666,False
2026-06-10,9.479166666666666,10.254166666666666,629.7916666666666,0.7083333333333334,26.97083333333333,83.25,4.6875,10.9,971.8208333333333,162.21794951471952,chiang_mai,False,0,7.083333333333333,False
2026-06-11,7.083333333333333,7.483333333333333,543.8333333333334,0.25,25.395833333333332,90.20833333333333,6.295833333333333,20.3,974.3083333333334,218.59047178088943,chiang_mai,False,0,6.216666666666666,False
2026-06-12,6.216666666666666,6.7,668.375,0.2916666666666667,26.308333333333334,85.41666666666667,6.05,15.799999999999999,975.8791666666666,191.83724561478073,chiang_mai,False,0,7.9750000000000005,False
2026-06-13,7.9750000000000005,8.375,738.7083333333334,0.08333333333333333,26.516666666666666,83.75,5.870833333333334,18.0,974.5500000000001,200.4201417219766,chiang_mai,False,0,7.429166666666667,False
2026-06-14,7.429166666666667,8.129166666666666,626.8333333333334,0.625,27.020833333333332,78.70833333333333,6.208333333333333,12.6,972.4250000000001,166.94181837728854,chiang_mai,False,0,7.875,False
2026-06-15,7.875,8.279166666666667,848.0833333333334,0.25,26.75,83.45833333333333,5.554166666666667,16.9,972.6999999999999,174.75785509846264,chiang_mai,False,0,12.708333333333334,False
2026-06-16,12.708333333333334,14.054166666666667,910.1666666666666,1.2916666666666667,27.34166666666667,77.08333333333333,4.870833333333334,0.1,973.4625,153.48553876423148,chiang_mai,False,0,11.133333333333333,False
2026-06-17,11.133333333333333,12.433333333333332,1226.5833333333333,1.4583333333333333,26.616666666666664,81.125,4.691666666666666,5.2,973.9541666666668,153.6143221164972,chiang_mai,False,0,10.758333333333333,False
2026-06-18,10.758333333333333,11.920833333333333,1129.8333333333333,1.7083333333333333,26.995833333333334,83.20833333333333,4.329166666666667,4.7,973.5541666666667,149.13985489720005,chiang_mai,False,0,13.2875,False
2026-06-19,13.2875,16.208333333333332,1027.7916666666667,4.041666666666667,27.40833333333333,80.375,3.9125,0.5,973.1916666666666,149.2233134670961,chiang_mai,False,0,13.954166666666666,False
2026-06-20,13.954166666666666,15.491666666666667,872.0416666666666,1.6666666666666667,27.679166666666664,78.33333333333333,4.545833333333333,4.4,973.4375,162.52564153150286,chiang_mai,False,0,10.304166666666665,False
2026-06-21,10.304166666666665,12.112499999999999,622.1666666666666,2.0416666666666665,27.004166666666666,82.91666666666667,3.5625,7.800000000000001,974.225,80.78485640483092,chiang_mai,False,0,9.883333333333333,False
2026-06-22,9.883333333333333,12.7125,846.75,3.5,26.879166666666666,78.0,3.8208333333333333,1.7,973.7624999999999,154.71522843319576,chiang_mai,False,0,11.491666666666667,False
2026-06-23,11.491666666666667,12.995833333333332,1179.3333333333333,2.0,27.4375,76.125,5.520833333333333,3.0,971.7958333333332,180.9595425453951,chiang_mai,False,0,9.845833333333333,False
2026-06-24,9.845833333333333,10.299999999999999,1183.3333333333333,0.125,27.837500000000002,75.83333333333333,4.275,2.1,971.2041666666668,165.51284706973695,chiang_mai,False,0,10.991666666666667,False
2026-06-25,10.991666666666667,11.504166666666668,1303.25,0.08333333333333333,27.879166666666666,74.66666666666667,4.795833333333333,1.2,971.6041666666666,130.56903237724873,chiang_mai,False,0,8.325000000000001,False
2026-06-26,8.325000000000001,8.866666666666667,1152.9583333333333,0.125,27.558333333333334,74.83333333333333,3.85,1.3,971.875,157.22974612453618,chiang_mai,False,0,8.983333333333333,False
2026-06-27,8.983333333333333,9.383333333333333,1183.7083333333333,0.2916666666666667,27.9375,77.95833333333333,3.733333333333333,11.299999999999999,971.1666666666666,149.78329443935456,chiang_mai,False,0,6.925,False
2026-06-28,6.925,7.304166666666667,882.0833333333334,0.25,27.9375,82.5,3.15,7.9,970.4833333333332,45.41489509786447,chiang_mai,False,0,6.966666666666666,False
2026-06-29,6.966666666666666,7.483333333333333,1003.1666666666666,0.4166666666666667,28.233333333333334,81.08333333333333,3.0749999999999997,7.1000000000000005,969.6958333333333,178.51094984126723,chiang_mai,False,0,10.933333333333332,False
2026-06-30,10.933333333333332,11.395833333333334,1047.0416666666667,0.625,26.525000000000002,86.08333333333333,2.8791666666666664,13.5,970.3833333333333,139.8409651734441,chiang_mai,False,0,8.970833333333333,False
2026-07-01,8.970833333333333,9.375,992.0,0.20833333333333334,27.104166666666668,84.625,3.6999999999999997,8.0,969.9583333333334,152.45897864239134,chiang_mai,False,0,10.025,False
2026-07-02,10.025,10.420833333333333,775.75,0.375,26.912499999999998,84.16666666666667,4.395833333333333,12.5,970.2624999999999,176.61415294979884,chiang_mai,False,0,9.045833333333333,False
2026-07-03,9.045833333333333,9.320833333333333,913.4583333333334,0.0,26.958333333333332,86.0,4.129166666666666,21.099999999999998,970.5,168.68569893996334,chiang_mai,False,0,10.862499999999999,False
2026-07-04,10.862499999999999,11.741666666666667,909.5,0.7916666666666666,27.25,82.20833333333333,5.6875,4.7,970.125,180.43650494118458,chiang_mai,False,0,5.645833333333333,False
2026-07-05,5.645833333333333,6.741666666666667,575.875,1.4583333333333333,27.3625,79.70833333333333,5.645833333333333,14.100000000000001,971.7624999999999,186.1623681625232,chiang_mai,False,0,6.245833333333334,False
2026-07-06,6.245833333333334,7.8500000000000005,878.4166666666666,2.0,27.041666666666668,79.45833333333333,4.258333333333334,0.9,972.0083333333333,172.98070236049386,chiang_mai,False,0,10.025,False
2026-07-07,10.025,14.270833333333334,1068.4166666666667,6.083333333333333,27.308333333333334,81.79166666666667,3.4416666666666664,1.1,972.0833333333334,156.748191986572,chiang_mai,False,0,9.595833333333333,False
2026-07-08,9.595833333333333,11.625,974.6666666666666,2.75,26.037499999999998,88.04166666666667,4.283333333333333,17.7,972.1083333333332,146.58180071707466,chiang_mai,False,0,8.058333333333334,False
2026-07-09,8.058333333333334,9.583333333333334,1114.6666666666667,1.875,25.47083333333333,89.33333333333333,4.066666666666666,18.5,971.8249999999999,143.20178874891815,chiang_mai,False,0,7.704166666666667,False
2026-07-10,7.704166666666667,8.854166666666666,1422.0,1.875,24.6375,94.16666666666667,4.270833333333333,30.3,971.4125,123.56514455562211,chiang_mai,False,0,6.841666666666666,False
2026-07-11,6.841666666666666,8.35,1329.25,2.2916666666666665,26.366666666666664,85.25,4.066666666666666,13.8,968.7791666666667,148.55738799348916,chiang_mai,False,0,10.924999999999999,False
2026-07-12,10.924999999999999,11.5625,1025.2083333333333,0.6666666666666666,27.3625,80.70833333333333,4.270833333333333,4.1,966.7583333333333,136.39642051012436,chiang_mai,False,0,11.495833333333332,False
2026-07-13,11.495833333333332,15.895833333333334,776.0,7.25,27.333333333333332,81.125,3.975,2.8,968.0791666666668,146.2577397923385,chiang_mai,False,0,7.6000000000000005,False
2026-07-14,7.6000000000000005,11.033333333333333,905.4583333333334,5.916666666666667,27.34166666666667,76.08333333333333,7.054166666666667,1.4,969.8416666666667,201.1452895430251,chiang_mai,False,0,7.25,False
2026-07-15,7.25,10.1875,844.0416666666666,4.916666666666667,27.287499999999998,76.45833333333333,4.8374999999999995,1.7,972.125,195.40192970789906,chiang_mai,False,0,10.241666666666667,False
2026-07-16,10.241666666666667,13.083333333333334,1078.25,4.791666666666667,27.0,79.0,4.891666666666667,3.5,972.7458333333334,172.583787213483,chiang_mai,False,0,12.679166666666667,False
2026-07-17,12.679166666666667,17.0125,1281.0833333333333,7.541666666666667,26.5,82.66666666666667,3.1666666666666665,2.6,972.5916666666667,90.56178252553696,chiang_mai,False,0,15.245833333333332,False
2026-07-18,15.245833333333332,22.858333333333334,1440.0416666666667,12.5,25.8625,85.66666666666667,3.170833333333333,1.8,972.6374999999999,100.47238208948409,chiang_mai,False,0,17.0,False
2026-07-19,17.0,28.59166666666667,1247.625,19.666666666666668,25.891666666666666,84.04166666666667,3.9583333333333335,7.7,973.0124999999999,66.8686001424748,chiang_mai,False,0,12.616666666666667,False
2026-07-20,12.616666666666667,17.529166666666665,1247.4583333333333,7.583333333333333,25.71666666666667,84.83333333333333,3.6999999999999997,1.7,973.4,357.17183239326516,chiang_mai,False,0,11.058333333333332,False
2026-07-21,11.058333333333332,13.0875,1519.0833333333333,2.7083333333333335,25.645833333333332,88.875,4.2375,25.6,973.4583333333334,131.99049156299793,chiang_mai,False,0,9.125,False
2026-07-22,9.125,10.095833333333333,1306.5,1.5,25.8125,89.25,4.3,16.1,973.5708333333333,124.2941508187688,chiang_mai,False,0,12.441666666666668,False
2026-07-23,12.441666666666668,13.725,1481.75,1.9166666666666667,26.6375,86.20833333333333,3.170833333333333,6.9,971.2833333333333,136.35008217188448,chiang_mai,False,0,12.554166666666667,False
2026-07-24,12.554166666666667,15.299999999999999,1413.5833333333333,4.541666666666667,26.504166666666666,88.125,3.9416666666666664,21.1,969.7583333333333,131.2833650743703,chiang_mai,False,0,12.737499999999999,False
2026-07-25,12.737499999999999,14.866666666666667,1100.2083333333333,3.5416666666666665,27.4375,82.16666666666667,3.533333333333333,21.0,969.4166666666666,149.65958993844743,chiang_mai,False,0,6.920833333333333,False
2026-07-26,6.920833333333333,7.929166666666667,814.1666666666666,2.0416666666666665,27.191666666666666,82.70833333333333,4.808333333333334,7.5,969.8249999999999,195.8980952898511,chiang_mai,False,0,6.970833333333334,False
2026-07-27,6.970833333333334,7.620833333333334,876.2916666666666,0.9583333333333334,26.483333333333334,88.04166666666667,3.3958333333333335,27.5,969.9125,165.02464845312943,chiang_mai,False,0,10.083333333333334,False
2026-07-28,10.083333333333334,11.070833333333333,1050.25,1.5833333333333333,26.84583333333333,85.125,3.654166666666667,18.4,970.2833333333333,58.13916171352423,chiang_mai,False,0,10.683333333333332,False
2026-07-29,10.683333333333332,11.995833333333332,889.6666666666666,2.0,26.25,86.66666666666667,3.4375,19.3,970.5666666666666,143.05417689975775,chiang_mai,False,0,12.320833333333333,False
2026-07-30,12.320833333333333,13.570833333333333,1079.3333333333333,2.0833333333333335,26.0125,89.41666666666667,2.6916666666666664,17.3,970.6708333333332,213.6884034689312,chiang_mai,False,0,8.825000000000001,False
2026-07-31,8.825000000000001,9.770833333333334,884.0,1.7916666666666667,26.570833333333336,87.16666666666667,3.8083333333333336,26.6,970.6,104.53751020154442,chiang_mai,False,0,6.583333333333333,False
2026-08-01,6.583333333333333,7.175,810.5,1.0,25.991666666666664,88.875,3.8791666666666664,45.5,970.2791666666667,325.01288955692297,chiang_mai,False,0,5.741666666666667,False
2026-08-02,5.741666666666667,6.416666666666667,542.4166666666666,1.125,26.275000000000002,88.58333333333333,4.1499999999999995,42.9,970.6875,191.07350818493822,chiang_mai,False,0,11.358333333333334,False
2026-08-03,11.358333333333334,14.745833333333332,941.5416666666666,5.583333333333333,27.22083333333333,85.875,3.5541666666666667,29.4,971.2916666666666,96.62272735482281,chiang_mai,False,0,9.395833333333334,False
2026-08-04,9.395833333333334,10.933333333333332,941.375,2.0416666666666665,26.53333333333333,87.54166666666667,3.1958333333333333,17.7,971.9708333333333,102.51348328863992,chiang_mai,False,0,7.645833333333333,False
2026-08-05,7.645833333333333,8.354166666666666,950.0,1.0833333333333333,26.0625,89.625,3.4916666666666667,19.8,970.5291666666667,51.90688355137297,chiang_mai,False,0,7.358333333333333,False
2026-08-06,7.358333333333333,9.241666666666667,987.5,3.2916666666666665,27.71666666666667,83.58333333333333,3.8625000000000003,12.5,969.4,96.94210643893905,chiang_mai,False,0,9.566666666666666,False
2026-08-07,9.566666666666666,10.583333333333334,953.5,1.4583333333333333,26.454166666666666,89.0,3.654166666666667,50.4,969.7333333333332,136.55829351537352,chiang_mai,False,0,7.108333333333333,False
2026-08-08,7.108333333333333,7.575,806.3333333333334,0.5833333333333334,26.195833333333336,89.875,3.3375,59.1,971.5166666666668,95.41779894905687,chiang_mai,False,0,7.070833333333333,False
2026-08-09,7.070833333333333,7.8,693.0,0.75,26.03333333333333,90.79166666666667,3.279166666666667,38.7,971.2291666666666,128.96444816931114,chiang_mai,False,0,7.941666666666666,False
2026-08-10,7.941666666666666,8.4,810.9583333333334,0.4583333333333333,26.3875,89.04166666666667,3.4124999999999996,26.1,969.4958333333334,143.56941996815289,chiang_mai,False,0,12.529166666666667,False
2026-08-11,12.529166666666667,12.966666666666667,1193.1666666666667,0.7083333333333334,25.879166666666666,88.375,4.004166666666666,30.8,969.7458333333334,149.29134048347447,chiang_mai,False,0,9.379166666666666,False
2026-08-12,9.379166666666666,10.141666666666667,1084.5833333333333,1.3333333333333333,26.6125,82.29166666666667,5.433333333333334,6.0,971.8249999999999,161.77100539776984,chiang_mai,False,0,13.883333333333333,False
2026-08-13,13.883333333333333,14.854166666666666,1256.0833333333333,1.5416666666666667,26.929166666666664,85.58333333333333,2.891666666666667,9.5,971.1666666666666,116.98226033440403,chiang_mai,False,0,12.345833333333333,False
2026-08-14,12.345833333333333,14.529166666666667,1400.7083333333333,3.3333333333333335,27.241666666666664,85.625,4.141666666666667,25.8,970.5916666666667,155.30206945421492,chiang_mai,False,0,15.679166666666667,False
2026-08-15,15.679166666666667,17.208333333333332,1467.9166666666667,2.1666666666666665,27.329166666666666,81.25,4.479166666666667,1.7999999999999998,971.0083333333333,158.65553083117516,chiang_mai,False,0,10.700000000000001,False
2026-08-16,10.700000000000001,11.704166666666666,906.3333333333334,1.75,27.0,81.20833333333333,4.1375,3.3000000000000003,972.2916666666666,154.1267091719751,chiang_mai,False,0,11.520833333333334,False
2026-08-17,11.520833333333334,14.299999999999999,1097.125,4.208333333333333,27.599999999999998,80.16666666666667,2.8375,7.6000000000000005,973.275,130.76454210812165,chiang_mai,False,0,16.816666666666666,False
2026-08-18,16.816666666666666,20.05,1539.5416666666667,4.75,27.520833333333332,84.33333333333333,3.9250000000000003,7.5,971.9958333333334,148.20279420709073,chiang_mai,False,0,15.200000000000001,False
2026-08-19,15.200000000000001,18.183333333333334,1464.7916666666667,4.833333333333333,25.84583333333333,93.70833333333333,2.7375000000000003,21.8,970.3916666666668,106.21711933509317,chiang_mai,False,0,10.008333333333333,False
2026-08-20,10.008333333333333,10.716666666666667,1280.9583333333333,1.25,25.837500000000002,90.875,3.3000000000000003,24.1,969.7166666666667,124.23945742218774,chiang_mai,False,0,9.241666666666665,False
2026-08-21,9.241666666666665,9.383333333333333,1353.9583333333333,0.125,26.454166666666666,85.91666666666667,4.933333333333334,2.3,970.4791666666666,172.98236236877517,chiang_mai,False,0,6.9375,False
2026-08-22,6.9375,7.7749999999999995,1210.8333333333333,1.5,27.0125,80.79166666666667,5.1875,1.2000000000000002,971.6583333333333,157.91246223627763,chiang_mai,False,0,7.145833333333333,False
2026-08-23,7.145833333333333,7.704166666666667,923.9583333333334,0.5,26.433333333333334,86.33333333333333,3.841666666666667,15.2,972.0708333333333,138.35964896434268,chiang_mai,False,0,,
2023-01-01,16.3875,23.808333333333334,470.1666666666667,0.0,20.066666666666666,69.75,4.216666666666667,0.0,972.3833333333333,21.011361035988045,chiang_rai,False,0,11.083333333333334,False
2023-01-02,11.083333333333334,16.0625,388.1666666666667,0.0,19.054166666666667,66.58333333333333,5.95,0.0,973.1625,355.8032531210318,chiang_rai,False,0,11.983333333333334,False
2023-01-03,11.983333333333334,17.270833333333332,371.125,0.0,19.045833333333334,66.70833333333333,6.108333333333333,0.0,973.0458333333332,2.73313111174042,chiang_rai,False,0,12.825000000000001,False
2023-01-04,12.825000000000001,18.504166666666666,393.2083333333333,0.0,20.895833333333332,67.125,5.295833333333333,0.0,972.4125,8.764285751531588,chiang_rai,False,0,10.608333333333333,False
2023-01-05,10.608333333333333,15.266666666666666,355.2916666666667,0.0,20.808333333333334,66.16666666666667,5.6000000000000005,0.0,972.1833333333334,354.13435062297543,chiang_rai,False,0,9.375,False
2023-01-06,9.375,13.4375,310.2916666666667,0.0,20.170833333333334,60.416666666666664,10.620833333333334,0.0,973.7125,7.1687380220051296,chiang_rai,False,0,14.995833333333332,False
2023-01-07,14.995833333333332,21.46666666666667,428.0833333333333,0.0,18.4875,57.166666666666664,8.091666666666667,0.0,972.1083333333332,352.00945779105155,chiang_rai,False,0,18.1375,False
2023-01-08,18.1375,25.991666666666664,445.2916666666667,0.0,17.908333333333335,62.541666666666664,6.533333333333334,0.0,970.5875,352.0974260050313,chiang_rai,False,0,18.241666666666667,False
2023-01-09,18.241666666666667,26.125,355.3333333333333,0.0,19.354166666666668,60.875,5.816666666666666,0.0,970.7833333333333,355.57382427928803,chiang_rai,False,0,19.845833333333335,False
2023-01-10,19.845833333333335,28.416666666666668,310.25,0.0,20.895833333333332,58.25,4.979166666666667,0.0,969.0625,359.7332357179689,chiang_rai,False,0,29.358333333333334,False
2023-01-11,29.358333333333334,42.012499999999996,343.3333333333333,0.0,22.254166666666666,60.333333333333336,4.429166666666666,0.0,967.0666666666666,253.0417060070517,chiang_rai,False,0,19.2625,False
2023-01-12,19.2625,27.59166666666667,320.1666666666667,0.0,22.766666666666666,60.583333333333336,5.2375,0.0,965.7916666666666,217.2246572784394,chiang_rai,False,0,13.820833333333333,False
2023-01-13,13.820833333333333,19.837500000000002,273.875,0.0,21.791666666666668,54.5,5.691666666666666,0.0,965.9250000000001,249.72334836383953,chiang_rai,False,0,14.129166666666668,False
2023-01-14,14.129166666666668,20.270833333333332,252.75,0.0,21.287499999999998,51.208333333333336,5.0375000000000005,0.0,964.6708333333332,268.11661463201693,chiang_rai,False,0,19.7,False
2023-01-15,19.7,28.270833333333332,267.375,0.125,20.695833333333333,50.791666666666664,3.9,0.0,965.1083333333332,348.7897755047548,chiang_rai,False,0,21.020833333333332,False
2023-01-16,21.020833333333332,30.270833333333332,240.66666666666666,0.0,19.395833333333332,54.041666666666664,4.929166666666666,0.0,966.8208333333333,280.9316252846272,chiang_rai,False,0,20.429166666666667,False
2023-01-17,20.429166666666667,29.333333333333332,324.625,0.0,21.158333333333335,55.541666666666664,6.270833333333333,0.0,968.3958333333334,217.50752350054694,chiang_rai,False,0,19.679166666666667,False
2023-01-18,19.679166666666667,28.28333333333333,405.5416666666667,0.0,22.245833333333334,61.125,6.2,0.4,970.1875,216.30835649924032,chiang_rai,False,0,20.666666666666668,False
2023-01-19,20.666666666666668,29.7,405.4166666666667,0.0,22.479166666666668,60.916666666666664,5.3,0.0,969.8416666666667,203.63020677718646,chiang_rai,False,0,18.808333333333334,False
2023-01-20,18.808333333333334,27.041666666666668,398.0,0.125,22.125,60.0,5.654166666666666,0.0,969.5833333333334,212.95575783381295,chiang_rai,False,0,20.220833333333335,False
2023-01-21,20.220833333333335,29.070833333333336,423.0416666666667,0.0,22.02916666666667,58.166666666666664,5.325,0.0,968.2583333333333,218.06346189617645,chiang_rai,False,0,24.2,False
2023-01-22,24.2,34.699999999999996,424.2083333333333,0.0,21.758333333333336,58.791666666666664,4.404166666666667,0.0,967.0124999999999,306.2344772141823,chiang_rai,False,0,25.983333333333334,False
2023-01-23,25.983333333333334,37.25,325.6666666666667,0.0,21.491666666666664,56.875,4.925,0.0,966.3083333333334,353.40841255587577,chiang_rai,False,0,20.004166666666666,False
2023-01-24,20.004166666666666,28.712500000000002,381.4583333333333,0.0,22.129166666666666,57.416666666666664,5.5249999999999995,0.0,969.1999999999999,17.222830553493736,chiang_rai,False,0,19.958333333333332,False
2023-01-25,19.958333333333332,28.575,504.5,0.0,21.120833333333334,55.5,6.708333333333333,0.0,969.1708333333332,31.667946036941657,chiang_rai,False,0,25.125,False
2023-01-26,25.125,36.012499999999996,484.6666666666667,0.0,21.245833333333334,63.875,5.654166666666666,0.0,967.0916666666667,208.05618431393458,chiang_rai,False,0,25.370833333333334,False
2023-01-27,25.370833333333334,36.416666666666664,463.75,0.0,21.854166666666668,64.75,4.608333333333333,0.0,968.1625,29.45658886736709,chiang_rai,False,0,17.045833333333334,False
2023-01-28,17.045833333333334,24.441666666666666,525.625,0.0,20.691666666666666,59.125,7.0249999999999995,0.0,969.8958333333334,20.059293507879488,chiang_rai,False,0,19.2625,False
2023-01-29,19.2625,27.587500000000002,469.9166666666667,0.0,19.454166666666666,57.791666666666664,8.858333333333333,0.0,971.3583333333332,14.394984855898088,chiang_rai,False,0,25.65833333333333,False
2023-01-30,25.65833333333333,36.75833333333333,453.0,0.125,19.183333333333334,56.625,6.1125,0.0,971.4875000000001,4.816990538741891,chiang_rai,False,0,32.708333333333336,False
2023-01-31,32.708333333333336,46.854166666666664,491.9583333333333,0.0,20.083333333333332,60.666666666666664,4.5249999999999995,0.0,967.0416666666666,248.45917949469265,chiang_rai,False,0,38.5625,True
2023-02-01,38.5625,55.237500000000004,569.1666666666666,0.0,22.2,64.125,4.958333333333333,0.0,965.5625,237.19444263009325,chiang_rai,True,2,36.387499999999996,False
2023-02-02,36.387499999999996,52.15,528.0833333333334,0.0,24.195833333333336,59.333333333333336,4.175,0.0,966.4916666666667,244.64685094300785,chiang_rai,False,0,32.13333333333333,False
2023-02-03,32.13333333333333,46.28333333333333,513.375,0.0,25.070833333333336,56.958333333333336,5.808333333333334,0.0,966.4375,213.84046709242403,chiang_rai,False,0,25.97083333333333,False
2023-02-04,25.97083333333333,37.74583333333333,455.375,0.0,25.454166666666666,59.041666666666664,4.8625,0.7,965.2833333333333,219.71196627791488,chiang_rai,False,0,22.97083333333333,False
2023-02-05,22.97083333333333,33.387499999999996,367.7083333333333,0.0,26.03333333333333,58.75,5.633333333333333,0.0,964.6583333333333,204.90056267478298,chiang_rai,False,0,18.675,False
2023-02-06,18.675,27.120833333333334,342.2083333333333,0.0,25.566666666666666,53.041666666666664,5.941666666666666,0.0,964.3083333333334,228.21255379472555,chiang_rai,False,0,14.5875,False
2023-02-07,14.5875,21.125,290.5,0.0,24.116666666666664,43.416666666666664,7.1000000000000005,0.0,964.1125000000001,252.4897553685986,chiang_rai,False,0,28.795833333333334,False
2023-02-08,28.795833333333334,41.291666666666664,362.625,0.0,22.704166666666666,41.333333333333336,4.720833333333333,0.0,964.8791666666666,291.3314103064077,chiang_rai,False,0,31.125,False
2023-02-09,31.125,44.6,299.1666666666667,0.0,22.1875,48.5,5.6375,0.0,965.375,281.396192003854,chiang_rai,False,0,24.537499999999998,False
2023-02-10,24.537499999999998,35.25,273.75,0.0,22.075,50.916666666666664,5.154166666666667,0.0,965.2583333333333,294.493641623005,chiang_rai,False,0,22.620833333333334,False
2023-02-11,22.620833333333334,32.52916666666667,258.0833333333333,0.125,22.195833333333336,46.458333333333336,4.766666666666667,0.0,964.9208333333332,282.5837445253128,chiang_rai,False,0,26.620833333333334,False
2023-02-12,26.620833333333334,38.24583333333333,304.9166666666667,0.0,22.6125,47.916666666666664,4.758333333333334,0.0,965.1750000000001,270.1704213974817,chiang_rai,False,0,33.762499999999996,False
2023-02-13,33.762499999999996,48.43333333333334,376.4583333333333,0.0,22.604166666666668,52.208333333333336,4.6875,0.0,965.3375,290.21638110068614,chiang_rai,False,0,42.729166666666664,True
2023-02-14,42.729166666666664,61.262499999999996,348.375,0.0,22.675,52.416666666666664,4.1875,0.0,965.9416666666666,311.08071586654427,chiang_rai,True,2,42.979166666666664,True
2023-02-15,42.979166666666664,61.72083333333333,388.5833333333333,0.0,22.9875,56.791666666666664,5.695833333333333,0.0,967.1708333333332,207.9916022557516,chiang_rai,True,3,33.7875,False
2023-02-16,33.7875,48.6,445.7916666666667,0.0,22.03333333333333,79.04166666666667,4.995833333333334,9.299999999999999,970.4791666666666,1.5191643038137386,chiang_rai,False,0,36.11666666666667,False
2023-02-17,36.11666666666667,51.75,529.5416666666666,0.0,19.275000000000002,85.625,4.5125,4.2,971.1666666666666,309.04892137473803,chiang_rai,False,0,35.81666666666667,False
2023-02-18,35.81666666666667,51.270833333333336,530.9166666666666,0.0,20.675,75.20833333333333,4.925,0.0,969.0583333333334,274.8980135819403,chiang_rai,False,0,22.366666666666664,False
2023-02-19,22.366666666666664,32.145833333333336,387.8333333333333,0.0,21.7,69.625,3.6208333333333336,0.0,968.375,314.5871570174794,chiang_rai,False,0,24.166666666666668,False
2023-02-20,24.166666666666668,34.90416666666667,417.5416666666667,0.0,23.004166666666666,65.5,5.075,0.5,968.0749999999999,251.25693876001742,chiang_rai,False,0,34.03333333333333,False
2023-02-21,34.03333333333333,49.24166666666667,465.7916666666667,0.0,22.55,74.5,5.825,1.0,968.9583333333334,233.0220035349193,chiang_rai,False,0,30.462500000000002,False
2023-02-22,30.462500000000002,44.225,494.0833333333333,0.0,23.40416666666667,67.29166666666667,5.45,0.5,968.4833333333332,238.56688287302262,chiang_rai,False,0,26.883333333333336,False
2023-02-23,26.883333333333336,39.1,486.875,0.0,24.03333333333333,61.75,4.404166666666667,0.0,967.4458333333333,217.44528048660686,chiang_rai,False,0,30.558333333333334,False
2023-02-24,30.558333333333334,44.19583333333333,491.2083333333333,0.25,23.633333333333336,61.291666666666664,4.504166666666666,0.0,967.6750000000001,300.66923568372295,chiang_rai,False,0,29.379166666666666,False
2023-02-25,29.379166666666666,42.458333333333336,448.0416666666667,0.0,23.47083333333333,59.791666666666664,5.483333333333333,0.6,971.7708333333334,12.252629350334303,chiang_rai,False,0,27.462500000000002,False
2023-02-26,27.462500000000002,39.4375,502.8333333333333,0.0,20.995833333333334,69.25,7.045833333333333,16.9,975.2375000000001,17.779912463953508,chiang_rai,False,0,27.75,False
2023-02-27,27.75,40.1375,585.8333333333334,0.0,20.241666666666667,67.5,4.0625,0.0,973.9083333333333,325.89713169681715,chiang_rai,False,0,36.43333333333333,False
2023-02-28,36.43333333333333,52.550000000000004,612.5,0.0,21.554166666666664,64.95833333333333,4.325,0.0,972.2291666666666,293.39168605758954,chiang_rai,False,0,41.12916666666667,True
2023-03-01,41.12916666666667,59.14166666666667,608.4166666666666,0.0,22.108333333333334,66.91666666666667,4.408333333333333,0.0,971.0375,310.25458597066597,chiang_rai,True,2,43.925000000000004,True
2023-03-02,43.925000000000004,63.104166666666664,590.4583333333334,0.0,23.108333333333334,62.75,4.283333333333333,0.0,970.4708333333333,284.67094122002004,chiang_rai,True,3,33.324999999999996,False
2023-03-03,33.324999999999996,48.14166666666667,467.6666666666667,0.0,24.270833333333332,57.875,6.425,0.0,971.2458333333334,194.43050540258787,chiang_rai,False,0,36.25833333333333,False
2023-03-04,36.25833333333333,52.61666666666667,449.375,0.0,23.787499999999998,63.416666666666664,5.241666666666666,0.0,972.5124999999999,160.96499009934928,chiang_rai,False,0,49.40416666666667,True
2023-03-05,49.40416666666667,71.64583333333333,510.8333333333333,0.0,23.7375,64.875,4.3625,0.0,971.9083333333333,22.238552805361167,chiang_rai,True,2,45.262499999999996,True
2023-03-06,45.262499999999996,65.65416666666667,575.4583333333334,0.0,24.4875,60.333333333333336,5.316666666666666,0.0,969.9333333333334,206.0037209971761,chiang_rai,True,3,42.67083333333333,True
2023-03-07,42.67083333333333,61.645833333333336,586.4166666666666,0.0,24.495833333333334,60.083333333333336,6.045833333333333,0.0,969.0458333333332,205.58688471881206,chiang_rai,True,4,43.45416666666667,True
2023-03-08,43.45416666666667,62.6,617.0,0.0,25.204166666666666,57.625,4.2,0.0,968.6833333333334,249.19981061511652,chiang_rai,True,5,50.46666666666667,True
2023-03-09,50.46666666666667,72.59583333333333,682.625,0.0,25.895833333333332,53.583333333333336,4.5625,0.0,967.7458333333334,253.05985919626784,chiang_rai,True,6,44.30416666666667,True
2023-03-10,44.30416666666667,63.98333333333333,642.1666666666666,0.0,26.849999999999998,50.625,6.2124999999999995,0.0,967.0041666666666,196.40401235760797,chiang_rai,True,7,51.50416666666666,True
2023-03-11,51.50416666666666,74.0625,705.7916666666666,0.0,26.883333333333336,55.625,4.608333333333333,0.0,966.9208333333332,225.41448112670534,chiang_rai,True,8,62.725,True
2023-03-12,62.725,90.09583333333335,653.3333333333334,0.0,26.1875,57.458333333333336,4.45,0.0,967.3541666666666,304.00274506810746,chiang_rai,True,9,63.30833333333334,True
2023-03-13,63.30833333333334,91.29583333333333,518.25,0.0,21.866666666666664,78.70833333333333,5.520833333333333,17.400000000000002,970.4,199.3884274649646,chiang_rai,True,10,40.1,True
2023-03-14,40.1,57.975,543.9583333333334,0.0,22.208333333333332,74.75,4.45,0.0,967.5041666666666,243.77400421548785,chiang_rai,True,11,38.00416666666667,True
2023-03-15,38.00416666666667,54.9,643.1666666666666,0.0,23.116666666666664,74.0,4.183333333333334,1.2,965.975,257.9413232345062,chiang_rai,True,12,34.487500000000004,False
2023-03-16,34.487500000000004,49.94166666666666,616.1666666666666,0.375,23.837500000000002,71.0,5.470833333333334,0.2,967.8375,333.45473574201105,chiang_rai,False,0,42.895833333333336,True
2023-03-17,42.895833333333336,61.86666666666667,656.1666666666666,0.375,23.708333333333332,71.66666666666667,5.591666666666666,0.5,967.3333333333334,305.9144974175641,chiang_rai,True,2,32.97083333333333,False
2023-03-18,32.97083333333333,47.699999999999996,620.5,0.0,25.224999999999998,62.583333333333336,5.175,0.1,965.7041666666668,300.13064265626997,chiang_rai,False,0,32.65,False
2023-03-19,32.65,47.15416666666667,519.0416666666666,0.0,25.604166666666668,61.25,4.0249999999999995,1.7999999999999998,964.7041666666668,292.9088791794352,chiang_rai,False,0,31.108333333333334,False
2023-03-20,31.108333333333334,45.00833333333333,486.75,0.0,25.733333333333334,61.041666666666664,5.908333333333334,0.1,964.3333333333334,290.1334726445062,chiang_rai,False,0,21.366666666666664,False
2023-03-21,21.366666666666664,31.2375,399.9166666666667,0.25,25.195833333333336,64.41666666666667,5.708333333333333,0.0,963.4541666666668,281.6229508486756,chiang_rai,False,0,23.866666666666664,False
2023-03-22,23.866666666666664,34.67916666666667,364.7916666666667,0.625,26.675,51.416666666666664,7.070833333333333,0.0,961.6708333333332,269.2337938119635,chiang_rai,False,0,20.579166666666666,False
2023-03-23,20.579166666666666,29.95,333.2916666666667,0.4583333333333333,27.266666666666666,44.208333333333336,5.5625,0.0,961.3833333333333,268.1601924175111,chiang_rai,False,0,40.56666666666667,True
2023-03-24,40.56666666666667,58.612500000000004,477.625,0.9583333333333334,26.620833333333334,47.125,4.925,0.0,962.7125,264.3346916309023,chiang_rai,True,2,73.09166666666667,True
2023-03-25,73.09166666666667,105.09166666666665,702.2083333333334,1.125,26.95,46.25,6.529166666666666,0.0,963.1541666666667,272.6101582400143,chiang_rai,True,3,68.53333333333333,True
2023-03-26,68.53333333333333,98.41666666666667,643.2083333333334,0.7083333333333334,27.320833333333336,45.041666666666664,6.5625,0.0,962.4,281.12461339323113,chiang_rai,True,4,85.07916666666667,True
2023-03-27,85.07916666666667,122.1125,817.2083333333334,1.0833333333333333,27.166666666666668,41.875,6.3125,0.0,962.7624999999999,263.0604079811452,chiang_rai,True,5,40.5,True
2023-03-28,40.5,58.300000000000004,546.0416666666666,0.0,27.724999999999998,42.208333333333336,8.095833333333333,0.0,963.4499999999999,247.00175915587383,chiang_rai,True,6,82.0,True
2023-03-29,82.0,117.84166666666665,687.9583333333334,0.9583333333333334,27.5625,40.666666666666664,5.5249999999999995,0.0,964.4625,283.31266329131785,chiang_rai,True,7,109.925,True
2023-03-30,109.925,157.87083333333334,822.9166666666666,1.2083333333333333,26.958333333333332,46.125,4.729166666666667,0.0,963.1458333333334,279.2005645637348,chiang_rai,True,8,93.21666666666665,True
2023-03-31,93.21666666666665,133.82916666666668,697.4166666666666,1.125,28.141666666666666,40.75,5.183333333333334,0.0,962.8458333333333,251.66400643443723,chiang_rai,True,9,64.96249999999999,True
2023-04-01,64.96249999999999,93.40833333333335,575.5416666666666,0.9583333333333334,28.504166666666666,43.291666666666664,6.783333333333334,0.0,962.3208333333333,246.99332479863205,chiang_rai,True,10,37.475,False
2023-04-02,37.475,54.208333333333336,433.7916666666667,0.375,27.987499999999997,44.708333333333336,8.200000000000001,0.0,961.5124999999999,241.0732222972337,chiang_rai,False,0,29.625,False
2023-04-03,29.625,43.137499999999996,350.875,0.875,27.766666666666666,42.916666666666664,6.479166666666667,0.0,961.2125,255.81145183664648,chiang_rai,False,0,34.266666666666666,False
2023-04-04,34.266666666666666,49.8125,348.5833333333333,0.8333333333333334,27.72083333333333,41.875,7.958333333333333,0.0,961.4708333333333,281.81736950055813,chiang_rai,False,0,49.59166666666667,True
2023-04-05,49.59166666666667,71.44166666666666,415.2083333333333,0.7083333333333334,27.683333333333334,40.541666666666664,5.1499999999999995,0.0,962.025,247.49031715108976,chiang_rai,True,2,85.53750000000001,True
2023-04-06,85.53750000000001,122.80416666666667,721.5,0.7083333333333334,27.65416666666667,42.583333333333336,5.158333333333333,0.0,963.2541666666666,289.84341755516687,chiang_rai,True,3,103.09166666666665,True
2023-04-07,103.09166666666665,147.8125,933.9166666666666,0.4583333333333333,28.474999999999998,47.75,6.183333333333334,0.0,964.1833333333334,233.50484601790467,chiang_rai,True,4,72.00416666666666,True
2023-04-08,72.00416666666666,103.44166666666666,678.0416666666666,0.4583333333333333,29.09583333333333,49.958333333333336,5.8500000000000005,0.0,966.0375,203.4301246400433,chiang_rai,True,5,48.56666666666666,True
2023-04-09,48.56666666666666,70.12083333333334,572.1666666666666,0.125,29.941666666666666,47.416666666666664,7.4750000000000005,0.0,965.8708333333334,200.73768818700705,chiang_rai,True,6,41.40833333333334,True
2023-04-10,41.40833333333334,59.89166666666667,538.75,0.4166666666666667,29.704166666666666,45.333333333333336,4.704166666666667,0.0,964.0500000000001,233.67004665183583,chiang_rai,True,7,55.74166666666667,True
2023-04-11,55.74166666666667,80.02499999999999,612.0416666666666,0.25,29.650000000000002,45.25,5.387499999999999,0.0,963.0708333333333,272.7115391796426,chiang_rai,True,8,71.8625,True
2023-04-12,71.8625,102.92916666666667,723.6666666666666,0.25,29.9375,43.166666666666664,4.5375000000000005,0.0,962.5,274.2380111697669,chiang_rai,True,9,67.11666666666666,True
2023-04-13,67.11666666666666,96.13333333333333,759.0,0.25,29.895833333333332,45.041666666666664,5.3500000000000005,0.0,961.875,270.03951393565154,chiang_rai,True,10,54.12916666666666,True
2023-04-14,54.12916666666666,77.65833333333333,691.4583333333334,0.25,29.729166666666668,47.541666666666664,4.3,0.0,961.7666666666668,263.58576424723384,chiang_rai,True,11,58.48333333333333,True
2023-04-15,58.48333333333333,83.85000000000001,692.5833333333334,0.3333333333333333,29.7375,47.916666666666664,5.741666666666667,0.0,961.8791666666666,229.59885406716103,chiang_rai,True,12,71.49166666666666,True
2023-04-16,71.49166666666666,102.47916666666667,799.5833333333334,0.125,29.958333333333332,45.875,6.2875000000000005,0.0,961.3874999999999,259.9029495499386,chiang_rai,True,13,65.25,True
2023-04-17,65.25,94.07083333333333,687.0833333333334,0.0,30.6375,47.041666666666664,5.4125000000000005,0.0,962.1708333333332,191.68204760286727,chiang_rai,True,14,54.15833333333333,True
2023-04-18,54.15833333333333,77.86666666666666,655.7083333333334,0.25,30.504166666666666,46.458333333333336,5.2749999999999995,0.0,962.225,272.8720251256413,chiang_rai,True,15,48.925000000000004,True
2023-04-19,48.925000000000004,70.29583333333333,560.5416666666666,0.0,30.254166666666666,47.541666666666664,6.854166666666667,0.0,959.8041666666667,282.6517514392192,chiang_rai,True,16,54.7125,True
2023-04-20,54.7125,78.55833333333334,576.9583333333334,0.25,29.729166666666668,49.5,7.575,0.0,958.3000000000001,288.18333621015915,chiang_rai,True,17,46.416666666666664,True
2023-04-21,46.416666666666664,66.89999999999999,490.0,0.25,29.412499999999998,47.75,5.858333333333333,0.0,959.3375,261.91411903636833,chiang_rai,True,18,41.295833333333334,True
2023-04-22,41.295833333333334,59.9375,368.7916666666667,0.5,29.395833333333332,45.625,6.3,0.0,960.6750000000001,252.6709030841003,chiang_rai,True,19,29.425,False
2023-04-23,29.425,43.15,326.375,0.5,29.704166666666666,47.208333333333336,6.458333333333333,0.0,962.5166666666668,213.44798636316338,chiang_rai,False,0,33.50416666666667,False
2023-04-24,33.50416666666667,49.270833333333336,426.6666666666667,0.0,28.183333333333334,56.916666666666664,7.258333333333333,0.0,965.525,219.5145429737153,chiang_rai,False,0,32.99583333333333,False
2023-04-25,32.99583333333333,48.24166666666667,435.0833333333333,0.25,29.724999999999998,52.083333333333336,5.8,0.0,963.775,238.35778236121996,chiang_rai,False,0,28.212500000000002,False
2023-04-26,28.212500000000002,41.43333333333333,349.8333333333333,0.25,28.104166666666668,59.583333333333336,9.025,12.2,964.3125,198.89689087165758,chiang_rai,False,0,32.862500000000004,False
2023-04-27,32.862500000000004,47.60833333333333,426.7916666666667,0.0,26.833333333333332,72.91666666666667,5.420833333333333,2.3,965.1916666666666,245.0328756360488,chiang_rai,False,0,23.15416666666667,False
2023-04-28,23.15416666666667,33.80833333333333,379.0,0.25,29.0,62.166666666666664,4.129166666666666,0.0,963.7083333333334,253.7329982674625,chiang_rai,False,0,26.641666666666666,False
2023-04-29,26.641666666666666,38.84583333333333,331.875,0.375,30.629166666666666,47.333333333333336,5.095833333333333,0.0,962.7708333333334,220.3049767268539,chiang_rai,False,0,30.541666666666668,False
2023-04-30,30.541666666666668,44.32083333333333,370.0416666666667,0.125,27.070833333333336,63.375,6.408333333333334,3.2,964.5375,37.63526043494306,chiang_rai,False,0,24.383333333333336,False
2023-05-01,24.383333333333336,35.4,399.7083333333333,0.0,27.004166666666666,66.41666666666667,5.891666666666667,0.2,965.2375000000001,293.2900751663096,chiang_rai,False,0,26.854166666666668,False
2023-05-02,26.854166666666668,38.84583333333333,412.1666666666667,0.0,28.641666666666666,64.91666666666667,6.1499999999999995,8.2,965.1875,227.18817459331547,chiang_rai,False,0,29.645833333333332,False
2023-05-03,29.645833333333332,42.9625,375.7916666666667,0.0,27.599999999999998,72.625,5.091666666666667,1.5,965.7333333333332,233.14502109370852,chiang_rai,False,0,18.162499999999998,False
2023-05-04,18.162499999999998,26.6125,323.0833333333333,0.0,29.754166666666666,58.041666666666664,6.858333333333333,0.0,962.9499999999999,272.1177182092929,chiang_rai,False,0,19.154166666666665,False
2023-05-05,19.154166666666665,27.983333333333334,303.8333333333333,0.0,30.8625,52.916666666666664,8.070833333333333,0.4,960.0291666666667,271.93854694321465,chiang_rai,False,0,19.375,False
2023-05-06,19.375,28.170833333333334,332.25,0.0,31.650000000000002,50.166666666666664,7.358333333333333,0.0,958.85,280.46170981491065,chiang_rai,False,0,20.233333333333334,False
2023-05-07,20.233333333333334,29.270833333333332,343.0416666666667,0.0,31.933333333333334,49.25,7.408333333333334,0.0,958.9166666666666,270.15912396837706,chiang_rai,False,0,28.016666666666666,False
2023-05-08,28.016666666666666,40.425000000000004,315.5,0.0,29.708333333333332,63.333333333333336,5.920833333333333,2.5,960.65,247.51010185418272,chiang_rai,False,0,26.416666666666668,False
2023-05-09,26.416666666666668,38.2125,317.9583333333333,0.0,28.52916666666667,70.79166666666667,5.541666666666667,0.0,963.1999999999999,202.06090625021176,chiang_rai,False,0,21.145833333333332,False
2023-05-10,21.145833333333332,30.829166666666666,344.4583333333333,0.0,27.46666666666667,77.75,5.95,18.2,964.0208333333334,212.73679374271592,chiang_rai,False,0,17.508333333333333,False
2023-05-11,17.508333333333333,25.370833333333334,304.2916666666667,0.0,27.170833333333334,76.16666666666667,4.729166666666667,12.3,965.25,272.30179759921884,chiang_rai,False,0,12.0625,False
2023-05-12,12.0625,17.3125,308.9583333333333,0.0,25.816666666666666,82.625,5.195833333333334,22.8,965.475,207.5043637341757,chiang_rai,False,0,8.466666666666667,False
2023-05-13,8.466666666666667,12.091666666666667,267.0416666666667,0.0,23.8125,91.04166666666667,4.329166666666667,35.7,965.6083333333332,30.70387670513918,chiang_rai,False,0,8.075000000000001,False
2023-05-14,8.075000000000001,11.770833333333334,200.25,0.0,23.9375,89.5,5.3625,42.4,964.3874999999999,49.41935956265252,chiang_rai,False,0,11.308333333333332,False
2023-05-15,11.308333333333332,16.908333333333335,219.70833333333334,0.0,24.516666666666666,85.75,8.479166666666666,14.5,963.7125,201.03778650998126,chiang_rai,False,0,12.816666666666668,False
2023-05-16,12.816666666666668,18.912499999999998,278.8333333333333,0.125,25.954166666666666,79.91666666666667,5.254166666666666,0.2,964.3125,224.33920095746024,chiang_rai,False,0,15.825000000000001,False
2023-05-17,15.825000000000001,24.145833333333332,276.125,0.9583333333333334,26.90833333333333,71.95833333333333,3.608333333333333,0.1,964.4625,264.3519224486954,chiang_rai,False,0,14.166666666666666,False
2023-05-18,14.166666666666666,21.5625,287.5,0.75,27.162499999999998,69.5,7.7250000000000005,0.1,963.6333333333333,285.08212988341677,chiang_rai,False,0,15.804166666666667,False
2023-05-19,15.804166666666667,23.97083333333333,283.625,1.2083333333333333,27.90833333333333,65.08333333333333,6.291666666666667,0.0,961.8708333333334,277.44977646468493,chiang_rai,False,0,13.408333333333333,False
2023-05-20,13.408333333333333,20.900000000000002,274.75,2.9166666666666665,28.45,63.041666666666664,6.0249999999999995,0.0,961.35,286.2128604618268,chiang_rai,False,0,13.358333333333334,False
2023-05-21,13.358333333333334,20.679166666666667,268.2916666666667,2.9583333333333335,28.754166666666666,61.166666666666664,5.004166666666666,0.0,962.3208333333333,258.28753657427126,chiang_rai,False,0,14.729166666666666,False
2023-05-22,14.729166666666666,22.558333333333334,278.7916666666667,2.125,29.645833333333332,58.666666666666664,6.3,0.0,962.9,240.56739878759498,chiang_rai,False,0,16.445833333333333,False
2023-05-23,16.445833333333333,24.566666666666666,268.5833333333333,1.2083333333333333,29.775000000000002,60.208333333333336,5.7625,0.3,962.6333333333333,221.16247926706592,chiang_rai,False,0,18.145833333333332,False
2023-05-24,18.145833333333332,26.962500000000002,257.0,0.9166666666666666,28.59583333333333,68.875,5.358333333333333,6.3,962.2958333333332,231.15575331003419,chiang_rai,False,0,17.8625,False
2023-05-25,17.8625,26.71666666666667,258.2083333333333,1.625,29.054166666666664,62.708333333333336,4.966666666666667,0.0,962.6083333333332,203.33586874159542,chiang_rai,False,0,17.245833333333334,False
2023-05-26,17.245833333333334,26.145833333333332,276.7916666666667,2.7916666666666665,29.22083333333333,60.708333333333336,6.1625000000000005,0.2,962.9916666666667,238.6522174931428,chiang_rai,False,0,16.933333333333334,False
2023-05-27,16.933333333333334,25.325,274.2083333333333,1.7916666666666667,28.7625,65.5,4.529166666666667,0.6,961.8416666666667,241.8381583462405,chiang_rai,False,0,18.275000000000002,False
2023-05-28,18.275000000000002,27.34583333333333,262.0,1.5,29.825,63.75,3.9916666666666667,0.3,961.7583333333333,208.26245736621874,chiang_rai,False,0,15.1625,False
2023-05-29,15.1625,22.070833333333336,278.3333333333333,0.16666666666666666,28.520833333333332,69.41666666666667,5.620833333333334,5.800000000000001,963.3000000000001,236.44982027029735,chiang_rai,False,0,12.795833333333334,False
2023-05-30,12.795833333333334,18.520833333333332,293.4166666666667,0.0,30.22083333333333,63.541666666666664,5.695833333333333,0.0,962.5041666666666,219.01314901902649,chiang_rai,False,0,13.720833333333333,False
2023-05-31,13.720833333333333,19.941666666666666,248.54166666666666,0.0,30.195833333333336,65.54166666666667,7.033333333333334,0.7,960.8416666666667,218.8753338023165,chiang_rai,False,0,10.095833333333333,False
2023-06-01,10.095833333333333,14.670833333333334,234.54166666666666,0.0,29.375,69.75,5.3500000000000005,0.8999999999999999,959.6916666666666,227.46436547064656,chiang_rai,False,0,9.891666666666667,False
2023-06-02,9.891666666666667,14.204166666666666,218.79166666666666,0.0,29.491666666666664,65.79166666666667,4.9375,4.0,960.4625,233.37813774781802,chiang_rai,False,0,11.820833333333333,False
2023-06-03,11.820833333333333,17.041666666666668,253.41666666666666,0.0,28.245833333333334,74.16666666666667,4.6000000000000005,6.5,961.9875000000001,246.6031926214911,chiang_rai,False,0,12.362499999999999,False
2023-06-04,12.362499999999999,18.320833333333333,246.83333333333334,1.0416666666666667,28.791666666666668,71.58333333333333,6.0375000000000005,10.0,961.6750000000001,245.67782467514675,chiang_rai,False,0,10.9625,False
2023-06-05,10.9625,16.008333333333333,204.91666666666666,0.125,27.504166666666666,79.375,5.625,8.2,960.8458333333333,174.94751833769988,chiang_rai,False,0,12.454166666666666,False
2023-06-06,12.454166666666666,18.0625,209.41666666666666,0.0,25.59583333333333,88.375,3.408333333333333,27.5,960.9208333333332,121.26897824403096,chiang_rai,False,0,9.025,False
2023-06-07,9.025,12.929166666666667,204.45833333333334,0.0,25.287499999999998,88.25,4.2375,14.0,961.6166666666667,218.8884105192623,chiang_rai,False,0,6.804166666666667,False
2023-06-08,6.804166666666667,9.779166666666667,201.5,0.0,26.02916666666667,85.16666666666667,5.804166666666667,8.6,961.5333333333333,182.76623140794626,chiang_rai,False,0,8.516666666666667,False
2023-06-09,8.516666666666667,12.233333333333334,251.0,0.0,26.6125,82.875,4.391666666666667,9.9,960.5916666666667,183.9846606267744,chiang_rai,False,0,11.720833333333333,False
2023-06-10,11.720833333333333,17.0,249.0,0.0,26.22083333333333,84.66666666666667,4.1625,24.7,959.9708333333333,68.77446472490101,chiang_rai,False,0,13.424999999999999,False
2023-06-11,13.424999999999999,19.441666666666666,248.08333333333334,0.0,27.145833333333332,81.29166666666667,3.1458333333333335,9.0,959.2416666666667,147.00445620083616,chiang_rai,False,0,12.233333333333334,False
2023-06-12,12.233333333333334,17.6875,256.5416666666667,0.0,27.474999999999998,79.66666666666667,5.2375,5.8,959.0875,185.59062734237335,chiang_rai,False,0,9.429166666666667,False
2023-06-13,9.429166666666667,13.5875,203.95833333333334,0.0,26.758333333333336,80.375,8.016666666666667,9.4,959.6125000000001,195.40612225492248,chiang_rai,False,0,6.379166666666666,False
2023-06-14,6.379166666666666,9.170833333333333,178.70833333333334,0.0,26.195833333333336,81.25,9.049999999999999,3.7,961.0458333333332,188.78093909612448,chiang_rai,False,0,9.033333333333333,False
2023-06-15,9.033333333333333,13.054166666666667,199.58333333333334,0.25,26.445833333333336,79.66666666666667,7.145833333333333,2.8000000000000003,961.3249999999999,200.12487619082103,chiang_rai,False,0,12.700000000000001,False
2023-06-16,12.700000000000001,18.641666666666666,230.45833333333334,1.3333333333333333,28.125,73.54166666666667,6.1375,0.0,960.7833333333333,190.18430626839185,chiang_rai,False,0,11.616666666666667,False
2023-06-17,11.616666666666667,17.420833333333334,211.91666666666666,1.75,27.679166666666664,77.66666666666667,5.695833333333333,3.1,961.3166666666666,213.59191888773276,chiang_rai,False,0,9.945833333333333,False
2023-06-18,9.945833333333333,14.816666666666668,191.75,1.4583333333333333,26.8,83.08333333333333,6.079166666666667,17.6,961.4791666666666,208.56568721469782,chiang_rai,False,0,10.25,False
2023-06-19,10.25,14.741666666666667,192.20833333333334,0.4583333333333333,26.175,86.29166666666667,4.008333333333334,2.5,961.6,183.61928897453814,chiang_rai,False,0,9.5625,False
2023-06-20,9.5625,13.795833333333334,203.375,0.125,26.375,83.41666666666667,4.666666666666667,8.8,961.9708333333333,169.4949312868223,chiang_rai,False,0,8.529166666666667,False
2023-06-21,8.529166666666667,12.216666666666667,185.58333333333334,0.0,26.400000000000002,79.91666666666667,6.083333333333333,11.4,962.7708333333334,217.25574947753546,chiang_rai,False,0,7.191666666666666,False
2023-06-22,7.191666666666666,10.299999999999999,199.33333333333334,0.0,26.7625,80.54166666666667,4.908333333333333,1.2,962.7791666666667,225.0320406813052,chiang_rai,False,0,6.758333333333333,False
2023-06-23,6.758333333333333,9.645833333333334,197.875,0.0,27.570833333333336,73.625,5.983333333333333,1.7000000000000002,961.7333333333332,233.5237692599119,chiang_rai,False,0,7.25,False
2023-06-24,7.25,10.2875,188.20833333333334,0.0,26.304166666666664,83.66666666666667,5.1125,19.3,960.7916666666666,240.46792286056862,chiang_rai,False,0,9.866666666666667,False
2023-06-25,9.866666666666667,13.966666666666667,213.16666666666666,0.0,25.2625,90.41666666666667,4.329166666666667,28.4,961.525,208.30497853951718,chiang_rai,False,0,10.375,False
2023-06-26,10.375,14.695833333333333,196.91666666666666,0.0,26.15416666666667,85.83333333333333,4.345833333333333,28.7,961.6374999999999,166.2767014986889,chiang_rai,False,0,7.104166666666667,False
2023-06-27,7.104166666666667,10.1625,194.375,0.2916666666666667,26.316666666666666,84.58333333333333,4.341666666666667,8.700000000000001,962.2541666666666,198.79252925355036,chiang_rai,False,0,7.0874999999999995,False
2023-06-28,7.0874999999999995,9.995833333333334,186.54166666666666,0.0,26.016666666666666,86.91666666666667,3.9458333333333333,7.5,963.6791666666667,165.75368233760798,chiang_rai,False,0,9.612499999999999,False
2023-06-29,9.612499999999999,13.504166666666668,197.875,0.5,26.879166666666666,84.625,3.3625000000000003,6.800000000000001,961.975,235.98715488002017,chiang_rai,False,0,9.308333333333334,False
2023-06-30,9.308333333333334,13.4375,189.75,1.1666666666666667,27.116666666666664,83.29166666666667,5.825,6.8999999999999995,960.8083333333334,222.41537727165243,chiang_rai,False,0,12.916666666666666,False
2023-07-01,12.916666666666666,18.75,199.5,2.4583333333333335,27.2375,83.04166666666667,4.6625000000000005,4.2,960.8708333333334,233.57596603369953,chiang_rai,False,0,12.245833333333332,False
2023-07-02,12.245833333333332,17.666666666666668,174.25,2.7916666666666665,26.691666666666666,85.66666666666667,4.754166666666666,18.6,961.7416666666667,207.83510992847133,chiang_rai,False,0,9.629166666666666,False
2023-07-03,9.629166666666666,13.575000000000001,158.5,0.125,26.2625,85.625,5.008333333333334,14.3,962.2333333333332,196.95029779748535,chiang_rai,False,0,6.895833333333333,False
2023-07-04,6.895833333333333,9.820833333333333,155.29166666666666,0.0,26.045833333333334,84.5,6.341666666666666,3.5,962.2125,187.74921703475462,chiang_rai,False,0,6.520833333333333,False
2023-07-05,6.520833333333333,9.316666666666666,160.41666666666666,0.0,26.15833333333333,83.54166666666667,5.370833333333334,4.6,962.5916666666667,193.26583797633708,chiang_rai,False,0,5.945833333333333,False
2023-07-06,5.945833333333333,8.408333333333333,159.45833333333334,0.08333333333333333,26.416666666666668,84.20833333333333,3.9375,4.8,963.5208333333334,221.61933776616695,chiang_rai,False,0,7.566666666666666,False
2023-07-07,7.566666666666666,10.820833333333333,169.04166666666666,0.375,27.920833333333334,78.58333333333333,3.795833333333333,0.5,963.3083333333334,245.97082053220726,chiang_rai,False,0,10.554166666666667,False
2023-07-08,10.554166666666667,15.266666666666666,177.0,0.125,27.825,82.08333333333333,3.9,8.9,963.4958333333334,216.17449277869628,chiang_rai,False,0,9.170833333333333,False
2023-07-09,9.170833333333333,12.862499999999999,183.08333333333334,0.0,26.22083333333333,85.0,2.9625,5.6000000000000005,963.3916666666668,209.0338917128907,chiang_rai,False,0,9.512500000000001,False
2023-07-10,9.512500000000001,13.483333333333334,181.875,0.0,25.65833333333333,86.875,4.033333333333333,11.4,963.8083333333334,159.714880785756,chiang_rai,False,0,9.695833333333333,False
2023-07-11,9.695833333333333,13.770833333333334,184.66666666666666,0.125,26.241666666666664,83.33333333333333,4.05,4.3999999999999995,963.4166666666666,213.082138386616,chiang_rai,False,0,8.154166666666667,False
2023-07-12,8.154166666666667,11.525,172.66666666666666,0.0,26.4375,80.75,4.716666666666667,1.1,963.6458333333334,231.455289870698,chiang_rai,False,0,7.1625000000000005,False
2023-07-13,7.1625000000000005,10.220833333333333,174.58333333333334,0.0,26.891666666666666,80.54166666666667,3.4625,3.2,963.0791666666668,267.53004423415,chiang_rai,False,0,6.7375,False
2023-07-14,6.7375,9.5625,163.66666666666666,0.4583333333333333,27.954166666666666,71.70833333333333,3.9625,0.5,961.7291666666666,248.7975695393807,chiang_rai,False,0,9.454166666666667,False
2023-07-15,9.454166666666667,12.887500000000001,173.95833333333334,0.4166666666666667,26.820833333333336,79.29166666666667,5.329166666666667,9.8,960.775,274.0216243702084,chiang_rai,False,0,8.608333333333333,False
2023-07-16,8.608333333333333,12.325000000000001,183.04166666666666,1.2916666666666667,27.108333333333334,82.33333333333333,3.595833333333333,11.4,959.7458333333334,198.06886350287715,chiang_rai,False,0,13.670833333333334,False
2023-07-17,13.670833333333334,20.05,219.83333333333334,2.9166666666666665,27.675,81.29166666666667,3.2458333333333336,2.6,958.1833333333334,167.95209909178823,chiang_rai,False,0,15.020833333333334,False
2023-07-18,15.020833333333334,22.291666666666668,251.29166666666666,3.0416666666666665,28.954166666666666,74.58333333333333,3.6833333333333336,0.0,957.4041666666667,271.70186462739593,chiang_rai,False,0,15.004166666666668,False
2023-07-19,15.004166666666668,21.770833333333332,223.33333333333334,1.7916666666666667,26.704166666666666,82.79166666666667,4.6375,19.2,958.1999999999999,257.05629253560994,chiang_rai,False,0,11.970833333333333,False
2023-07-20,11.970833333333333,17.191666666666666,181.91666666666666,1.0833333333333333,26.125,84.54166666666667,3.545833333333333,4.1,960.7541666666666,105.5081552763935,chiang_rai,False,0,9.3125,False
2023-07-21,9.3125,13.170833333333334,175.75,0.375,26.625,83.5,4.125,1.9000000000000001,963.3708333333334,15.689686101803545,chiang_rai,False,0,7.166666666666667,False
2023-07-22,7.166666666666667,10.233333333333333,203.04166666666666,0.0,27.912499999999998,79.54166666666667,3.8666666666666667,2.2,964.3625000000001,325.20501325525237,chiang_rai,False,0,6.379166666666666,False
2023-07-23,6.379166666666666,9.145833333333334,191.375,0.0,28.454166666666666,73.91666666666667,4.333333333333333,5.1,963.9666666666667,173.05265740390666,chiang_rai,False,0,7.920833333333333,False
2023-07-24,7.920833333333333,11.358333333333334,195.41666666666666,0.0,27.59166666666667,76.33333333333333,4.1125,8.2,962.5541666666667,117.52054568943811,chiang_rai,False,0,12.1,False
2023-07-25,12.1,17.320833333333333,204.04166666666666,0.0,27.34583333333333,79.0,3.470833333333333,0.8,962.6041666666666,227.37767113514874,chiang_rai,False,0,10.983333333333334,False
2023-07-26,10.983333333333334,15.700000000000001,208.875,0.0,28.504166666666666,73.625,3.1916666666666664,0.2,962.0166666666668,248.52305641028866,chiang_rai,False,0,5.454166666666667,False
2023-07-27,5.454166666666667,7.754166666666666,150.20833333333334,0.0,29.349999999999998,64.25,7.104166666666667,0.7,960.0875,267.68993115067644,chiang_rai,False,0,4.608333333333333,False
2023-07-28,4.608333333333333,6.683333333333334,143.20833333333334,0.25,29.025000000000002,66.875,6.3875,1.0,957.6583333333333,274.4375182765604,chiang_rai,False,0,6.779166666666666,False
2023-07-29,6.779166666666666,9.679166666666667,171.04166666666666,0.0,26.825,85.45833333333333,4.066666666666666,21.4,957.7541666666666,204.73092522205377,chiang_rai,False,0,6.316666666666666,False
2023-07-30,6.316666666666666,8.958333333333334,184.20833333333334,0.0,25.183333333333334,94.5,4.254166666666666,38.8,958.2833333333333,177.54812110954492,chiang_rai,False,0,5.4125000000000005,False
2023-07-31,5.4125000000000005,7.691666666666666,155.58333333333334,0.0,25.058333333333334,90.16666666666667,6.4375,23.8,960.1208333333334,181.784868453092,chiang_rai,False,0,5.3125,False
2023-08-01,5.3125,7.604166666666667,161.66666666666666,0.0,25.15416666666667,91.08333333333333,5.0125,18.3,960.8833333333333,194.3503761054252,chiang_rai,False,0,6.9875,False
2023-08-02,6.9875,9.958333333333334,184.625,0.20833333333333334,25.745833333333334,90.25,3.9333333333333336,11.0,960.7416666666667,198.3757672316783,chiang_rai,False,0,6.266666666666667,False
2023-08-03,6.266666666666667,9.208333333333334,184.625,1.25,25.724999999999998,91.75,3.8083333333333336,28.4,960.0708333333333,201.1871052254002,chiang_rai,False,0,6.870833333333334,False
2023-08-04,6.870833333333334,10.070833333333333,205.33333333333334,1.25,26.041666666666668,89.58333333333333,4.920833333333333,6.6,961.8208333333333,220.0730197035619,chiang_rai,False,0,6.8,False
2023-08-05,6.8,9.841666666666667,200.29166666666666,1.5,25.229166666666668,91.79166666666667,7.1000000000000005,10.9,962.5375,196.4631305389841,chiang_rai,False,0,7.375,False
2023-08-06,7.375,10.579166666666667,202.33333333333334,1.3333333333333333,24.416666666666668,95.0,5.979166666666667,31.0,960.7208333333333,196.39237571465893,chiang_rai,False,0,4.604166666666667,False
2023-08-07,4.604166666666667,6.533333333333334,193.91666666666666,0.5,24.579166666666666,92.83333333333333,7.2875000000000005,22.2,959.3708333333334,185.64438689158925,chiang_rai,False,0,4.3999999999999995,False
2023-08-08,4.3999999999999995,6.2625,189.79166666666666,0.125,24.354166666666668,92.375,8.229166666666666,18.4,960.6791666666667,191.78843306683115,chiang_rai,False,0,5.491666666666667,False
2023-08-09,5.491666666666667,8.4625,191.20833333333334,2.2083333333333335,24.929166666666664,89.16666666666667,5.675,18.2,962.5333333333333,208.63168226053773,chiang_rai,False,0,8.833333333333334,False
2023-08-10,8.833333333333334,12.691666666666668,199.875,1.75,25.6875,87.54166666666667,4.1625000000000005,2.1,962.6333333333333,226.53823682142638,chiang_rai,False,0,12.341666666666667,False
2023-08-11,12.341666666666667,17.787499999999998,205.0,3.2916666666666665,26.354166666666668,83.75,4.166666666666667,0.7,960.9708333333333,242.9264634634103,chiang_rai,False,0,13.25,False
2023-08-12,13.25,19.483333333333334,198.75,5.291666666666667,26.495833333333334,83.95833333333333,4.370833333333334,2.6,959.8708333333334,233.76286677587547,chiang_rai,False,0,15.3125,False
2023-08-13,15.3125,23.083333333333332,213.33333333333334,6.708333333333333,26.241666666666664,85.0,4.083333333333333,3.0,960.1750000000001,241.13737679862493,chiang_rai,False,0,17.545833333333334,False
2023-08-14,17.545833333333334,25.954166666666666,203.70833333333334,6.916666666666667,26.666666666666668,84.08333333333333,3.6166666666666667,23.3,960.3708333333334,239.69587818489282,chiang_rai,False,0,13.133333333333333,False
2023-08-15,13.133333333333333,18.383333333333333,196.95833333333334,2.375,25.583333333333332,89.83333333333333,3.65,10.5,961.2666666666668,179.95753458627553,chiang_rai,False,0,11.174999999999999,False
2023-08-16,11.174999999999999,15.695833333333333,196.375,1.625,25.183333333333334,90.5,2.9875000000000003,14.9,962.2666666666668,154.86218359347117,chiang_rai,False,0,10.4625,False
2023-08-17,10.4625,14.825000000000001,184.70833333333334,0.6666666666666666,25.9875,86.29166666666667,4.204166666666667,1.5,962.7875,189.06437905977748,chiang_rai,False,0,10.879166666666668,False
2023-08-18,10.879166666666668,15.333333333333334,206.16666666666666,0.625,26.925,83.58333333333333,3.641666666666667,0.0,961.8874999999999,251.02670649836955,chiang_rai,False,0,14.141666666666666,False
2023-08-19,14.141666666666666,19.870833333333334,210.79166666666666,1.8333333333333333,27.204166666666666,79.91666666666667,4.120833333333334,0.4,961.7166666666667,281.3310661350028,chiang_rai,False,0,19.095833333333335,False
2023-08-20,19.095833333333335,26.40833333333333,215.41666666666666,2.0,27.191666666666666,80.41666666666667,3.8625000000000003,0.0,961.2458333333334,265.4871239562403,chiang_rai,False,0,12.008333333333333,False
2023-08-21,12.008333333333333,16.595833333333335,215.29166666666666,0.25,26.1125,86.375,3.845833333333333,6.2,962.1416666666668,221.1180836789915,chiang_rai,False,0,11.8375,False
2023-08-22,11.8375,16.691666666666666,216.29166666666666,0.0,26.037499999999998,86.25,4.6375,1.0,962.2833333333333,187.90261044926424,chiang_rai,False,0,10.329166666666667,False
2023-08-23,10.329166666666667,14.595833333333333,210.625,0.6666666666666666,25.96666666666667,87.58333333333333,3.5208333333333335,5.2,961.3791666666666,228.78183364019995,chiang_rai,False,0,10.450000000000001,False
2023-08-24,10.450000000000001,14.862499999999999,202.75,1.2083333333333333,25.995833333333334,87.66666666666667,4.625,4.9,961.0500000000001,212.3410457228924,chiang_rai,False,0,10.275,False
2023-08-25,10.275,14.704166666666666,196.875,1.25,25.691666666666666,88.29166666666667,3.6458333333333335,11.299999999999999,961.7624999999999,242.15759946623785,chiang_rai,False,0,9.7125,False
2023-08-26,9.7125,13.929166666666667,196.04166666666666,1.25,25.316666666666666,91.58333333333333,4.129166666666666,26.4,961.5333333333333,228.26360770846668,chiang_rai,False,0,9.325000000000001,False
2023-08-27,9.325000000000001,13.583333333333334,191.54166666666666,1.25,25.745833333333334,88.16666666666667,4.5249999999999995,7.300000000000001,960.4083333333333,235.56022165954226,chiang_rai,False,0,10.420833333333333,False
2023-08-28,10.420833333333333,15.408333333333333,203.58333333333334,2.375,25.912499999999998,86.16666666666667,3.7541666666666664,5.7,959.6333333333333,256.4992991017109,chiang_rai,False,0,10.929166666666667,False
2023-08-29,10.929166666666667,15.7125,193.75,0.75,25.429166666666664,89.5,3.975,15.9,960.6333333333333,358.1301067803431,chiang_rai,False,0,6.241666666666667,False
2023-08-30,6.241666666666667,8.845833333333333,171.66666666666666,0.0,25.09166666666667,89.625,2.841666666666667,21.2,962.6125000000001,352.34391959170483,chiang_rai,False,0,8.658333333333333,False
2023-08-31,8.658333333333333,12.366666666666667,279.3333333333333,0.0,26.099999999999998,87.29166666666667,3.216666666666667,7.8,962.6958333333333,281.53416855523847,chiang_rai,False,0,10.795833333333334,False
2023-09-01,10.795833333333334,15.441666666666668,319.9583333333333,0.0,26.891666666666666,83.25,3.3375,1.0,961.7458333333334,311.34069074686164,chiang_rai,False,0,10.1375,False
2023-09-02,10.1375,14.570833333333333,313.4166666666667,0.0,26.858333333333334,81.29166666666667,4.1625000000000005,24.2,961.1125000000001,235.9076193551556,chiang_rai,False,0,11.75,False
2023-09-03,11.75,17.020833333333332,334.9166666666667,0.125,27.2,77.04166666666667,3.0833333333333335,0.0,959.6791666666667,312.93411353874023,chiang_rai,False,0,13.116666666666667,False
2023-09-04,13.116666666666667,19.204166666666666,271.75,0.25,27.695833333333336,75.875,3.6125000000000003,4.6,959.2208333333333,26.660174175860504,chiang_rai,False,0,8.208333333333334,False
2023-09-05,8.208333333333334,11.791666666666666,243.95833333333334,0.0,25.483333333333334,87.5,3.829166666666667,39.4,961.6916666666666,211.96416946896886,chiang_rai,False,0,8.387500000000001,False
2023-09-06,8.387500000000001,11.9625,240.20833333333334,0.0,24.929166666666664,90.29166666666667,4.325,21.0,963.6125000000001,58.118198910213096,chiang_rai,False,0,8.674999999999999,False
2023-09-07,8.674999999999999,12.375,241.20833333333334,0.0,25.808333333333334,87.66666666666667,3.1291666666666664,8.9,963.7708333333334,270.0583513686178,chiang_rai,False,0,7.9375,False
2023-09-08,7.9375,11.4125,238.83333333333334,0.0,26.483333333333334,85.375,3.5041666666666664,1.2000000000000002,963.0124999999999,290.01880734365227,chiang_rai,False,0,7.175,False
2023-09-09,7.175,10.299999999999999,225.5,0.0,26.075,88.29166666666667,3.9958333333333336,8.9,961.3208333333333,22.851796238015936,chiang_rai,False,0,6.316666666666666,False
2023-09-10,6.316666666666666,9.049999999999999,211.79166666666666,0.0,24.974999999999998,91.41666666666667,3.3625000000000003,21.4,960.9541666666668,89.20219491614796,chiang_rai,False,0,5.920833333333333,False
2023-09-11,5.920833333333333,8.4375,190.41666666666666,0.0,24.670833333333334,90.95833333333333,3.9416666666666664,16.0,961.1458333333334,179.18852846013306,chiang_rai,False,0,7.029166666666666,False
2023-09-12,7.029166666666666,9.995833333333334,174.33333333333334,0.0,25.05,89.75,3.658333333333333,14.200000000000001,961.7958333333335,210.9692837752889,chiang_rai,False,0,7.55,False
2023-09-13,7.55,10.737499999999999,193.41666666666666,0.0,24.745833333333334,91.625,3.1208333333333336,19.0,962.8208333333333,213.41736651735837,chiang_rai,False,0,9.5875,False
2023-09-14,9.5875,13.637500000000001,203.16666666666666,0.125,25.433333333333334,89.125,2.6791666666666667,9.2,962.8541666666666,290.3731030198627,chiang_rai,False,0,8.166666666666666,False
2023-09-15,8.166666666666666,11.612499999999999,249.875,0.0,25.90833333333333,87.20833333333333,4.108333333333333,14.1,962.4666666666667,358.78769553584084,chiang_rai,False,0,8.329166666666667,False
2023-09-16,8.329166666666667,11.895833333333334,260.2083333333333,0.0,25.21666666666667,87.91666666666667,4.891666666666667,29.900000000000002,962.8958333333334,330.41713998321785,chiang_rai,False,0,8.6875,False
2023-09-17,8.6875,12.379166666666668,209.08333333333334,0.0,24.40416666666667,90.70833333333333,2.920833333333333,16.4,963.3291666666668,63.23161595952928,chiang_rai,False,0,7.391666666666667,False
2023-09-18,7.391666666666667,10.566666666666666,188.875,0.0,24.058333333333334,91.70833333333333,3.4125,15.799999999999999,964.6999999999999,99.63406387954456,chiang_rai,False,0,6.5,False
2023-09-19,6.5,9.299999999999999,179.16666666666666,0.0,24.65416666666667,90.625,3.65,11.9,966.275,197.24529227291674,chiang_rai,False,0,6.891666666666667,False
2023-09-20,6.891666666666667,9.908333333333333,198.54166666666666,0.0,25.2625,88.45833333333333,2.504166666666667,6.3,965.7666666666668,256.2980117202254,chiang_rai,False,0,7.854166666666667,False
2023-09-21,7.854166666666667,11.266666666666666,199.29166666666666,0.0,26.0625,85.58333333333333,3.1166666666666667,0.9,965.1541666666667,290.33411244192683,chiang_rai,False,0,7.770833333333333,False
2023-09-22,7.770833333333333,11.116666666666667,198.70833333333334,0.0,26.71666666666667,83.08333333333333,3.516666666666667,0.0,964.8166666666666,299.5264197998903,chiang_rai,False,0,7.816666666666666,False
2023-09-23,7.816666666666666,11.245833333333332,196.91666666666666,0.0,26.795833333333334,82.0,3.9291666666666667,0.1,964.6958333333333,211.85939038381412,chiang_rai,False,0,7.970833333333334,False
2023-09-24,7.970833333333334,11.441666666666668,194.25,0.0,27.104166666666668,82.29166666666667,3.4416666666666664,0.6,963.4541666666668,248.0662794380234,chiang_rai,False,0,5.2375,False
2023-09-25,5.2375,7.529166666666666,194.08333333333334,0.0,26.8625,81.45833333333333,4.479166666666667,4.0,963.25,15.752684803332556,chiang_rai,False,0,10.216666666666667,False
2023-09-26,10.216666666666667,15.033333333333333,218.41666666666666,0.0,26.120833333333334,82.04166666666667,5.7625,7.8999999999999995,962.5291666666667,326.19030137314456,chiang_rai,False,0,9.479166666666666,False
2023-09-27,9.479166666666666,13.845833333333333,212.66666666666666,0.0,25.087500000000002,87.29166666666667,5.279166666666667,12.4,961.5291666666667,342.27615448315953,chiang_rai,False,0,5.483333333333333,False
2023-09-28,5.483333333333333,7.841666666666666,170.83333333333334,0.0,24.125,92.20833333333333,4.2,69.9,963.4375,309.06936458948445,chiang_rai,False,0,5.483333333333333,False
2023-09-29,5.483333333333333,7.829166666666667,162.33333333333334,0.0,23.787499999999998,92.5,4.570833333333334,22.2,965.6916666666666,30.332822581191635,chiang_rai,False,0,4.245833333333334,False
2023-09-30,4.245833333333334,6.079166666666667,148.58333333333334,0.0,23.90833333333333,92.08333333333333,4.795833333333333,33.0,966.0708333333333,155.51599658975692,chiang_rai,False,0,5.629166666666666,False
2023-10-01,5.629166666666666,8.070833333333333,155.91666666666666,0.0,24.479166666666668,90.625,3.7125,6.9,964.9208333333332,112.26573098818932,chiang_rai,False,0,7.404166666666666,False
2023-10-02,7.404166666666666,10.616666666666667,172.75,0.0,25.27916666666667,90.5,3.5375,1.7000000000000002,965.3041666666667,314.39485475104897,chiang_rai,False,0,6.3374999999999995,False
2023-10-03,6.3374999999999995,9.083333333333334,199.625,0.0,26.27916666666667,84.75,2.654166666666667,0.1,965.3083333333334,247.21693157424107,chiang_rai,False,0,4.45,False
2023-10-04,4.45,6.3500000000000005,195.75,0.0,27.0125,84.25,2.8833333333333333,2.4000000000000004,965.15,5.369804973808584,chiang_rai,False,0,6.8999999999999995,False
2023-10-05,6.8999999999999995,9.9125,214.0,0.0,26.425,85.625,3.6125000000000003,11.5,964.3958333333334,202.4936211729941,chiang_rai,False,0,6.616666666666667,False
2023-10-06,6.616666666666667,9.491666666666667,206.33333333333334,0.0,26.229166666666668,85.29166666666667,3.9125,3.0,963.6958333333333,245.75481319830496,chiang_rai,False,0,4.145833333333333,False
2023-10-07,4.145833333333333,5.929166666666667,186.625,0.0,24.933333333333334,90.125,3.4375,17.7,964.7958333333332,50.84168640029844,chiang_rai,False,0,3.225,False
2023-10-08,3.225,4.604166666666667,203.83333333333334,0.0,24.141666666666666,91.29166666666667,4.316666666666666,29.6,966.2291666666666,44.8971089678235,chiang_rai,False,0,5.9125000000000005,False
2023-10-09,5.9125000000000005,8.450000000000001,301.0833333333333,0.0,23.7,92.66666666666667,4.4875,20.3,967.3125,4.366890907423226,chiang_rai,False,0,9.166666666666666,False
2023-10-10,9.166666666666666,13.141666666666666,318.4166666666667,0.0,23.704166666666666,91.375,5.175,12.700000000000001,968.1541666666667,336.6558239941486,chiang_rai,False,0,8.404166666666667,False
2023-10-11,8.404166666666667,12.041666666666666,328.125,0.0,24.15833333333333,87.45833333333333,4.358333333333333,4.3,968.7958333333332,308.42920534078036,chiang_rai,False,0,7.125,False
2023-10-12,7.125,10.220833333333333,270.75,0.0,24.608333333333334,87.45833333333333,2.8791666666666664,3.2,969.6,286.3268720428458,chiang_rai,False,0,7.0625,False
2023-10-13,7.0625,10.1625,300.125,0.0,24.3625,89.20833333333333,3.6791666666666667,8.1,968.9499999999999,338.58532777421004,chiang_rai,False,0,5.841666666666666,False
2023-10-14,5.841666666666666,8.387500000000001,258.7083333333333,0.0,24.150000000000002,88.875,3.0375,22.5,967.1125000000001,291.3220552416143,chiang_rai,False,0,6.983333333333333,False
2023-10-15,6.983333333333333,10.012500000000001,237.66666666666666,0.0,24.295833333333334,88.54166666666667,3.670833333333333,6.0,966.2416666666667,25.272873590301288,chiang_rai,False,0,10.125,False
2023-10-16,10.125,14.475,312.9166666666667,0.0,23.925,89.16666666666667,4.2875000000000005,18.5,967.7541666666666,11.514965568731384,chiang_rai,False,0,10.679166666666667,False
2023-10-17,10.679166666666667,15.308333333333332,377.0833333333333,0.0,24.662499999999998,85.08333333333333,2.891666666666667,0.30000000000000004,967.6916666666666,320.71156404261893,chiang_rai,False,0,11.616666666666667,False
2023-10-18,11.616666666666667,16.650000000000002,407.6666666666667,0.0,24.991666666666664,83.70833333333333,3.475,0.30000000000000004,967.4875000000001,285.6617865265019,chiang_rai,False,0,10.570833333333333,False
2023-10-19,10.570833333333333,15.133333333333333,324.25,0.0,25.474999999999998,85.625,3.358333333333333,2.8000000000000003,967.0583333333334,300.56737324280226,chiang_rai,False,0,10.1875,False
2023-10-20,10.1875,14.583333333333334,272.5,0.0,25.166666666666668,87.29166666666667,3.5625,4.9,968.2708333333334,342.81887659471715,chiang_rai,False,0,10.095833333333333,False
2023-10-21,10.095833333333333,14.4625,334.1666666666667,0.0,23.504166666666666,90.66666666666667,4.733333333333333,29.900000000000002,970.225,340.12708389072077,chiang_rai,False,0,10.708333333333334,False
2023-10-22,10.708333333333334,15.329166666666666,362.7916666666667,0.0,24.212500000000002,85.45833333333333,3.6041666666666665,2.2,970.2875,251.0948421992548,chiang_rai,False,0,9.858333333333333,False
2023-10-23,9.858333333333333,14.120833333333332,323.75,0.0,24.604166666666668,83.375,2.970833333333333,0.4,969.3125,340.2368037833543,chiang_rai,False,0,8.141666666666667,False
2023-10-24,8.141666666666667,11.6625,293.75,0.0,24.8625,84.29166666666667,3.0208333333333335,0.30000000000000004,968.8125,315.8373773248689,chiang_rai,False,0,8.220833333333333,False
2023-10-25,8.220833333333333,11.8375,300.0,0.0,24.683333333333334,87.45833333333333,3.5083333333333333,8.0,968.5458333333332,298.71361056758127,chiang_rai,False,0,9.141666666666667,False
2023-10-26,9.141666666666667,13.333333333333334,291.7916666666667,0.0,25.337500000000002,86.41666666666667,2.9333333333333336,2.8000000000000003,967.8791666666666,316.0367093369383,chiang_rai,False,0,6.308333333333334,False
2023-10-27,6.308333333333334,9.15,214.54166666666666,0.0,24.929166666666664,87.16666666666667,3.745833333333333,3.4,967.5208333333334,314.65705244312556,chiang_rai,False,0,7.058333333333334,False
2023-10-28,7.058333333333334,10.183333333333334,206.20833333333334,0.0,24.287499999999998,87.54166666666667,2.720833333333333,7.0,967.8083333333334,3.9086142914839,chiang_rai,False,0,5.729166666666667,False
2023-10-29,5.729166666666667,8.195833333333333,203.08333333333334,0.0,23.870833333333334,89.29166666666667,4.320833333333334,1.8,968.0458333333332,353.91167360596955,chiang_rai,False,0,5.175,False
2023-10-30,5.175,7.416666666666667,207.79166666666666,0.0,23.34583333333333,89.66666666666667,5.016666666666667,36.5,969.4041666666667,316.28083921440367,chiang_rai,False,0,9.504166666666666,False
2023-10-31,9.504166666666666,13.629166666666668,315.9583333333333,0.0,23.724999999999998,87.375,4.533333333333333,6.6000000000000005,970.8541666666666,337.0282795301526,chiang_rai,False,0,16.3625,False
2023-11-01,16.3625,23.566666666666666,431.625,0.0,23.854166666666668,81.95833333333333,4.075,0.0,970.2041666666668,339.4565382288107,chiang_rai,False,0,11.620833333333332,False
2023-11-02,11.620833333333332,16.741666666666667,355.0833333333333,0.0,23.412499999999998,85.0,3.5375,0.0,968.3000000000001,304.9977779858918,chiang_rai,False,0,10.362499999999999,False
2023-11-03,10.362499999999999,14.895833333333334,332.4166666666667,0.0,24.8125,85.41666666666667,3.016666666666667,0.7,966.0833333333334,282.99081640560905,chiang_rai,False,0,13.133333333333333,False
2023-11-04,13.133333333333333,18.858333333333334,301.9166666666667,0.0,24.120833333333334,90.04166666666667,3.9875000000000003,1.9,966.4916666666667,317.2469744083976,chiang_rai,False,0,8.754166666666666,False
2023-11-05,8.754166666666666,12.520833333333334,272.875,0.0,24.34166666666667,89.16666666666667,3.029166666666667,0.5,967.725,305.44657762543136,chiang_rai,False,0,12.733333333333334,False
2023-11-06,12.733333333333334,18.270833333333332,283.6666666666667,0.0,24.545833333333334,88.41666666666667,3.9250000000000003,0.2,968.1374999999999,321.94931475454223,chiang_rai,False,0,7.6499999999999995,False
2023-11-07,7.6499999999999995,11.049999999999999,250.29166666666666,0.0,24.2625,87.33333333333333,4.020833333333333,16.4,968.5916666666667,338.2933376476912,chiang_rai,False,0,10.262500000000001,False
2023-11-08,10.262500000000001,14.9125,240.25,0.0,23.77916666666667,89.45833333333333,2.5875,3.2,967.5708333333333,300.1272591765873,chiang_rai,False,0,9.383333333333333,False
2023-11-09,9.383333333333333,13.6,268.4166666666667,0.0,24.474999999999998,89.04166666666667,2.5208333333333335,0.30000000000000004,967.6708333333332,345.1257247247777,chiang_rai,False,0,9.391666666666667,False
2023-11-10,9.391666666666667,13.637500000000001,273.875,0.0,24.733333333333334,86.875,3.254166666666667,0.30000000000000004,968.7958333333332,317.87535083082076,chiang_rai,False,0,12.358333333333334,False
2023-11-11,12.358333333333334,17.858333333333334,297.9166666666667,0.0,25.037499999999998,84.41666666666667,2.404166666666667,0.1,969.2791666666667,298.5705446628677,chiang_rai,False,0,10.170833333333333,False
2023-11-12,10.170833333333333,14.737499999999999,270.6666666666667,0.0,25.491666666666664,81.75,3.0375,0.0,969.9375,352.602100752346,chiang_rai,False,0,8.016666666666667,False
2023-11-13,8.016666666666667,11.566666666666668,217.75,0.0,24.425,85.33333333333333,4.320833333333334,12.0,970.8958333333334,7.342392560585495,chiang_rai,False,0,5.179166666666666,False
2023-11-14,5.179166666666666,7.6125,259.6666666666667,0.0,23.787499999999998,85.54166666666667,3.9791666666666665,1.7,971.9791666666666,39.406143662622924,chiang_rai,False,0,8.754166666666666,False
2023-11-15,8.754166666666666,12.770833333333334,343.1666666666667,0.0,23.879166666666666,85.45833333333333,3.6750000000000003,0.0,971.6374999999999,314.9134487842354,chiang_rai,False,0,9.049999999999999,False
2023-11-16,9.049999999999999,13.195833333333333,303.5833333333333,0.0,23.741666666666664,86.29166666666667,4.8625,6.9,972.9916666666667,2.438737281794033,chiang_rai,False,0,5.8999999999999995,False
2023-11-17,5.8999999999999995,8.529166666666667,351.2916666666667,0.0,20.591666666666665,65.91666666666667,10.704166666666666,0.3,975.3625000000001,14.244367579823745,chiang_rai,False,0,6.8,False
2023-11-18,6.8,9.9125,318.3333333333333,0.25,19.570833333333333,72.125,5.104166666666667,0.0,973.1999999999999,334.53951875430374,chiang_rai,False,0,6.479166666666667,False
2023-11-19,6.479166666666667,9.495833333333334,266.0,0.0,19.349999999999998,73.75,5.729166666666667,0.0,972.2833333333333,338.9873719457418,chiang_rai,False,0,10.85,False
2023-11-20,10.85,16.041666666666668,269.5,0.0,19.770833333333332,80.125,4.770833333333333,0.0,971.0875,325.8075980054944,chiang_rai,False,0,12.025,False
2023-11-21,12.025,17.575,308.7916666666667,0.25,19.974999999999998,85.04166666666667,3.6625,0.0,968.85,298.8882224529614,chiang_rai,False,0,9.983333333333333,False
2023-11-22,9.983333333333333,14.512500000000001,287.125,0.125,20.8625,84.75,2.970833333333333,0.0,967.4333333333334,319.57790621274694,chiang_rai,False,0,12.154166666666667,False
2023-11-23,12.154166666666667,17.625,308.7083333333333,0.125,21.90833333333333,81.79166666666667,3.4124999999999996,0.0,967.9833333333332,336.4520034230776,chiang_rai,False,0,11.541666666666666,False
2023-11-24,11.541666666666666,16.795833333333334,335.9583333333333,0.0,21.77916666666667,82.79166666666667,4.141666666666667,0.30000000000000004,969.5124999999999,327.0053792105551,chiang_rai,False,0,13.970833333333333,False
2023-11-25,13.970833333333333,20.491666666666667,346.2083333333333,0.125,21.90833333333333,80.04166666666667,3.8791666666666664,0.0,970.1125000000001,335.58590846730107,chiang_rai,False,0,14.229166666666666,False
2023-11-26,14.229166666666666,20.733333333333334,300.4583333333333,0.25,20.974999999999998,82.29166666666667,5.158333333333333,0.0,971.0458333333332,326.6070221952042,chiang_rai,False,0,13.408333333333333,False
2023-11-27,13.408333333333333,19.904166666666665,297.5833333333333,0.25,20.462500000000002,80.625,5.8125,0.0,970.7083333333334,334.9791877338292,chiang_rai,False,0,13.700000000000001,False
2023-11-28,13.700000000000001,20.295833333333334,301.1666666666667,0.0,19.400000000000002,80.29166666666667,5.175,0.0,969.4458333333333,329.04326191127757,chiang_rai,False,0,15.291666666666666,False
2023-11-29,15.291666666666666,22.416666666666668,361.75,0.0,19.479166666666668,77.0,3.870833333333333,0.0,969.6125000000001,332.85611974866066,chiang_rai,False,0,15.929166666666667,False
2023-11-30,15.929166666666667,23.27916666666667,398.9166666666667,0.0,20.625,80.0,3.6458333333333335,0.0,970.5166666666668,332.47194665297104,chiang_rai,False,0,16.191666666666666,False
2023-12-01,16.191666666666666,23.825,365.6666666666667,0.0,22.5,79.70833333333333,4.658333333333333,0.0,970.1791666666667,332.9974659124558,chiang_rai,False,0,9.833333333333334,False
2023-12-02,9.833333333333334,14.266666666666666,323.4583333333333,0.0,23.120833333333334,84.29166666666667,3.9583333333333335,2.9000000000000004,970.3625000000001,6.0385849876226985,chiang_rai,False,0,5.6875,False
2023-12-03,5.6875,8.270833333333334,309.0416666666667,0.0,22.537499999999998,89.0,4.166666666666667,9.4,970.6291666666666,333.9321324977062,chiang_rai,False,0,8.195833333333333,False
2023-12-04,8.195833333333333,11.9375,357.3333333333333,0.0,23.479166666666668,84.70833333333333,3.8083333333333336,0.1,969.0,329.19776092027735,chiang_rai,False,0,10.158333333333333,False
2023-12-05,10.158333333333333,14.775,355.2083333333333,0.0,23.320833333333336,87.45833333333333,3.65,9.5,967.6875,302.82686900344106,chiang_rai,False,0,9.387500000000001,False
2023-12-06,9.387500000000001,13.483333333333334,282.0416666666667,0.0,23.420833333333334,86.25,3.891666666666667,0.4,968.9291666666667,340.58315997343055,chiang_rai,False,0,13.254166666666668,False
2023-12-07,13.254166666666668,19.033333333333335,388.25,0.0,22.679166666666664,86.83333333333333,4.516666666666667,2.1,969.6791666666667,4.435156312290928,chiang_rai,False,0,14.666666666666666,False
2023-12-08,14.666666666666666,21.008333333333333,417.5,0.0,23.229166666666668,87.04166666666667,4.958333333333333,4.0,968.0124999999999,253.27038092763172,chiang_rai,False,0,10.720833333333333,False
2023-12-09,10.720833333333333,15.4125,347.5,0.0,23.900000000000002,86.41666666666667,2.9333333333333336,1.0,966.7583333333333,269.0540617616497,chiang_rai,False,0,10.5875,False
2023-12-10,10.5875,15.245833333333332,336.3333333333333,0.0,24.28333333333333,83.375,3.6750000000000003,0.7999999999999999,965.5291666666667,243.38067722330078,chiang_rai,False,0,10.670833333333334,False
2023-12-11,10.670833333333334,15.408333333333333,351.6666666666667,0.0,24.008333333333336,84.95833333333333,2.9291666666666667,0.4,966.8874999999999,319.03188715616943,chiang_rai,False,0,12.270833333333334,False
2023-12-12,12.270833333333334,17.7375,334.0833333333333,0.0,23.724999999999998,86.33333333333333,3.6625,2.7,967.25,306.30284214283193,chiang_rai,False,0,13.679166666666667,False
2023-12-13,13.679166666666667,20.845833333333335,294.4583333333333,0.0,23.358333333333334,85.83333333333333,4.629166666666666,2.0,968.6,276.5591911854536,chiang_rai,False,0,14.741666666666667,False
2023-12-14,14.741666666666667,22.570833333333336,324.4166666666667,0.0,23.391666666666666,79.04166666666667,4.595833333333333,0.1,969.2375000000001,235.07920409463213,chiang_rai,False,0,15.137500000000001,False
2023-12-15,15.137500000000001,22.541666666666668,299.4166666666667,0.0,22.40416666666667,82.83333333333333,4.0874999999999995,0.0,968.6333333333333,272.3373570098801,chiang_rai,False,0,13.2125,False
2023-12-16,13.2125,19.383333333333333,290.3333333333333,0.0,22.325,79.75,3.3249999999999997,0.0,968.7666666666668,332.7536911997782,chiang_rai,False,0,13.424999999999999,False
2023-12-17,13.424999999999999,19.724999999999998,302.5833333333333,0.0,21.625,80.04166666666667,4.029166666666667,0.0,969.7875,277.6663503741265,chiang_rai,False,0,10.954166666666666,False
2023-12-18,10.954166666666666,16.079166666666666,370.0833333333333,0.0,21.900000000000002,77.16666666666667,3.5083333333333333,0.0,970.3208333333333,289.88758523765995,chiang_rai,False,0,11.420833333333334,False
2023-12-19,11.420833333333334,16.545833333333334,425.5833333333333,0.0,21.479166666666668,78.41666666666667,3.1791666666666667,0.0,970.1458333333334,288.53107932223065,chiang_rai,False,0,12.016666666666666,False
2023-12-20,12.016666666666666,17.483333333333334,421.2916666666667,0.0,21.416666666666668,78.0,3.641666666666667,0.0,969.8666666666667,337.2755581745891,chiang_rai,False,0,9.954166666666667,False
2023-12-21,9.954166666666667,14.362499999999999,369.375,0.0,21.066666666666666,80.29166666666667,5.079166666666667,0.1,970.8333333333334,1.4209660805689737,chiang_rai,False,0,18.720833333333335,False
2023-12-22,18.720833333333335,27.545833333333334,374.875,0.0,18.675,79.45833333333333,6.454166666666667,4.9,974.2666666666668,3.1324602359913456,chiang_rai,False,0,12.433333333333332,False
2023-12-23,12.433333333333332,18.8,359.9583333333333,0.0,16.716666666666665,71.08333333333333,7.05,0.0,976.0791666666668,347.99117870331196,chiang_rai,False,0,11.579166666666666,False
2023-12-24,11.579166666666666,17.420833333333334,347.3333333333333,0.0,16.995833333333334,68.83333333333333,6.591666666666666,0.0,976.1833333333334,347.7903170101556,chiang_rai,False,0,18.495833333333334,False
2023-12-25,18.495833333333334,27.59166666666667,394.6666666666667,0.0,16.933333333333334,69.91666666666667,5.604166666666667,0.0,974.7083333333334,345.02149528949633,chiang_rai,False,0,16.412499999999998,False
2023-12-26,16.412499999999998,24.104166666666668,460.0416666666667,0.0,17.241666666666667,78.20833333333333,3.408333333333333,0.0,973.5666666666666,336.1162845128656,chiang_rai,False,0,12.775,False
2023-12-27,12.775,18.604166666666668,438.8333333333333,0.0,18.629166666666666,78.16666666666667,3.0875,0.0,973.6125000000001,346.4887424379268,chiang_rai,False,0,11.908333333333333,False
2023-12-28,11.908333333333333,17.287499999999998,419.7083333333333,0.0,19.3,78.125,2.5875,0.0,972.0625,328.42060314065634,chiang_rai,False,0,13.35,False
2023-12-29,13.35,19.454166666666666,394.5,0.4583333333333333,20.083333333333332,77.54166666666667,3.2458333333333336,0.0,970.7624999999999,309.64908799528337,chiang_rai,False,0,13.508333333333333,False
2023-12-30,13.508333333333333,19.683333333333334,344.0416666666667,0.375,20.295833333333334,75.5,3.1333333333333333,0.0,969.5416666666666,305.8682910363368,chiang_rai,False,0,10.883333333333333,False
2023-12-31,10.883333333333333,15.808333333333332,333.3333333333333,0.4583333333333333,20.258333333333333,74.875,3.108333333333333,0.0,969.2708333333334,323.5398620004768,chiang_rai,False,0,10.966666666666667,False
2024-01-01,10.966666666666667,15.966666666666667,315.5833333333333,0.375,20.3125,74.29166666666667,3.795833333333333,0.0,968.65,304.93023781135787,chiang_rai,False,0,10.1875,False
2024-01-02,10.1875,14.6625,283.0416666666667,0.0,20.2625,76.95833333333333,3.7375000000000003,0.0,968.3791666666666,328.85518892689595,chiang_rai,False,0,10.0625,False
2024-01-03,10.0625,14.404166666666667,316.875,0.0,20.483333333333334,74.0,3.4416666666666664,0.0,968.7416666666667,315.16983758418036,chiang_rai,False,0,8.424999999999999,False
2024-01-04,8.424999999999999,12.299999999999999,313.6666666666667,0.0,21.441666666666666,69.91666666666667,4.541666666666667,0.0,968.8833333333333,260.01170321158514,chiang_rai,False,0,9.820833333333333,False
2024-01-05,9.820833333333333,14.408333333333333,320.75,0.0,20.641666666666666,74.83333333333333,3.3625000000000003,0.0,968.9125,291.07277942686585,chiang_rai,False,0,9.995833333333334,False
2024-01-06,9.995833333333334,14.549999999999999,347.7916666666667,0.0,21.266666666666666,75.75,3.7583333333333333,0.0,969.4625,314.3335492306596,chiang_rai,False,0,13.729166666666666,False
2024-01-07,13.729166666666666,20.083333333333332,390.9583333333333,0.0,21.4875,79.25,3.533333333333333,0.30000000000000004,969.1833333333334,261.533720967843,chiang_rai,False,0,16.320833333333333,False
2024-01-08,16.320833333333333,23.825,373.8333333333333,0.0,21.491666666666664,80.45833333333333,3.8874999999999997,0.1,968.5166666666668,280.76369577239456,chiang_rai,False,0,12.9375,False
2024-01-09,12.9375,18.829166666666666,366.4166666666667,0.0,21.708333333333332,78.0,3.9375,0.0,967.0875,334.94750365127135,chiang_rai,False,0,12.845833333333333,False
2024-01-10,12.845833333333333,18.641666666666666,373.3333333333333,0.0,21.829166666666666,75.875,4.070833333333334,0.0,966.3166666666666,319.7633330651389,chiang_rai,False,0,18.441666666666666,False
2024-01-11,18.441666666666666,26.629166666666666,371.8333333333333,0.0,21.4875,74.625,4.395833333333333,0.0,966.5375,291.6523313862389,chiang_rai,False,0,22.608333333333334,False
2024-01-12,22.608333333333334,32.49583333333333,379.0833333333333,0.0,21.712500000000002,73.70833333333333,4.079166666666667,0.0,966.1750000000001,321.10951310720435,chiang_rai,False,0,22.741666666666664,False
2024-01-13,22.741666666666664,32.74583333333333,362.7083333333333,0.0,21.570833333333336,77.29166666666667,3.841666666666667,0.30000000000000004,967.6416666666668,14.276196655324043,chiang_rai,False,0,15.083333333333334,False
2024-01-14,15.083333333333334,21.787499999999998,350.2916666666667,0.0,22.329166666666666,78.375,4.4875,1.6,969.7166666666667,165.0227654283325,chiang_rai,False,0,11.575000000000001,False
2024-01-15,11.575000000000001,16.825,337.8333333333333,0.0,21.77916666666667,81.5,4.545833333333333,1.0,969.6875,314.1523286142839,chiang_rai,False,0,11.5375,False
2024-01-16,11.5375,16.9375,296.4166666666667,0.0,20.741666666666667,84.54166666666667,3.920833333333333,17.8,969.4541666666668,287.2029565931646,chiang_rai,False,0,12.433333333333332,False
2024-01-17,12.433333333333332,18.258333333333333,304.6666666666667,0.0,20.587500000000002,83.70833333333333,3.908333333333333,0.8,968.7833333333333,306.3613889535762,chiang_rai,False,0,15.416666666666666,False
2024-01-18,15.416666666666666,22.46666666666667,332.4166666666667,0.0,20.958333333333332,79.33333333333333,3.5041666666666664,0.5,968.0958333333333,290.90617318378975,chiang_rai,False,0,10.645833333333334,False
2024-01-19,10.645833333333334,15.466666666666667,297.2083333333333,0.125,20.3,70.41666666666667,3.6458333333333335,0.0,967.0,300.6653375319311,chiang_rai,False,0,9.7125,False
2024-01-20,9.7125,14.0625,287.2916666666667,0.0,19.616666666666667,68.33333333333333,4.766666666666667,0.0,967.0749999999999,318.7567330654455,chiang_rai,False,0,10.0375,False
2024-01-21,10.0375,14.475,306.1666666666667,0.0,19.433333333333334,66.20833333333333,5.6125,0.0,967.1208333333334,272.97415281114985,chiang_rai,False,0,10.641666666666667,False
2024-01-22,10.641666666666667,15.670833333333334,327.8333333333333,0.7083333333333334,19.495833333333334,66.54166666666667,4.258333333333334,0.0,968.5291666666667,298.0059033284849,chiang_rai,False,0,16.108333333333334,False
2024-01-23,16.108333333333334,23.59583333333333,371.3333333333333,0.75,19.95,71.08333333333333,5.229166666666667,0.0,969.1374999999999,229.542986570664,chiang_rai,False,0,18.120833333333334,False
2024-01-24,18.120833333333334,26.275000000000002,476.875,0.0,20.8625,72.5,4.795833333333333,1.8,971.4541666666668,201.6625873682527,chiang_rai,False,0,18.599999999999998,False
2024-01-25,18.599999999999998,27.020833333333332,511.5416666666667,0.0,20.970833333333335,76.16666666666667,6.079166666666667,1.1,972.8958333333334,205.37501799558797,chiang_rai,False,0,14.583333333333334,False
2024-01-26,14.583333333333334,21.158333333333335,415.0416666666667,0.0,20.175,79.33333333333333,6.270833333333333,0.0,973.3916666666668,201.74197967453583,chiang_rai,False,0,15.862499999999999,False
2024-01-27,15.862499999999999,23.02916666666667,403.1666666666667,0.0,20.179166666666667,78.875,5.170833333333333,0.0,972.1291666666666,227.44365151981356,chiang_rai,False,0,16.016666666666666,False
2024-01-28,16.016666666666666,23.229166666666668,387.4583333333333,0.0,19.787499999999998,86.125,5.791666666666667,8.3,971.5166666666668,220.06530604840344,chiang_rai,False,0,15.9375,False
2024-01-29,15.9375,23.116666666666664,376.625,0.0,20.633333333333333,85.75,4.154166666666667,13.7,971.1,197.99991700385817,chiang_rai,False,0,19.320833333333333,False
2024-01-30,19.320833333333333,27.995833333333334,374.9583333333333,0.125,21.425,82.20833333333333,5.2749999999999995,0.30000000000000004,970.1,200.74631363743813,chiang_rai,False,0,12.450000000000001,False
2024-01-31,12.450000000000001,17.891666666666666,340.0833333333333,0.0,21.3125,76.41666666666667,5.3999999999999995,0.1,969.725,225.59789459647104,chiang_rai,False,0,8.450000000000001,False
2024-02-01,8.450000000000001,12.1625,298.7916666666667,0.0,20.787499999999998,64.66666666666667,4.283333333333333,0.0,969.2624999999999,274.1352271149018,chiang_rai,False,0,6.883333333333333,False
2024-02-02,6.883333333333333,9.904166666666667,270.8333333333333,0.125,20.3,61.25,4.608333333333333,0.0,968.1458333333334,279.98834288173526,chiang_rai,False,0,13.220833333333333,False
2024-02-03,13.220833333333333,19.575,306.75,0.3333333333333333,20.816666666666666,58.833333333333336,5.195833333333334,0.0,967.8083333333334,278.0723308409781,chiang_rai,False,0,18.083333333333332,False
2024-02-04,18.083333333333332,27.629166666666666,340.6666666666667,1.375,21.170833333333334,56.333333333333336,5.133333333333334,0.0,968.5833333333334,259.6551738107393,chiang_rai,False,0,18.758333333333333,False
2024-02-05,18.758333333333333,28.245833333333334,365.0833333333333,1.0833333333333333,21.108333333333334,60.166666666666664,3.970833333333333,0.0,968.4666666666667,284.1884021447089,chiang_rai,False,0,14.504166666666668,False
2024-02-06,14.504166666666668,21.870833333333334,370.875,2.625,21.275000000000002,64.25,4.254166666666666,0.0,968.5625,288.8746818345642,chiang_rai,False,0,20.658333333333335,False
2024-02-07,20.658333333333335,32.079166666666666,361.0416666666667,7.0,21.920833333333334,62.916666666666664,5.170833333333333,0.0,967.4666666666667,292.39927542110934,chiang_rai,False,0,20.158333333333335,False
2024-02-08,20.158333333333335,31.866666666666664,344.1666666666667,7.125,22.5,63.541666666666664,5.45,0.0,965.8416666666667,270.3550639260876,chiang_rai,False,0,20.0625,False
2024-02-09,20.0625,30.766666666666666,371.0416666666667,3.7083333333333335,22.929166666666664,66.66666666666667,4.179166666666666,0.0,967.25,295.0867823233757,chiang_rai,False,0,30.53333333333333,False
2024-02-10,30.53333333333333,44.44583333333333,446.875,0.5,22.504166666666666,72.0,7.325,2.5,972.0625,41.66005876065253,chiang_rai,False,0,34.63333333333333,False
2024-02-11,34.63333333333333,50.666666666666664,504.875,0.625,20.349999999999998,76.04166666666667,6.070833333333333,2.1,975.6458333333334,14.159485338335855,chiang_rai,False,0,32.475,False
2024-02-12,32.475,47.75833333333333,496.75,0.8333333333333334,21.295833333333334,73.41666666666667,4.483333333333333,0.0,973.2916666666666,269.28541611502663,chiang_rai,False,0,18.587500000000002,False
2024-02-13,18.587500000000002,27.5,447.7083333333333,1.0416666666666667,22.545833333333334,68.41666666666667,4.8999999999999995,0.0,970.7125,249.6596955649462,chiang_rai,False,0,16.695833333333333,False
2024-02-14,16.695833333333333,24.558333333333334,423.0833333333333,0.5,22.900000000000002,63.333333333333336,4.683333333333334,0.0,969.0708333333333,291.76552485188955,chiang_rai,False,0,16.966666666666665,False
2024-02-15,16.966666666666665,25.054166666666664,404.8333333333333,0.375,22.825,59.208333333333336,5.316666666666666,0.0,969.35,293.4633156257271,chiang_rai,False,0,19.825,False
2024-02-16,19.825,29.129166666666666,403.5416666666667,0.25,23.150000000000002,61.0,4.541666666666667,0.0,968.5875,282.5446778786845,chiang_rai,False,0,17.720833333333335,False
2024-02-17,17.720833333333335,26.09166666666667,382.0,0.4583333333333333,23.650000000000002,55.875,5.491666666666667,0.0,965.7958333333332,255.1539434058232,chiang_rai,False,0,14.541666666666666,False
2024-02-18,14.541666666666666,21.641666666666666,327.875,0.9166666666666666,21.954166666666666,54.541666666666664,5.691666666666666,0.0,965.625,260.9705031161243,chiang_rai,False,0,11.866666666666667,False
2024-02-19,11.866666666666667,17.391666666666666,320.9166666666667,0.0,22.21666666666667,54.5,5.241666666666666,0.0,965.9041666666667,259.2248340079684,chiang_rai,False,0,12.9375,False
2024-02-20,12.9375,18.954166666666666,337.125,0.0,22.308333333333334,60.5,6.7124999999999995,0.0,964.7416666666667,272.4586243352266,chiang_rai,False,0,11.129166666666668,False
2024-02-21,11.129166666666668,16.283333333333335,312.0416666666667,0.375,21.866666666666664,58.083333333333336,5.233333333333333,0.0,965.0791666666668,264.30320874928697,chiang_rai,False,0,18.087500000000002,False
2024-02-22,18.087500000000002,26.8625,329.25,1.0416666666666667,22.087500000000002,59.625,5.8875,0.0,966.5083333333333,294.96149902810134,chiang_rai,False,0,14.529166666666667,False
2024-02-23,14.529166666666667,21.683333333333334,314.4583333333333,0.5,22.416666666666668,60.541666666666664,5.179166666666666,0.0,966.9958333333334,270.4612911219857,chiang_rai,False,0,13.720833333333333,False
2024-02-24,13.720833333333333,20.266666666666666,320.9166666666667,0.125,22.391666666666666,57.5,4.895833333333333,0.0,967.0458333333332,300.82505991676976,chiang_rai,False,0,18.7625,False
2024-02-25,18.7625,27.541666666666668,377.375,0.0,23.645833333333332,55.75,3.733333333333333,0.0,967.2875,285.4712636943018,chiang_rai,False,0,24.170833333333334,False
2024-02-26,24.170833333333334,35.46666666666667,366.8333333333333,0.0,24.266666666666666,56.25,4.0249999999999995,0.0,967.6875,276.39196887488777,chiang_rai,False,0,27.90416666666667,False
2024-02-27,27.90416666666667,40.949999999999996,402.1666666666667,0.0,25.133333333333336,61.666666666666664,5.829166666666667,0.0,966.7958333333332,230.96839275754465,chiang_rai,False,0,25.333333333333332,False
2024-02-28,25.333333333333332,37.104166666666664,392.875,0.0,25.991666666666664,62.083333333333336,6.6875,0.0,965.125,220.4354230362246,chiang_rai,False,0,17.8125,False
2024-02-29,17.8125,26.191666666666666,383.9166666666667,0.5,25.508333333333336,52.958333333333336,5.3125,0.0,964.9125,260.1074138063935,chiang_rai,False,0,19.570833333333333,False
2024-03-01,19.570833333333333,28.858333333333334,409.25,1.2916666666666667,25.175,51.708333333333336,4.1875,0.0,965.5291666666667,262.97346969912996,chiang_rai,False,0,26.84166666666667,False
2024-03-02,26.84166666666667,39.13333333333333,416.9583333333333,0.3333333333333333,25.349999999999998,52.583333333333336,5.754166666666666,0.0,965.8583333333332,234.51373871397655,chiang_rai,False,0,24.170833333333334,False
2024-03-03,24.170833333333334,35.4375,397.2916666666667,0.125,25.954166666666666,52.833333333333336,6.625,0.0,965.3208333333333,242.54126330155503,chiang_rai,False,0,16.066666666666666,False
2024-03-04,16.066666666666666,23.866666666666664,356.625,0.875,25.316666666666666,48.625,5.041666666666667,0.0,963.9166666666666,278.9815396436307,chiang_rai,False,0,22.2625,False
2024-03-05,22.2625,33.32083333333333,428.25,1.7916666666666667,25.708333333333332,47.208333333333336,6.895833333333333,0.0,963.5208333333334,295.06769178213125,chiang_rai,False,0,20.670833333333334,False
2024-03-06,20.670833333333334,30.708333333333332,458.6666666666667,1.5416666666666667,24.633333333333336,46.416666666666664,5.095833333333333,0.0,963.3000000000001,312.45928086002436,chiang_rai,False,0,37.958333333333336,True
2024-03-07,37.958333333333336,56.425000000000004,530.625,2.375,24.212500000000002,55.458333333333336,4.983333333333333,0.0,963.2666666666668,320.4922838611966,chiang_rai,True,2,40.550000000000004,True
2024-03-08,40.550000000000004,60.104166666666664,605.5,0.7083333333333334,25.03333333333333,60.583333333333336,5.316666666666666,0.0,963.4375,259.00135831257967,chiang_rai,True,3,27.429166666666664,False
2024-03-09,27.429166666666664,40.49583333333333,450.25,0.25,25.766666666666666,54.5,5.6375,0.0,963.775,241.93168614989136,chiang_rai,False,0,26.554166666666664,False
2024-03-10,26.554166666666664,39.550000000000004,451.1666666666667,1.3333333333333333,25.412499999999998,52.625,5.8500000000000005,0.0,966.0291666666667,243.65605878360313,chiang_rai,False,0,22.0125,False
2024-03-11,22.0125,32.725,419.875,0.875,24.974999999999998,56.125,4.5375000000000005,0.0,967.3375,270.3561995242857,chiang_rai,False,0,34.31666666666667,False
2024-03-12,34.31666666666667,50.65416666666667,397.1666666666667,0.25,25.354166666666668,53.25,5.945833333333333,0.0,965.9541666666668,252.4605597130576,chiang_rai,False,0,21.275000000000002,False
2024-03-13,21.275000000000002,31.375,354.8333333333333,0.5,24.775000000000002,54.458333333333336,5.004166666666666,0.0,965.1916666666666,248.48868125086057,chiang_rai,False,0,25.983333333333334,False
2024-03-14,25.983333333333334,38.5,504.75,1.7916666666666667,24.566666666666666,51.5,4.0375,0.0,965.1166666666667,282.85009257195367,chiang_rai,False,0,43.875,True
2024-03-15,43.875,65.09583333333333,715.7083333333334,3.9583333333333335,23.933333333333334,52.875,4.241666666666666,0.0,965.5124999999999,288.59208488828665,chiang_rai,True,2,53.229166666666664,True
2024-03-16,53.229166666666664,79.46249999999999,766.25,3.4166666666666665,24.858333333333334,55.25,4.5,0.0,966.3125,289.9926467871305,chiang_rai,True,3,55.862500000000004,True
2024-03-17,55.862500000000004,84.74583333333334,675.5,2.4166666666666665,26.78333333333333,55.916666666666664,3.170833333333333,0.0,966.1,265.6870246701536,chiang_rai,True,4,46.083333333333336,True
2024-03-18,46.083333333333336,69.71249999999999,611.2916666666666,1.4583333333333333,26.441666666666666,53.083333333333336,4.208333333333333,0.0,965.2208333333333,308.6807092665221,chiang_rai,True,5,49.520833333333336,True
2024-03-19,49.520833333333336,75.27499999999999,629.9583333333334,1.8333333333333333,26.224999999999998,56.083333333333336,5.316666666666666,0.0,966.3791666666666,173.63115202240158,chiang_rai,True,6,36.65,False
2024-03-20,36.65,53.17916666666667,499.2916666666667,0.25,24.120833333333334,81.75,5.625,7.6000000000000005,970.7458333333334,90.38591873638308,chiang_rai,False,0,30.954166666666666,False
2024-03-21,30.954166666666666,44.81666666666666,512.5,0.0,24.379166666666666,79.20833333333333,4.575,0.1,967.8041666666667,285.6263918848897,chiang_rai,False,0,22.308333333333334,False
2024-03-22,22.308333333333334,32.69166666666667,434.5833333333333,0.25,24.729166666666668,71.375,4.704166666666667,0.7,963.6875,261.47039399329947,chiang_rai,False,0,18.683333333333334,False
2024-03-23,18.683333333333334,27.337500000000002,408.5,0.8333333333333334,24.349999999999998,60.541666666666664,5.7,0.0,962.6125000000001,261.2970542346094,chiang_rai,False,0,16.058333333333334,False
2024-03-24,16.058333333333334,24.204166666666666,309.2916666666667,1.7083333333333333,24.766666666666666,50.375,4.875,0.0,964.4958333333334,258.6901791125912,chiang_rai,False,0,14.933333333333332,False
2024-03-25,14.933333333333332,22.958333333333332,316.875,3.0,24.4375,52.791666666666664,5.529166666666666,0.0,965.7083333333334,321.43951222425125,chiang_rai,False,0,26.070833333333336,False
2024-03-26,26.070833333333336,39.541666666666664,414.6666666666667,3.7916666666666665,25.162499999999998,54.375,4.708333333333333,0.0,966.5958333333333,250.4412898433871,chiang_rai,False,0,36.94166666666667,False
2024-03-27,36.94166666666667,55.208333333333336,407.2083333333333,2.4166666666666665,27.09583333333333,54.25,6.3500000000000005,0.0,967.6708333333332,212.07676880431686,chiang_rai,False,0,32.40416666666667,False
2024-03-28,32.40416666666667,48.93333333333334,442.7916666666667,2.7916666666666665,26.458333333333332,53.0,3.225,0.0,965.3541666666666,290.5088113759356,chiang_rai,False,0,34.15,False
2024-03-29,34.15,52.31666666666666,452.4166666666667,2.5833333333333335,26.020833333333332,49.416666666666664,5.154166666666667,0.0,964.5666666666666,280.1683046112237,chiang_rai,False,0,25.991666666666664,False
2024-03-30,25.991666666666664,40.895833333333336,363.9583333333333,3.5416666666666665,26.083333333333332,53.541666666666664,5.258333333333334,0.0,965.0291666666667,259.789755515152,chiang_rai,False,0,31.070833333333336,False
2024-03-31,31.070833333333336,50.65833333333333,410.6666666666667,5.791666666666667,26.787499999999998,55.291666666666664,4.695833333333334,0.0,964.2458333333334,262.0540873736882,chiang_rai,False,0,26.325,False
2024-04-01,26.325,42.49166666666667,405.3333333333333,3.4583333333333335,27.166666666666668,48.541666666666664,6.333333333333333,0.0,962.1208333333334,283.1053436532877,chiang_rai,False,0,33.1875,False
2024-04-02,33.1875,52.45416666666667,481.8333333333333,3.0833333333333335,27.670833333333334,48.208333333333336,6.504166666666666,0.0,960.9166666666666,293.18705630259603,chiang_rai,False,0,37.9625,True
2024-04-03,37.9625,59.54583333333333,487.0416666666667,4.25,27.454166666666666,52.833333333333336,5.3999999999999995,0.0,961.6958333333333,257.43755219367205,chiang_rai,True,2,32.5,False
2024-04-04,32.5,51.708333333333336,473.25,4.125,28.133333333333336,53.041666666666664,5.2375,0.0,961.7666666666668,272.7268063101146,chiang_rai,False,0,40.125,True
2024-04-05,40.125,63.72083333333333,497.0833333333333,6.5,28.454166666666666,55.375,4.445833333333334,0.0,961.1541666666667,286.0468003875253,chiang_rai,True,2,47.125,True
2024-04-06,47.125,73.82083333333334,537.9166666666666,4.916666666666667,29.150000000000002,55.5,5.020833333333333,0.0,961.6333333333333,245.54986751153496,chiang_rai,True,3,46.44583333333333,True
2024-04-07,46.44583333333333,71.85833333333333,551.4166666666666,1.5,30.095833333333335,57.25,3.9125,0.0,961.6541666666667,237.0363439726146,chiang_rai,True,4,46.637499999999996,True
2024-04-08,46.637499999999996,71.53333333333333,531.8333333333334,1.6666666666666667,29.579166666666666,59.083333333333336,4.541666666666667,0.0,962.9083333333333,269.7579151998821,chiang_rai,True,5,48.44166666666666,True
2024-04-09,48.44166666666666,74.12083333333334,586.75,1.4166666666666667,28.075,62.625,4.8625,1.0,964.3208333333333,267.0596664255793,chiang_rai,True,6,45.020833333333336,True
2024-04-10,45.020833333333336,67.10833333333333,491.1666666666667,0.4583333333333333,26.941666666666666,69.04166666666667,5.991666666666667,0.0,966.6708333333332,271.9482178264041,chiang_rai,True,7,38.291666666666664,True
2024-04-11,38.291666666666664,56.46666666666667,526.0833333333334,0.375,27.587500000000002,70.125,5.083333333333333,0.2,966.6208333333334,225.26541036301336,chiang_rai,True,8,29.079166666666666,False
2024-04-12,29.079166666666666,42.92083333333333,474.7083333333333,0.125,26.933333333333334,67.375,5.3,4.0,965.7291666666666,267.99245419540813,chiang_rai,False,0,40.675000000000004,True
2024-04-13,40.675000000000004,60.27916666666667,491.7083333333333,0.375,27.587500000000002,64.33333333333333,5.716666666666666,0.0,964.7416666666667,283.35169453374266,chiang_rai,True,2,29.4375,False
2024-04-14,29.4375,43.854166666666664,556.7916666666666,0.625,27.808333333333334,56.833333333333336,6.908333333333332,0.0,964.8000000000001,279.0011992414235,chiang_rai,False,0,28.204166666666666,False
2024-04-15,28.204166666666666,41.75,537.5833333333334,0.625,25.483333333333334,75.20833333333333,4.716666666666667,12.2,965.5,247.54793914050015,chiang_rai,False,0,27.058333333333334,False
2024-04-16,27.058333333333334,40.35,522.5,1.2083333333333333,26.662499999999998,71.625,4.541666666666667,1.0,963.7916666666666,269.3166244416573,chiang_rai,False,0,20.645833333333332,False
2024-04-17,20.645833333333332,31.416666666666668,390.2916666666667,1.625,27.666666666666668,65.79166666666667,5.225,0.0,962.275,272.71946918527624,chiang_rai,False,0,39.391666666666666,True
2024-04-18,39.391666666666666,60.60833333333333,498.0416666666667,3.8333333333333335,27.0125,68.58333333333333,4.566666666666666,1.8,961.7541666666666,288.5270669152129,chiang_rai,True,2,42.30416666666667,True
2024-04-19,42.30416666666667,67.4875,453.2083333333333,8.0,26.691666666666666,72.08333333333333,5.316666666666666,1.1,960.1333333333333,269.6271842889302,chiang_rai,True,3,27.016666666666666,False
2024-04-20,27.016666666666666,44.112500000000004,380.0416666666667,6.375,27.8875,66.83333333333333,5.241666666666666,0.0,959.4291666666667,242.0283816207596,chiang_rai,False,0,21.695833333333336,False
2024-04-21,21.695833333333336,36.50833333333333,349.8333333333333,11.916666666666666,28.77916666666667,53.375,6.0375000000000005,0.0,959.9916666666667,279.10745784649896,chiang_rai,False,0,27.5125,False
2024-04-22,27.5125,45.25,366.7916666666667,10.166666666666666,28.833333333333332,50.625,6.220833333333334,0.0,960.0291666666667,285.78487810473894,chiang_rai,False,0,27.883333333333336,False
2024-04-23,27.883333333333336,44.925000000000004,375.2083333333333,6.75,29.05,52.0,4.979166666666667,0.0,959.8958333333334,248.39655960551156,chiang_rai,False,0,29.708333333333332,False
2024-04-24,29.708333333333332,46.425000000000004,415.0416666666667,2.375,28.695833333333336,64.20833333333333,5.216666666666667,0.5,960.8083333333334,261.8454286053266,chiang_rai,False,0,32.8125,False
2024-04-25,32.8125,51.79583333333333,383.6666666666667,3.7916666666666665,27.412499999999998,73.20833333333333,4.9624999999999995,3.2,961.6708333333332,294.17518317423594,chiang_rai,False,0,29.308333333333334,False
2024-04-26,29.308333333333334,45.925000000000004,410.1666666666667,2.4166666666666665,28.095833333333335,67.20833333333333,5.945833333333333,0.2,960.8083333333334,285.682595307831,chiang_rai,False,0,33.99583333333333,False
2024-04-27,33.99583333333333,54.550000000000004,378.9166666666667,7.625,28.65833333333333,60.375,6.6000000000000005,0.0,960.1625,281.0211628237478,chiang_rai,False,0,29.28333333333333,False
2024-04-28,29.28333333333333,46.69166666666666,399.5833333333333,6.791666666666667,29.333333333333332,55.583333333333336,5.120833333333334,0.0,960.5583333333334,279.78863222086073,chiang_rai,False,0,30.941666666666666,False
2024-04-29,30.941666666666666,48.887499999999996,394.2916666666667,4.083333333333333,29.3,59.708333333333336,5.420833333333333,0.0,961.1791666666667,267.7656177210537,chiang_rai,False,0,31.583333333333332,False
2024-04-30,31.583333333333332,49.32083333333333,413.6666666666667,3.75,29.47083333333333,56.75,5.183333333333334,0.0,958.8041666666667,284.25085019022566,chiang_rai,False,0,29.633333333333336,False
2024-05-01,29.633333333333336,45.550000000000004,394.0416666666667,3.9583333333333335,29.845833333333335,51.583333333333336,5.933333333333334,0.0,958.0749999999999,277.2775814200767,chiang_rai,False,0,45.87916666666666,True
2024-05-02,45.87916666666666,69.5625,412.5,2.75,29.75,55.416666666666664,4.6375,0.0,959.3249999999999,280.82959651753697,chiang_rai,True,2,41.454166666666666,True
2024-05-03,41.454166666666666,63.020833333333336,373.5,2.0833333333333335,28.241666666666664,66.83333333333333,4.104166666666667,2.1,962.3041666666667,275.52187347617405,chiang_rai,True,3,31.133333333333336,False
2024-05-04,31.133333333333336,47.88333333333333,417.75,4.375,28.508333333333336,62.0,5.204166666666667,0.0,961.3416666666667,275.3357868042335,chiang_rai,False,0,29.041666666666668,False
2024-05-05,29.041666666666668,44.26666666666667,395.375,2.0,29.537499999999998,59.125,4.879166666666666,0.1,960.6791666666667,258.5093308543554,chiang_rai,False,0,33.925000000000004,False
2024-05-06,33.925000000000004,52.225,405.25,3.25,29.770833333333332,58.041666666666664,4.033333333333333,0.1,963.3375,2.7694612205833096,chiang_rai,False,0,46.791666666666664,True
2024-05-07,46.791666666666664,70.14166666666667,451.5416666666667,2.1666666666666665,27.758333333333336,66.41666666666667,5.108333333333333,6.199999999999999,966.1458333333334,107.38417848167552,chiang_rai,True,2,49.5875,True
2024-05-08,49.5875,73.25416666666666,418.875,2.375,26.724999999999998,75.33333333333333,4.345833333333333,0.0,966.2125,265.9043491000006,chiang_rai,True,3,30.25,False
2024-05-09,30.25,44.425000000000004,346.125,1.125,27.520833333333332,75.41666666666667,6.1375,22.9,964.8291666666668,276.88812256885734,chiang_rai,False,0,20.329166666666666,False
2024-05-10,20.329166666666666,29.625,307.0416666666667,0.5833333333333334,26.633333333333336,80.25,4.441666666666666,15.9,965.975,93.39799613721704,chiang_rai,False,0,19.849999999999998,False
2024-05-11,19.849999999999998,28.916666666666668,318.375,0.25,26.2,81.625,3.6875,10.5,966.6333333333333,277.80653153881116,chiang_rai,False,0,16.120833333333334,False
2024-05-12,16.120833333333334,23.483333333333334,329.3333333333333,0.25,27.254166666666666,77.70833333333333,4.566666666666666,4.8,965.7208333333333,256.2690161052109,chiang_rai,False,0,19.3625,False
2024-05-13,19.3625,28.670833333333334,340.3333333333333,1.4583333333333333,28.02916666666667,75.125,5.175,2.6,964.3166666666666,202.41615469603664,chiang_rai,False,0,16.458333333333332,False
2024-05-14,16.458333333333332,24.270833333333332,308.375,0.7916666666666666,27.854166666666668,75.83333333333333,5.358333333333333,1.1,964.9958333333334,172.5544180338377,chiang_rai,False,0,16.945833333333333,False
2024-05-15,16.945833333333333,24.579166666666666,331.625,0.2916666666666667,28.375,78.5,4.258333333333334,6.7,965.25,178.26459252674226,chiang_rai,False,0,17.970833333333335,False
2024-05-16,17.970833333333335,26.037499999999998,341.5416666666667,0.6666666666666666,28.55,76.20833333333333,5.0,6.6,965.15,299.18334257108177,chiang_rai,False,0,15.6625,False
2024-05-17,15.6625,22.5125,336.2916666666667,0.0,27.47083333333333,81.83333333333333,5.533333333333334,21.1,964.15,227.93429806831585,chiang_rai,False,0,14.066666666666668,False
2024-05-18,14.066666666666668,20.370833333333334,322.7916666666667,0.0,27.358333333333334,85.66666666666667,4.066666666666667,8.6,961.8625000000001,241.80641115504727,chiang_rai,False,0,15.475,False
2024-05-19,15.475,22.633333333333336,299.3333333333333,0.25,28.545833333333334,77.20833333333333,5.5125,0.2,959.5916666666667,233.65210772287517,chiang_rai,False,0,23.270833333333332,False
2024-05-20,23.270833333333332,34.74166666666667,299.8333333333333,2.5,27.879166666666666,81.0,3.641666666666667,45.800000000000004,960.5416666666666,218.3060344217753,chiang_rai,False,0,19.412499999999998,False
2024-05-21,19.412499999999998,27.84166666666667,333.5416666666667,0.625,25.912499999999998,84.70833333333333,3.9458333333333333,11.200000000000001,963.3375,355.31585203511065,chiang_rai,False,0,12.504166666666668,False
2024-05-22,12.504166666666668,17.974999999999998,290.875,0.25,25.758333333333336,83.45833333333333,4.695833333333334,10.600000000000001,963.8208333333333,20.89640132762588,chiang_rai,False,0,18.408333333333335,False
2024-05-23,18.408333333333335,26.391666666666666,325.625,0.25,25.770833333333332,84.25,5.208333333333333,7.9,963.1333333333333,77.63048697817072,chiang_rai,False,0,8.737499999999999,False
2024-05-24,8.737499999999999,12.512500000000001,227.16666666666666,0.0,24.670833333333334,90.95833333333333,3.1833333333333336,13.7,962.9083333333333,96.83375332127741,chiang_rai,False,0,5.4750000000000005,False
2024-05-25,5.4750000000000005,7.833333333333333,174.5,0.0,24.704166666666666,91.04166666666667,6.854166666666667,30.0,963.0166666666668,162.01689373195177,chiang_rai,False,0,5.1875,False
2024-05-26,5.1875,7.45,166.08333333333334,0.0,25.033333333333335,91.75,4.495833333333333,24.3,963.2416666666667,183.1440290893894,chiang_rai,False,0,5.291666666666667,False
2024-05-27,5.291666666666667,7.625,163.25,0.0,25.84583333333333,90.41666666666667,5.108333333333333,16.9,961.9250000000001,208.47738802154487,chiang_rai,False,0,7.154166666666666,False
2024-05-28,7.154166666666666,10.3125,189.83333333333334,0.20833333333333334,26.912499999999998,84.95833333333333,5.454166666666667,9.9,961.1083333333332,208.22285899655714,chiang_rai,False,0,10.408333333333333,False
2024-05-29,10.408333333333333,15.0625,210.29166666666666,0.2916666666666667,27.258333333333336,83.70833333333333,6.3125,3.5999999999999996,960.3416666666667,203.89848961149823,chiang_rai,False,0,16.041666666666668,False
2024-05-30,16.041666666666668,25.40833333333333,236.625,4.708333333333333,28.666666666666668,78.25,4.058333333333334,0.0,959.8708333333334,246.79216734929724,chiang_rai,False,0,23.645833333333332,False
2024-05-31,23.645833333333332,39.71666666666667,268.2916666666667,10.541666666666666,29.004166666666666,76.20833333333333,4.345833333333333,11.6,960.0124999999999,247.31530337120807,chiang_rai,False,0,13.066666666666668,False
2024-06-01,13.066666666666668,19.7625,236.75,2.4583333333333335,25.537499999999998,91.875,4.929166666666666,33.3,963.4291666666667,140.19770397459564,chiang_rai,False,0,6.95,False
2024-06-02,6.95,9.954166666666667,176.0,0.0,25.808333333333334,89.125,3.579166666666667,14.9,964.5666666666666,185.9848363938205,chiang_rai,False,0,7.008333333333333,False
2024-06-03,7.008333333333333,9.979166666666666,176.70833333333334,0.0,25.808333333333334,88.91666666666667,4.641666666666667,4.4,962.8125,210.09507832509914,chiang_rai,False,0,10.4,False
2024-06-04,10.4,15.870833333333332,210.20833333333334,3.0,26.879166666666666,84.75,3.8666666666666667,5.9,961.9208333333332,195.78458795347342,chiang_rai,False,0,18.025000000000002,False
2024-06-05,18.025000000000002,26.95,244.75,4.625,27.1375,84.5,4.7250000000000005,8.1,962.1291666666666,195.86618073368527,chiang_rai,False,0,9.533333333333333,False
2024-06-06,9.533333333333333,13.816666666666668,194.08333333333334,1.0416666666666667,26.27916666666667,86.625,4.954166666666667,14.299999999999999,963.15,215.6098245704689,chiang_rai,False,0,8.016666666666667,False
2024-06-07,8.016666666666667,11.408333333333333,197.29166666666666,0.08333333333333333,25.787499999999998,87.875,3.9958333333333336,7.6000000000000005,961.5083333333333,175.53062933614694,chiang_rai,False,0,8.691666666666666,False
2024-06-08,8.691666666666666,12.408333333333333,228.20833333333334,0.4166666666666667,25.920833333333334,88.79166666666667,3.454166666666667,6.8,959.875,186.5970140348443,chiang_rai,False,0,9.083333333333334,False
2024-06-09,9.083333333333334,13.445833333333333,253.29166666666666,2.5416666666666665,26.316666666666666,87.41666666666667,4.020833333333333,21.5,959.6208333333334,185.6538800526613,chiang_rai,False,0,9.383333333333333,False
2024-06-10,9.383333333333333,13.450000000000001,218.83333333333334,1.0,25.45,91.16666666666667,3.8041666666666667,20.7,961.0500000000001,153.94680075334236,chiang_rai,False,0,8.879166666666666,False
2024-06-11,8.879166666666666,12.633333333333333,175.66666666666666,0.2916666666666667,25.287499999999998,90.25,4.966666666666667,15.6,962.1875,178.46222928137206,chiang_rai,False,0,6.1875,False
2024-06-12,6.1875,8.7875,166.45833333333334,0.0,25.970833333333335,86.29166666666667,6.133333333333333,1.8,963.3125,190.8609667675137,chiang_rai,False,0,5.591666666666666,False
2024-06-13,5.591666666666666,7.970833333333334,171.0,0.0,26.620833333333334,80.54166666666667,6.545833333333333,0.9,962.3208333333333,212.0475722476699,chiang_rai,False,0,5.616666666666667,False
2024-06-14,5.616666666666667,8.054166666666667,178.125,0.0,26.1875,83.79166666666667,6.370833333333334,1.5,960.75,206.17376144538167,chiang_rai,False,0,7.7,False
2024-06-15,7.7,11.095833333333333,199.875,0.5,26.833333333333332,84.45833333333333,4.791666666666667,1.5,960.3291666666668,207.26347124433383,chiang_rai,False,0,14.25,False
2024-06-16,14.25,21.545833333333334,238.25,3.1666666666666665,26.8875,85.70833333333333,4.245833333333334,0.9,961.2333333333332,209.83492136474445,chiang_rai,False,0,10.883333333333333,False
2024-06-17,10.883333333333333,15.862499999999999,224.5,1.2916666666666667,26.75,86.29166666666667,3.7541666666666664,4.5,961.0583333333334,226.11655404402742,chiang_rai,False,0,9.608333333333333,False
2024-06-18,9.608333333333333,13.866666666666667,221.91666666666666,1.2083333333333333,26.537499999999998,86.33333333333333,3.9125,8.2,960.475,192.65455588346322,chiang_rai,False,0,9.35,False
2024-06-19,9.35,13.741666666666667,210.41666666666666,1.875,26.8625,84.70833333333333,4.504166666666666,1.2,959.8416666666667,223.84952706814158,chiang_rai,False,0,9.879166666666666,False
2024-06-20,9.879166666666666,14.079166666666666,193.20833333333334,0.4166666666666667,27.933333333333334,75.70833333333333,5.1375,0.8,959.4166666666666,221.43696538749987,chiang_rai,False,0,8.200000000000001,False
2024-06-21,8.200000000000001,11.7875,194.45833333333334,0.0,27.554166666666664,81.66666666666667,3.6166666666666667,1.3,959.125,226.4487268761447,chiang_rai,False,0,14.3375,False
2024-06-22,14.3375,20.791666666666668,217.29166666666666,0.4166666666666667,28.329166666666666,81.375,2.954166666666667,0.2,958.6916666666666,243.2580046901587,chiang_rai,False,0,11.65,False
2024-06-23,11.65,16.595833333333335,200.66666666666666,0.0,27.295833333333334,85.29166666666667,3.8000000000000003,3.8,959.6374999999999,186.85404876379155,chiang_rai,False,0,9.9125,False
2024-06-24,9.9125,14.058333333333332,200.625,0.0,26.758333333333336,85.875,3.641666666666667,5.6000000000000005,959.1958333333333,209.63011003814285,chiang_rai,False,0,7.95,False
2024-06-25,7.95,11.2875,203.125,0.0,24.895833333333332,91.66666666666667,2.725,22.4,959.7958333333332,25.194621254866547,chiang_rai,False,0,5.870833333333334,False
2024-06-26,5.870833333333334,8.316666666666666,160.125,0.0,25.03333333333333,89.91666666666667,4.075,36.5,961.8041666666667,150.32621121861303,chiang_rai,False,0,6.7749999999999995,False
2024-06-27,6.7749999999999995,9.658333333333333,166.16666666666666,0.0,25.804166666666664,87.45833333333333,3.85,9.0,963.7125,166.50595757243593,chiang_rai,False,0,6.216666666666666,False
2024-06-28,6.216666666666666,8.895833333333334,169.75,0.0,26.695833333333336,86.54166666666667,3.7624999999999997,1.6,962.4791666666666,234.11852952045444,chiang_rai,False,0,7.920833333333333,False
2024-06-29,7.920833333333333,11.2125,160.70833333333334,0.0,27.6375,80.54166666666667,5.445833333333333,7.8999999999999995,962.1791666666667,198.61702992655643,chiang_rai,False,0,8.495833333333334,False
2024-06-30,8.495833333333334,12.054166666666667,173.875,0.4583333333333333,25.883333333333336,88.91666666666667,5.2250000000000005,9.0,963.0708333333333,183.54112697439632,chiang_rai,False,0,8.762500000000001,False
2024-07-01,8.762500000000001,12.941666666666668,176.20833333333334,1.7083333333333333,26.837500000000002,83.04166666666667,5.145833333333333,3.1,961.5916666666667,215.40447072549227,chiang_rai,False,0,8.049999999999999,False
2024-07-02,8.049999999999999,12.016666666666666,170.29166666666666,1.5833333333333333,26.40416666666667,84.83333333333333,4.8999999999999995,2.4,960.8000000000001,207.6859102437768,chiang_rai,False,0,9.4625,False
2024-07-03,9.4625,13.845833333333333,173.29166666666666,1.5833333333333333,26.650000000000002,83.83333333333333,4.316666666666666,7.5,962.2291666666666,202.34260753500922,chiang_rai,False,0,7.358333333333333,False
2024-07-04,7.358333333333333,10.504166666666666,151.58333333333334,0.7083333333333334,25.395833333333332,89.41666666666667,3.1291666666666664,15.200000000000001,964.4125,152.55565720846346,chiang_rai,False,0,5.795833333333333,False
2024-07-05,5.795833333333333,8.254166666666666,168.08333333333334,0.0,25.508333333333336,88.08333333333333,3.216666666666667,6.0,962.4041666666667,217.8204510742223,chiang_rai,False,0,7.308333333333334,False
2024-07-06,7.308333333333334,10.4,169.83333333333334,0.041666666666666664,25.879166666666666,86.91666666666667,3.4166666666666665,2.5,961.6125000000001,178.87578723907745,chiang_rai,False,0,6.458333333333333,False
2024-07-07,6.458333333333333,9.129166666666666,163.625,0.0,26.7375,82.75,4.325,2.9,961.9458333333333,180.2899940338628,chiang_rai,False,0,6.095833333333334,False
2024-07-08,6.095833333333334,8.658333333333333,168.20833333333334,0.0,26.40416666666667,85.54166666666667,4.1499999999999995,7.800000000000001,962.1,188.72345736370215,chiang_rai,False,0,7.929166666666667,False
2024-07-09,7.929166666666667,11.304166666666667,178.58333333333334,0.4583333333333333,26.704166666666666,84.0,4.116666666666666,14.600000000000001,962.5833333333334,218.6484267005749,chiang_rai,False,0,12.383333333333333,False
2024-07-10,12.383333333333333,17.370833333333334,185.0,0.7916666666666666,26.641666666666666,85.20833333333333,4.0874999999999995,15.7,962.85,191.41733820431955,chiang_rai,False,0,9.612499999999999,False
2024-07-11,9.612499999999999,13.483333333333334,194.125,0.5,25.941666666666666,87.70833333333333,4.066666666666666,8.4,961.4791666666666,201.8040350997853,chiang_rai,False,0,9.2125,False
2024-07-12,9.2125,12.924999999999999,179.08333333333334,0.25,25.879166666666666,88.70833333333333,3.4458333333333333,22.4,959.6999999999999,198.0356750461945,chiang_rai,False,0,9.7125,False
2024-07-13,9.7125,13.6,173.33333333333334,0.7083333333333334,26.77916666666667,85.91666666666667,3.8333333333333335,5.0,958.0625,185.93556034148213,chiang_rai,False,0,8.3375,False
2024-07-14,8.3375,11.820833333333333,158.125,0.125,26.491666666666664,86.33333333333333,4.320833333333334,5.7,959.3000000000001,211.2151299677561,chiang_rai,False,0,4.883333333333334,False
2024-07-15,4.883333333333334,6.916666666666667,159.625,0.0,26.75,83.75,3.795833333333333,7.300000000000001,961.3416666666667,336.849098081326,chiang_rai,False,0,9.091666666666667,False
2024-07-16,9.091666666666667,13.049999999999999,197.125,0.0,27.2375,84.375,4.8125,13.8,960.35,55.81990541223405,chiang_rai,False,0,7.533333333333334,False
2024-07-17,7.533333333333334,10.8375,160.625,0.0,26.84166666666667,85.29166666666667,4.104166666666667,6.0,960.1166666666667,154.38445664075505,chiang_rai,False,0,6.433333333333334,False
2024-07-18,6.433333333333334,9.200000000000001,156.29166666666666,0.0,26.504166666666666,86.79166666666667,3.470833333333333,5.1,959.9333333333334,149.1329754737141,chiang_rai,False,0,6.429166666666667,False
2024-07-19,6.429166666666667,9.183333333333334,179.58333333333334,0.0,25.916666666666668,88.25,3.65,19.6,959.4416666666666,191.88825690604313,chiang_rai,False,0,7.145833333333333,False
2024-07-20,7.145833333333333,10.216666666666667,167.5,0.0,25.941666666666666,88.25,4.066666666666666,18.3,961.0666666666666,170.92982833735732,chiang_rai,False,0,5.283333333333333,False
2024-07-21,5.283333333333333,7.558333333333334,176.66666666666666,0.0,25.420833333333334,91.75,2.920833333333333,12.5,962.0666666666666,200.34528687331854,chiang_rai,False,0,7.208333333333333,False
2024-07-22,7.208333333333333,10.304166666666667,190.20833333333334,0.0,25.870833333333334,89.20833333333333,3.4375,19.5,961.8208333333333,226.08912663350256,chiang_rai,False,0,7.216666666666666,False
2024-07-23,7.216666666666666,10.441666666666666,187.79166666666666,0.5416666666666666,26.8,83.625,5.204166666666667,0.8,959.2375000000001,238.92041812879899,chiang_rai,False,0,7.45,False
2024-07-24,7.45,10.816666666666668,183.20833333333334,1.0416666666666667,26.9375,82.04166666666667,5.766666666666667,8.3,956.1166666666667,216.17128588714138,chiang_rai,False,0,6.8625,False
2024-07-25,6.8625,9.762500000000001,178.45833333333334,0.0,26.34166666666667,86.91666666666667,5.866666666666667,3.8,955.7333333333332,194.5125541171915,chiang_rai,False,0,5.5,False
2024-07-26,5.5,7.8875,176.04166666666666,0.16666666666666666,26.224999999999998,86.25,5.441666666666666,6.7,957.3625000000001,195.25955023216423,chiang_rai,False,0,6.520833333333333,False
2024-07-27,6.520833333333333,9.258333333333333,176.45833333333334,0.0,26.370833333333334,85.79166666666667,5.425,1.7,959.9875000000001,194.95423679783528,chiang_rai,False,0,6.745833333333334,False
2024-07-28,6.745833333333334,9.595833333333333,169.70833333333334,0.0,26.337500000000002,85.20833333333333,5.679166666666667,8.7,959.7833333333333,207.4107413525833,chiang_rai,False,0,6.9750000000000005,False
2024-07-29,6.9750000000000005,9.954166666666667,181.20833333333334,0.08333333333333333,25.854166666666668,88.70833333333333,5.208333333333333,22.7,959.3916666666668,192.09191872681401,chiang_rai,False,0,6.241666666666667,False
2024-07-30,6.241666666666667,8.966666666666667,196.625,0.7083333333333334,24.724999999999998,93.70833333333333,6.583333333333333,17.2,960.475,194.79296243236192,chiang_rai,False,0,4.979166666666667,False
2024-07-31,4.979166666666667,7.033333333333332,189.95833333333334,0.25,24.204166666666666,95.5,7.179166666666667,27.900000000000002,961.6583333333333,192.35397438442544,chiang_rai,False,0,3.404166666666667,False
2024-08-01,3.404166666666667,4.8,184.95833333333334,0.0,24.03333333333333,94.45833333333333,6.958333333333333,29.8,962.8916666666668,195.33653675947824,chiang_rai,False,0,4.033333333333333,False
2024-08-02,4.033333333333333,5.7375,198.625,0.0,24.1375,93.375,6.5625,25.3,962.7375000000001,188.98105410760996,chiang_rai,False,0,6.3625,False
2024-08-03,6.3625,9.0625,183.79166666666666,0.4583333333333333,25.379166666666666,87.70833333333333,5.520833333333333,23.8,962.9625,190.79106739059762,chiang_rai,False,0,8.408333333333333,False
2024-08-04,8.408333333333333,11.9375,191.0,0.375,25.133333333333336,88.91666666666667,4.795833333333333,10.0,963.3291666666668,185.28446417201485,chiang_rai,False,0,8.895833333333334,False
2024-08-05,8.895833333333334,12.670833333333334,193.29166666666666,0.375,25.295833333333334,88.08333333333333,3.4625,10.7,963.0833333333334,193.25206199230712,chiang_rai,False,0,6.929166666666667,False
2024-08-06,6.929166666666667,9.633333333333333,173.20833333333334,0.20833333333333334,24.8875,90.45833333333333,3.775,7.4,962.6374999999999,179.20636994774213,chiang_rai,False,0,7.5125,False
2024-08-07,7.5125,10.366666666666667,171.16666666666666,0.5,25.804166666666664,86.5,4.429166666666666,17.8,962.8874999999999,240.35827712660347,chiang_rai,False,0,10.491666666666667,False
2024-08-08,10.491666666666667,14.533333333333333,197.04166666666666,0.6666666666666666,25.712500000000002,87.66666666666667,3.608333333333333,5.5,963.6958333333333,240.72305030956915,chiang_rai,False,0,9.637500000000001,False
2024-08-09,9.637500000000001,13.5625,191.16666666666666,0.9583333333333334,27.583333333333332,77.375,3.5583333333333336,0.0,962.4375,256.9381901753085,chiang_rai,False,0,8.487499999999999,False
2024-08-10,8.487499999999999,12.3375,178.75,0.75,27.745833333333334,77.95833333333333,4.108333333333333,0.6,960.8083333333334,258.96487866377015,chiang_rai,False,0,10.454166666666667,False
2024-08-11,10.454166666666667,15.125,188.0,1.2916666666666667,27.5,80.16666666666667,5.195833333333334,0.1,959.5958333333333,272.0310897114223,chiang_rai,False,0,12.625,False
2024-08-12,12.625,17.916666666666668,223.70833333333334,1.125,25.395833333333332,92.04166666666667,3.454166666666667,10.4,959.4250000000001,209.87485345965706,chiang_rai,False,0,9.354166666666666,False
2024-08-13,9.354166666666666,12.933333333333332,224.08333333333334,0.4166666666666667,24.84583333333333,93.83333333333333,2.575,59.6,960.7666666666668,154.52750245165907,chiang_rai,False,0,9.558333333333334,False
2024-08-14,9.558333333333334,13.325000000000001,220.5,0.08333333333333333,25.141666666666666,90.41666666666667,2.9958333333333336,16.6,962.1875,137.57566592935035,chiang_rai,False,0,7.4875,False
2024-08-15,7.4875,10.558333333333334,188.66666666666666,0.041666666666666664,25.054166666666664,92.20833333333333,2.7541666666666664,6.1,961.8541666666666,280.7440909468195,chiang_rai,False,0,6.2250000000000005,False
2024-08-16,6.2250000000000005,8.745833333333334,191.58333333333334,0.0,25.316666666666666,90.75,3.5541666666666667,21.900000000000002,961.5333333333333,203.61385146385388,chiang_rai,False,0,9.75,False
2024-08-17,9.75,13.695833333333333,202.79166666666666,0.0,25.84583333333333,89.0,3.1166666666666667,18.1,962.9250000000001,177.99883039652195,chiang_rai,False,0,8.295833333333333,False
2024-08-18,8.295833333333333,11.725,187.5,0.0,25.375,91.125,2.7458333333333336,16.4,963.6374999999999,186.38792526806944,chiang_rai,False,0,7.254166666666666,False
2024-08-19,7.254166666666666,10.320833333333333,191.125,0.0,25.541666666666668,91.79166666666667,3.6125000000000003,17.1,962.8625000000001,196.37897519384606,chiang_rai,False,0,10.683333333333332,False
2024-08-20,10.683333333333332,15.320833333333333,216.29166666666666,0.0,25.129166666666666,90.41666666666667,4.179166666666666,18.1,963.4208333333332,220.67173062508334,chiang_rai,False,0,7.616666666666667,False
2024-08-21,7.616666666666667,10.795833333333334,215.125,0.0,24.775000000000002,94.08333333333333,4.1875,25.5,963.5749999999999,185.7027462439568,chiang_rai,False,0,6.075,False
2024-08-22,6.075,8.654166666666667,194.41666666666666,0.0,24.7375,92.75,3.625,24.5,963.9541666666668,228.93023133506665,chiang_rai,False,0,6.633333333333333,False
2024-08-23,6.633333333333333,9.416666666666666,175.91666666666666,0.0,24.2625,92.08333333333333,3.4250000000000003,21.6,965.3791666666666,308.1954272716833,chiang_rai,False,0,7.7625,False
2024-08-24,7.7625,11.174999999999999,162.5,0.0,24.02916666666667,92.66666666666667,2.6916666666666664,30.0,965.4499999999999,172.27772110929993,chiang_rai,False,0,9.0,False
2024-08-25,9.0,12.895833333333334,181.20833333333334,0.0,24.870833333333334,90.08333333333333,3.9958333333333336,11.600000000000001,963.7083333333334,199.7887030184832,chiang_rai,False,0,6.445833333333333,False
2024-08-26,6.445833333333333,9.158333333333333,176.79166666666666,0.0,25.666666666666668,87.125,3.654166666666667,1.8,962.8708333333334,225.00385116537137,chiang_rai,False,0,8.654166666666667,False
2024-08-27,8.654166666666667,12.216666666666667,189.75,0.0,24.625,92.45833333333333,3.275,15.0,963.3541666666666,214.65831605148827,chiang_rai,False,0,8.200000000000001,False
2024-08-28,8.200000000000001,11.5375,192.08333333333334,0.0,24.270833333333332,90.25,3.7083333333333335,23.5,962.5749999999999,109.64373601902042,chiang_rai,False,0,6.329166666666667,False
2024-08-29,6.329166666666667,8.95,188.25,0.0,25.166666666666668,87.54166666666667,3.5,8.4,962.3791666666666,153.6735608472144,chiang_rai,False,0,10.5375,False
2024-08-30,10.5375,15.125,210.125,0.0,25.766666666666666,87.45833333333333,3.5124999999999997,1.5,962.6666666666666,228.10451853260346,chiang_rai,False,0,11.1625,False
2024-08-31,11.1625,15.987499999999999,208.125,0.0,25.891666666666666,87.0,3.591666666666667,5.1,962.9,230.27653456591617,chiang_rai,False,0,7.0874999999999995,False
2024-09-01,7.0874999999999995,10.070833333333333,196.16666666666666,0.0,26.354166666666668,84.95833333333333,4.166666666666667,5.8,962.8958333333334,30.093170924449055,chiang_rai,False,0,8.683333333333334,False
2024-09-02,8.683333333333334,12.470833333333333,218.5,0.0,26.333333333333332,85.79166666666667,3.870833333333333,1.1,963.0958333333333,327.60577088921724,chiang_rai,False,0,11.341666666666667,False
2024-09-03,11.341666666666667,16.375,212.04166666666666,0.0,25.754166666666666,84.91666666666667,2.983333333333333,3.8000000000000003,963.9458333333333,299.0604605313121,chiang_rai,False,0,12.65,False
2024-09-04,12.65,18.233333333333334,264.875,0.0,26.087500000000002,83.75,3.591666666666667,0.2,961.1875,267.7442740329235,chiang_rai,False,0,9.5875,False
2024-09-05,9.5875,13.783333333333333,229.91666666666666,0.0,26.925,83.04166666666667,2.879166666666667,0.7000000000000001,960.1125000000001,276.0169423491274,chiang_rai,False,0,11.058333333333332,False
2024-09-06,11.058333333333332,15.862499999999999,280.9583333333333,0.0,27.087500000000002,83.5,3.2708333333333335,0.1,959.9499999999999,260.53346332229427,chiang_rai,False,0,12.887500000000001,False
2024-09-07,12.887500000000001,18.420833333333334,259.5,0.0,27.758333333333336,79.91666666666667,4.2875000000000005,0.0,959.4541666666668,251.08824698821655,chiang_rai,False,0,12.108333333333334,False
2024-09-08,12.108333333333334,17.275000000000002,240.375,0.0,25.837500000000002,89.125,3.025,8.0,959.9416666666666,251.48169561152562,chiang_rai,False,0,5.795833333333333,False
2024-09-09,5.795833333333333,8.262500000000001,217.83333333333334,0.0,25.141666666666666,94.83333333333333,5.8,32.8,959.1166666666667,202.14591420545702,chiang_rai,False,0,3.3000000000000003,False
2024-09-10,3.3000000000000003,4.654166666666667,179.58333333333334,0.0,23.941666666666666,95.875,10.608333333333333,108.7,958.9791666666666,174.27457758247897,chiang_rai,False,0,4.75,False
2024-09-11,4.75,6.779166666666666,174.5,0.0,24.337500000000002,91.375,5.729166666666667,48.7,962.4458333333333,173.58759306745947,chiang_rai,False,0,7.875,False
2024-09-12,7.875,11.262500000000001,189.625,0.20833333333333334,25.087500000000002,88.5,4.066666666666666,0.7,963.4916666666667,287.3804354626983,chiang_rai,False,0,7.941666666666666,False
2024-09-13,7.941666666666666,11.325000000000001,212.08333333333334,0.0,25.25,88.16666666666667,2.9625,0.5,962.0749999999999,273.0684109539429,chiang_rai,False,0,9.362499999999999,False
2024-09-14,9.362499999999999,13.358333333333334,211.125,0.375,25.241666666666664,89.58333333333333,2.7541666666666664,22.4,960.6458333333334,290.05207024196983,chiang_rai,False,0,14.033333333333333,False
2024-09-15,14.033333333333333,20.141666666666666,233.04166666666666,0.5,25.96666666666667,85.58333333333333,3.4375,3.6,959.7958333333332,271.67755988523777,chiang_rai,False,0,14.112499999999999,False
2024-09-16,14.112499999999999,20.183333333333334,259.375,0.4583333333333333,26.162499999999998,85.29166666666667,3.5666666666666664,7.5,960.4791666666666,299.0650701782623,chiang_rai,False,0,14.620833333333332,False
2024-09-17,14.620833333333332,20.845833333333335,277.0833333333333,0.0,26.558333333333334,85.41666666666667,5.345833333333334,4.8,960.775,334.3977065795749,chiang_rai,False,0,10.004166666666666,False
2024-09-18,10.004166666666666,14.495833333333332,273.375,0.0,26.366666666666664,84.70833333333333,5.8625,15.299999999999999,960.3958333333334,336.1450305981048,chiang_rai,False,0,12.120833333333332,False
2024-09-19,12.120833333333332,17.625,304.5,0.0,26.916666666666668,82.08333333333333,4.491666666666666,0.3,959.475,331.87074474404454,chiang_rai,False,0,12.908333333333333,False
2024-09-20,12.908333333333333,18.720833333333335,343.5416666666667,0.0,25.9375,85.20833333333333,3.3791666666666664,0.39999999999999997,959.2291666666666,321.10153658307166,chiang_rai,False,0,17.075,False
2024-09-21,17.075,24.72083333333333,335.7083333333333,0.0,26.366666666666664,85.79166666666667,6.0625,11.600000000000001,959.9916666666667,338.7690539070089,chiang_rai,False,0,11.924999999999999,False
2024-09-22,11.924999999999999,17.1125,270.5416666666667,0.0,25.25,90.29166666666667,4.341666666666667,20.099999999999998,961.3249999999999,328.54947145286513,chiang_rai,False,0,7.6875,False
2024-09-23,7.6875,10.983333333333334,247.20833333333334,0.0,24.691666666666666,91.75,3.6166666666666667,25.5,963.9916666666667,356.9768617477323,chiang_rai,False,0,8.129166666666666,False
2024-09-24,8.129166666666666,11.608333333333334,255.91666666666666,0.0,24.358333333333334,88.91666666666667,3.4916666666666667,13.3,965.4875000000001,222.994001442802,chiang_rai,False,0,9.741666666666667,False
2024-09-25,9.741666666666667,13.916666666666666,254.45833333333334,0.0,24.8625,86.41666666666667,3.908333333333333,1.9,966.2291666666666,153.61490523103305,chiang_rai,False,0,9.950000000000001,False
2024-09-26,9.950000000000001,14.174999999999999,214.58333333333334,0.0,25.099999999999998,87.25,4.5625,0.30000000000000004,966.5875,149.6678928111923,chiang_rai,False,0,8.674999999999999,False
2024-09-27,8.674999999999999,12.387500000000001,205.66666666666666,0.0,25.59166666666667,85.75,3.1166666666666667,0.6,966.1416666666668,249.44344800162156,chiang_rai,False,0,10.299999999999999,False
2024-09-28,10.299999999999999,14.670833333333334,240.83333333333334,0.0,26.474999999999998,85.29166666666667,3.858333333333333,0.4,964.6999999999999,241.78644513357298,chiang_rai,False,0,12.941666666666668,False
2024-09-29,12.941666666666668,18.433333333333334,243.20833333333334,0.0,26.075,88.20833333333333,4.5125,8.799999999999999,963.5083333333333,226.58470889189863,chiang_rai,False,0,14.904166666666667,False
2024-09-30,14.904166666666667,21.241666666666667,273.25,0.0,26.808333333333334,85.875,3.5416666666666665,9.899999999999999,961.9041666666667,228.13858469106293,chiang_rai,False,0,8.620833333333334,False
2024-10-01,8.620833333333334,12.229166666666666,206.08333333333334,0.0,23.8625,94.91666666666667,3.7624999999999997,80.8,962.6041666666666,68.66556595086274,chiang_rai,False,0,6.925,False
2024-10-02,6.925,9.825000000000001,214.5,0.0,23.59166666666667,91.79166666666667,5.233333333333333,48.1,966.0291666666667,39.68774236143855,chiang_rai,False,0,8.016666666666667,False
2024-10-03,8.016666666666667,11.450000000000001,232.54166666666666,0.0,23.27916666666667,93.54166666666667,3.829166666666667,24.7,967.0416666666666,358.84234143518313,chiang_rai,False,0,12.862499999999999,False
2024-10-04,12.862499999999999,18.420833333333334,252.375,0.0,24.195833333333336,88.20833333333333,3.9375,0.9,967.875,359.23728320498964,chiang_rai,False,0,12.683333333333332,False
2024-10-05,12.683333333333332,18.204166666666666,277.2083333333333,0.0,25.016666666666666,84.625,3.108333333333333,0.1,967.4041666666667,343.0344621983133,chiang_rai,False,0,12.545833333333334,False
2024-10-06,12.545833333333334,17.979166666666668,286.75,0.0,25.195833333333336,83.33333333333333,4.558333333333334,1.1,968.0208333333334,340.1907732518742,chiang_rai,False,0,11.887500000000001,False
2024-10-07,11.887500000000001,17.045833333333334,336.25,0.0,24.991666666666664,83.75,4.0,0.9,968.9125,342.2053202205328,chiang_rai,False,0,13.470833333333333,False
2024-10-08,13.470833333333333,19.3,383.4166666666667,0.0,24.95,80.875,3.566666666666667,0.30000000000000004,968.3791666666666,281.45040223664523,chiang_rai,False,0,14.737499999999999,False
2024-10-09,14.737499999999999,21.233333333333334,292.0,0.0,25.445833333333336,80.75,2.966666666666667,0.6000000000000001,967.1875,272.5135241115985,chiang_rai,False,0,13.4625,False
2024-10-10,13.4625,19.4375,303.75,0.0,24.4875,88.83333333333333,2.6750000000000003,1.9000000000000001,967.0541666666667,12.699919849343928,chiang_rai,False,0,13.9,False
2024-10-11,13.9,20.0625,335.5,0.0,24.52916666666667,87.91666666666667,3.0416666666666665,4.3,966.7416666666667,330.7573609412466,chiang_rai,False,0,19.566666666666666,False
2024-10-12,19.566666666666666,28.275000000000002,383.625,0.0,24.820833333333336,86.25,3.0083333333333333,2.3,967.2916666666666,336.23269468853726,chiang_rai,False,0,18.4375,False
2024-10-13,18.4375,26.8125,378.7916666666667,0.0,25.59583333333333,80.75,3.529166666666667,0.0,967.1958333333333,269.69487572410657,chiang_rai,False,0,9.7125,False
2024-10-14,9.7125,14.079166666666666,320.5,0.0,25.400000000000002,83.95833333333333,3.4416666666666664,1.7,966.4499999999999,270.78592757176557,chiang_rai,False,0,12.262500000000001,False
2024-10-15,12.262500000000001,17.766666666666666,324.75,0.0,25.295833333333334,84.91666666666667,3.0833333333333335,2.2,966.5833333333334,305.98151847524355,chiang_rai,False,0,13.1,False
2024-10-16,13.1,18.962500000000002,305.0,0.0,25.079166666666666,87.33333333333333,3.2291666666666665,2.1,966.9625,303.89333501819544,chiang_rai,False,0,8.075000000000001,False
2024-10-17,8.075000000000001,11.633333333333333,272.9166666666667,0.0,24.808333333333334,88.79166666666667,3.858333333333333,22.4,966.7291666666666,287.8621355094993,chiang_rai,False,0,14.141666666666666,False
2024-10-18,14.141666666666666,20.279166666666665,350.1666666666667,0.0,25.329166666666666,87.75,2.8541666666666665,6.0,966.0124999999999,307.5476843200045,chiang_rai,False,0,11.75,False
2024-10-19,11.75,16.875,295.8333333333333,0.0,25.566666666666666,86.0,3.2416666666666667,1.9000000000000001,966.8666666666667,242.67350083596835,chiang_rai,False,0,7.341666666666668,False
2024-10-20,7.341666666666668,10.604166666666666,226.70833333333334,0.0,24.349999999999998,89.91666666666667,4.575,26.2,968.8583333333332,358.0751580093015,chiang_rai,False,0,8.0375,False
2024-10-21,8.0375,11.875,187.41666666666666,0.0,24.708333333333332,85.79166666666667,3.7624999999999997,1.3,968.525,357.8792127642353,chiang_rai,False,0,7.595833333333334,False
2024-10-22,7.595833333333334,10.941666666666668,214.79166666666666,0.0,24.795833333333334,85.875,5.066666666666666,4.7,967.9666666666667,346.3408558385199,chiang_rai,False,0,8.158333333333333,False
2024-10-23,8.158333333333333,11.770833333333334,273.625,0.0,24.541666666666668,85.5,4.0249999999999995,18.900000000000002,968.65,316.1290566454082,chiang_rai,False,0,14.616666666666667,False
2024-10-24,14.616666666666667,21.0625,355.25,0.0,24.72083333333333,82.25,2.7916666666666665,0.0,967.0875,330.1646238808056,chiang_rai,False,0,13.0375,False
2024-10-25,13.0375,18.783333333333335,393.2083333333333,0.0,25.3875,83.33333333333333,2.920833333333333,0.0,965.1791666666667,310.96137799482364,chiang_rai,False,0,13.683333333333332,False
2024-10-26,13.683333333333332,20.070833333333333,439.25,0.0,26.141666666666666,79.54166666666667,4.2875000000000005,0.0,963.1666666666666,344.0343225606781,chiang_rai,False,0,11.104166666666666,False
2024-10-27,11.104166666666666,16.125,411.6666666666667,0.25,26.15833333333333,81.20833333333333,4.7250000000000005,0.0,962.1999999999999,333.86425215157266,chiang_rai,False,0,11.904166666666667,False
2024-10-28,11.904166666666667,17.2,390.7083333333333,0.0,24.808333333333334,76.33333333333333,5.770833333333333,0.0,963.2041666666668,337.6222262550811,chiang_rai,False,0,9.6625,False
2024-10-29,9.6625,14.020833333333334,400.625,0.0,24.604166666666668,71.41666666666667,4.020833333333333,0.0,964.4916666666667,338.5272823925495,chiang_rai,False,0,10.629166666666666,False
2024-10-30,10.629166666666666,15.295833333333334,443.75,0.0,24.75,76.08333333333333,2.6916666666666664,0.0,965.7916666666666,325.95829831834783,chiang_rai,False,0,12.479166666666666,False
2024-10-31,12.479166666666666,18.037499999999998,418.6666666666667,0.25,25.25,78.29166666666667,2.7458333333333336,0.0,965.3666666666667,275.11675972456385,chiang_rai,False,0,9.545833333333333,False
2024-11-01,9.545833333333333,13.908333333333333,479.125,0.25,25.5,79.125,2.966666666666667,0.0,966.25,359.6082129681863,chiang_rai,False,0,11.387500000000001,False
2024-11-02,11.387500000000001,16.720833333333335,410.5,0.0,24.766666666666666,78.79166666666667,4.5249999999999995,14.700000000000001,968.5583333333334,2.8981405367617867,chiang_rai,False,0,9.245833333333334,False
2024-11-03,9.245833333333334,13.575000000000001,397.375,0.0,22.866666666666664,68.41666666666667,5.054166666666666,0.0,968.9958333333334,333.7385829806578,chiang_rai,False,0,9.291666666666666,False
2024-11-04,9.291666666666666,13.608333333333334,396.75,0.0,22.983333333333334,68.66666666666667,6.3374999999999995,0.0,969.1333333333333,2.2173055753557946,chiang_rai,False,0,14.2125,False
2024-11-05,14.2125,21.075,365.2083333333333,0.0,23.608333333333334,75.54166666666667,7.245833333333334,13.8,970.7083333333334,14.655930999108364,chiang_rai,False,0,12.166666666666666,False
2024-11-06,12.166666666666666,17.525,357.2083333333333,0.0,22.375,82.58333333333333,6.720833333333334,12.1,971.2291666666666,0.49463382549669177,chiang_rai,False,0,17.8125,False
2024-11-07,17.8125,25.995833333333334,474.4166666666667,0.0,21.641666666666666,89.83333333333333,3.8125,9.6,970.8166666666666,14.441524295169813,chiang_rai,False,0,18.5,False
2024-11-08,18.5,26.883333333333336,616.4166666666666,0.0,20.795833333333334,91.33333333333333,4.1125,9.0,970.9583333333334,348.32434220344993,chiang_rai,False,0,19.462500000000002,False
2024-11-09,19.462500000000002,28.445833333333336,598.5,0.0,21.916666666666668,84.29166666666667,4.954166666666667,0.0,969.7958333333332,334.89971517528636,chiang_rai,False,0,17.9375,False
2024-11-10,17.9375,26.254166666666666,478.0833333333333,0.0,22.775000000000002,82.16666666666667,4.141666666666667,0.0,968.8874999999999,331.05380864253954,chiang_rai,False,0,14.904166666666667,False
2024-11-11,14.904166666666667,21.84166666666667,482.875,0.0,23.1375,80.75,3.3625000000000003,0.0,967.9958333333334,327.76637552818966,chiang_rai,False,0,16.916666666666668,False
2024-11-12,16.916666666666668,22.45,548.7083333333334,0.0,23.7625,81.20833333333333,3.0749999999999997,0.0,966.9458333333333,315.79891476694337,chiang_rai,False,0,18.554166666666667,False
2024-11-13,18.554166666666667,18.70416666666667,465.5,0.0,24.40416666666667,84.20833333333333,2.4166666666666665,0.5,965.9916666666667,290.40392268910296,chiang_rai,False,0,9.158333333333333,False
2024-11-14,9.158333333333333,9.25,389.9583333333333,0.0,24.59166666666667,83.16666666666667,3.408333333333333,0.2,966.1333333333333,336.4834453171833,chiang_rai,False,0,7.991666666666667,False
2024-11-15,7.991666666666667,8.0875,376.9166666666667,0.0,23.183333333333334,78.125,3.766666666666667,0.0,965.6750000000001,339.41821924371425,chiang_rai,False,0,7.979166666666667,False
2024-11-16,7.979166666666667,8.091666666666667,356.6666666666667,0.0,22.008333333333336,74.25,4.304166666666666,0.0,965.9166666666666,342.2049158326639,chiang_rai,False,0,7.729166666666667,False
2024-11-17,7.729166666666667,7.883333333333333,369.7083333333333,0.0,22.616666666666664,74.625,4.7875000000000005,0.0,966.7208333333333,341.527681052139,chiang_rai,False,0,9.404166666666667,False
2024-11-18,9.404166666666667,9.504166666666666,390.7916666666667,0.0,23.558333333333334,78.25,3.029166666666667,0.30000000000000004,968.6833333333334,340.0313069168018,chiang_rai,False,0,17.308333333333334,False
2024-11-19,17.308333333333334,17.433333333333334,385.125,0.0,23.070833333333336,79.20833333333333,3.470833333333333,0.0,969.5375,345.15919700518174,chiang_rai,False,0,14.854166666666666,False
2024-11-20,14.854166666666666,14.920833333333334,505.5,0.0,23.079166666666666,78.79166666666667,2.0791666666666666,0.4,969.1416666666668,1.5935698491932158,chiang_rai,False,0,14.766666666666666,False
2024-11-21,14.766666666666666,14.8375,486.9583333333333,0.0,22.108333333333334,84.16666666666667,3.3208333333333333,1.7000000000000002,968.9833333333332,338.7206933064356,chiang_rai,False,0,17.983333333333334,False
2024-11-22,17.983333333333334,18.045833333333334,441.25,0.0,22.170833333333334,81.125,4.558333333333333,2.4000000000000004,969.0916666666667,2.689534991287701,chiang_rai,False,0,13.879166666666668,False
2024-11-23,13.879166666666668,13.954166666666666,482.0416666666667,0.0,22.3,80.25,3.025,0.2,969.5583333333334,346.6508695747308,chiang_rai,False,0,16.875,False
2024-11-24,16.875,17.045833333333334,515.4166666666666,0.0,22.866666666666664,79.54166666666667,3.0666666666666664,0.1,969.1708333333332,334.2735092004215,chiang_rai,False,0,15.645833333333334,False
2024-11-25,15.645833333333334,15.879166666666668,503.0,0.20833333333333334,23.34166666666667,78.33333333333333,2.5166666666666666,0.5,968.6416666666668,357.7771753731321,chiang_rai,False,0,12.908333333333333,False
2024-11-26,12.908333333333333,13.141666666666666,436.0,0.2916666666666667,23.195833333333336,81.91666666666667,3.35,0.4,968.7916666666666,323.5734394444239,chiang_rai,False,0,10.112499999999999,False
2024-11-27,10.112499999999999,10.333333333333334,402.1666666666667,0.0,22.308333333333334,86.625,4.904166666666667,26.9,969.4041666666667,7.55579691071722,chiang_rai,False,0,12.545833333333334,False
2024-11-28,12.545833333333334,12.654166666666667,423.9166666666667,0.0,22.099999999999998,85.33333333333333,5.0,12.2,971.1958333333333,10.557912416831925,chiang_rai,False,0,17.825,False
2024-11-29,17.825,17.9875,389.9166666666667,0.0,21.291666666666668,72.58333333333333,7.420833333333333,0.4,971.7166666666667,1.018745198672434,chiang_rai,False,0,11.6,False
2024-11-30,11.6,11.716666666666667,401.4166666666667,0.0,21.070833333333333,74.5,3.6208333333333336,0.0,968.7208333333333,330.71417598088624,chiang_rai,False,0,16.075,False
2024-12-01,16.075,16.345833333333335,402.75,0.2916666666666667,21.59166666666667,76.91666666666667,3.3249999999999997,0.0,966.2375000000001,284.09577849889655,chiang_rai,False,0,16.837500000000002,False
2024-12-02,16.837500000000002,17.145833333333332,425.5833333333333,0.5,22.883333333333336,79.95833333333333,3.204166666666667,0.0,965.9833333333332,312.14002860090903,chiang_rai,False,0,13.133333333333333,False
2024-12-03,13.133333333333333,13.35,425.2916666666667,0.0,23.875,76.875,3.841666666666667,0.0,966.3583333333332,294.79099391820574,chiang_rai,False,0,15.387500000000001,False
2024-12-04,15.387500000000001,15.637500000000001,415.9583333333333,0.0,24.308333333333334,79.125,3.079166666666667,0.1,966.0416666666666,259.1894353107168,chiang_rai,False,0,22.5125,False
2024-12-05,22.5125,22.712500000000002,456.2083333333333,0.0,23.729166666666668,85.83333333333333,3.408333333333333,2.2,966.0749999999999,250.77839703946876,chiang_rai,False,0,16.829166666666666,False
2024-12-06,16.829166666666666,16.983333333333334,487.7916666666667,0.0,23.75,82.5,4.004166666666666,2.8000000000000003,965.6416666666668,172.00118226797508,chiang_rai,False,0,18.091666666666665,False
2024-12-07,18.091666666666665,18.295833333333334,497.3333333333333,0.0,23.808333333333334,79.08333333333333,2.9166666666666665,0.30000000000000004,967.2583333333333,295.7772510099777,chiang_rai,False,0,16.404166666666665,False
2024-12-08,16.404166666666665,16.670833333333334,425.5,0.0,23.820833333333336,78.54166666666667,4.133333333333334,0.0,968.4250000000001,300.0821872252141,chiang_rai,False,0,19.195833333333333,False
2024-12-09,19.195833333333333,19.366666666666667,518.2916666666666,0.0,23.683333333333334,77.95833333333333,3.9791666666666665,1.1,967.7624999999999,241.39183751926606,chiang_rai,False,0,17.1375,False
2024-12-10,17.1375,17.1875,451.4583333333333,0.0,23.183333333333334,81.91666666666667,2.8333333333333335,1.0,966.2666666666668,254.21071457787838,chiang_rai,False,0,18.337500000000002,False
2024-12-11,18.337500000000002,18.554166666666667,387.0416666666667,0.0,22.90416666666667,76.25,3.658333333333333,0.0,966.6833333333334,350.3513332450471,chiang_rai,False,0,17.854166666666668,False
2024-12-12,17.854166666666668,18.208333333333332,403.125,0.4166666666666667,21.7625,76.08333333333333,3.1166666666666667,0.0,966.6625,310.9667577894204,chiang_rai,False,0,10.525,False
2024-12-13,10.525,10.616666666666667,424.3333333333333,0.0,22.545833333333334,74.79166666666667,3.154166666666667,0.0,967.7416666666667,354.67119215650825,chiang_rai,False,0,17.1125,False
2024-12-14,17.1125,17.145833333333332,481.625,0.0,23.008333333333336,83.625,3.045833333333333,2.1999999999999997,970.0916666666667,21.167487204973213,chiang_rai,False,0,17.166666666666668,False
2024-12-15,17.166666666666668,17.233333333333334,414.5416666666667,0.0,19.1875,84.54166666666667,8.145833333333334,7.2,972.9458333333333,8.21272698496756,chiang_rai,False,0,16.229166666666668,False
2024-12-16,16.229166666666668,16.316666666666666,435.5,0.0,18.683333333333334,80.66666666666667,6.495833333333334,0.0,972.9166666666666,3.798718007544153,chiang_rai,False,0,13.883333333333333,False
2024-12-17,13.883333333333333,13.916666666666666,444.625,0.0,19.175,81.20833333333333,2.954166666666667,0.0,970.3333333333334,336.3148907494623,chiang_rai,False,0,13.1625,False
2024-12-18,13.1625,13.170833333333334,462.25,0.0,20.429166666666667,81.5,2.908333333333333,0.1,969.6916666666666,3.5855812736244843,chiang_rai,False,0,18.279166666666665,False
2024-12-19,18.279166666666665,18.329166666666666,449.0416666666667,0.0,20.908333333333335,80.29166666666667,3.4375,0.2,970.2125,24.42954075355601,chiang_rai,False,0,18.45,False
2024-12-20,18.45,18.504166666666666,471.6666666666667,0.0,20.745833333333334,74.41666666666667,2.720833333333333,0.0,968.8708333333334,251.74120914623933,chiang_rai,False,0,20.070833333333333,False
2024-12-21,20.070833333333333,20.145833333333332,439.125,0.0,20.1375,75.0,2.8125,0.0,968.9208333333332,275.8662573725088,chiang_rai,False,0,24.59583333333333,False
2024-12-22,24.59583333333333,24.75,515.125,0.0,20.3625,72.20833333333333,2.766666666666667,0.0,969.3458333333333,234.13759828667528,chiang_rai,False,0,25.141666666666666,False
2024-12-23,25.141666666666666,25.333333333333332,745.75,0.0,19.7375,78.45833333333333,2.841666666666667,0.0,969.3166666666666,19.29957523248555,chiang_rai,False,0,24.1375,False
2024-12-24,24.1375,24.52916666666667,463.7083333333333,0.5,19.891666666666666,75.33333333333333,3.2916666666666665,0.0,970.1166666666667,351.61390905536314,chiang_rai,False,0,18.354166666666668,False
2024-12-25,18.354166666666668,18.795833333333334,487.9583333333333,0.9166666666666666,19.366666666666667,72.33333333333333,2.8208333333333333,0.0,971.0791666666668,352.9466043392575,chiang_rai,False,0,20.683333333333334,False
2024-12-26,20.683333333333334,21.154166666666665,507.0416666666667,0.7916666666666666,19.879166666666666,72.875,3.4875000000000003,0.0,972.0500000000001,340.5194160650261,chiang_rai,False,0,14.424999999999999,False
2024-12-27,14.424999999999999,14.570833333333333,453.4583333333333,0.0,20.579166666666666,71.29166666666667,3.033333333333333,0.0,972.2458333333334,335.6068517348827,chiang_rai,False,0,8.625,False
2024-12-28,8.625,8.654166666666667,421.0833333333333,0.0,21.216666666666665,71.125,4.7749999999999995,0.0,972.8375,346.05759892474174,chiang_rai,False,0,13.420833333333334,False
2024-12-29,13.420833333333334,13.450000000000001,466.4583333333333,0.0,20.545833333333334,73.70833333333333,2.720833333333333,0.0,971.1,303.90410913391844,chiang_rai,False,0,16.395833333333332,False
2024-12-30,16.395833333333332,16.404166666666665,465.8333333333333,0.0,20.908333333333335,73.95833333333333,2.629166666666667,0.0,970.0708333333333,309.92515818221625,chiang_rai,False,0,19.0625,False
2024-12-31,19.0625,19.116666666666667,525.25,0.041666666666666664,21.275000000000002,73.91666666666667,2.620833333333333,0.0,969.725,319.8803745545145,chiang_rai,False,0,18.7,False
2025-01-01,18.7,19.508333333333333,573.8333333333334,1.4583333333333333,21.079166666666666,73.29166666666667,2.225,0.0,968.5,293.1317852346693,chiang_rai,False,0,21.0125,False
2025-01-02,21.0125,22.7,492.3333333333333,3.125,20.724999999999998,73.625,2.475,0.0,968.5166666666668,325.32181627349615,chiang_rai,False,0,20.908333333333335,False
2025-01-03,20.908333333333335,22.195833333333336,469.6666666666667,2.5416666666666665,20.658333333333335,72.66666666666667,3.891666666666667,0.1,970.0833333333334,355.6479215444526,chiang_rai,False,0,15.254166666666668,False
2025-01-04,15.254166666666668,15.741666666666667,515.0416666666666,0.875,19.666666666666668,70.41666666666667,2.7125,0.0,969.1541666666667,355.11836711066576,chiang_rai,False,0,24.558333333333334,False
2025-01-05,24.558333333333334,25.275000000000002,482.0833333333333,1.4583333333333333,18.995833333333334,68.54166666666667,3.975,0.0,971.0,352.8147701419014,chiang_rai,False,0,25.729166666666668,False
2025-01-06,25.729166666666668,26.125,536.2916666666666,0.7916666666666666,18.541666666666668,70.0,2.5,0.0,969.3166666666666,330.5431714544589,chiang_rai,False,0,29.741666666666664,False
2025-01-07,29.741666666666664,30.145833333333332,535.625,1.0,18.758333333333333,71.70833333333333,2.4708333333333337,0.0,968.1833333333334,297.1924470327562,chiang_rai,False,0,29.645833333333332,False
2025-01-08,29.645833333333332,29.97083333333333,562.2916666666666,0.5,19.720833333333335,69.125,2.779166666666667,0.0,968.1166666666667,325.31332250559836,chiang_rai,False,0,27.0625,False
2025-01-09,27.0625,27.3625,576.5,0.25,20.216666666666665,73.125,2.433333333333333,0.1,970.0291666666667,313.929943546216,chiang_rai,False,0,28.879166666666666,False
2025-01-10,28.879166666666666,30.46666666666667,550.7083333333334,3.0833333333333335,21.25,70.45833333333333,2.904166666666667,0.30000000000000004,972.6999999999999,320.5240244900952,chiang_rai,False,0,29.4375,False
2025-01-11,29.4375,30.0625,522.75,1.1666666666666667,19.504166666666666,70.25,6.325,1.0,975.0041666666666,13.23629636792424,chiang_rai,False,0,18.5,False
2025-01-12,18.5,18.745833333333334,443.8333333333333,0.375,16.275000000000002,62.625,7.4750000000000005,0.0,975.4541666666668,355.03098053091736,chiang_rai,False,0,16.587500000000002,False
2025-01-13,16.587500000000002,16.766666666666666,490.2916666666667,0.0,16.133333333333333,68.29166666666667,3.029166666666667,0.0,971.3208333333333,349.86799669145074,chiang_rai,False,0,14.445833333333333,False
2025-01-14,14.445833333333333,14.5625,489.4583333333333,0.0,16.629166666666666,70.41666666666667,2.891666666666667,0.0,971.375,350.1477835420738,chiang_rai,False,0,17.724999999999998,False
2025-01-15,17.724999999999998,17.833333333333332,426.5,0.0,18.0125,67.83333333333333,5.804166666666667,0.0,972.75,349.97563403442405,chiang_rai,False,0,16.308333333333334,False
2025-01-16,16.308333333333334,16.375,441.7083333333333,0.0,17.837500000000002,70.125,7.3125,0.0,973.1916666666666,342.047573990175,chiang_rai,False,0,23.195833333333336,False
2025-01-17,23.195833333333336,23.233333333333334,483.625,0.0,18.408333333333335,71.41666666666667,2.795833333333333,0.0,970.8708333333334,342.48560040759037,chiang_rai,False,0,27.28333333333333,False
2025-01-18,27.28333333333333,27.3,499.625,0.0,18.729166666666668,75.70833333333333,3.1624999999999996,0.0,968.6125000000001,315.07466701875325,chiang_rai,False,0,19.866666666666667,False
2025-01-19,19.866666666666667,19.929166666666667,470.7916666666667,0.0,20.029166666666665,69.95833333333333,2.966666666666667,0.0,967.1875,264.34527734456816,chiang_rai,False,0,22.620833333333334,False
2025-01-20,22.620833333333334,22.675,483.2083333333333,0.0,20.0625,73.0,2.9499999999999997,0.0,965.8000000000001,270.6984839605997,chiang_rai,False,0,23.816666666666666,False
2025-01-21,23.816666666666666,23.849999999999998,494.0833333333333,0.0,20.412499999999998,73.875,3.5041666666666664,0.0,965.6791666666667,241.97696778049368,chiang_rai,False,0,26.2625,False
2025-01-22,26.2625,26.34166666666667,485.9166666666667,0.0,20.3375,75.375,2.6,0.0,966.1791666666667,273.0126653994347,chiang_rai,False,0,32.108333333333334,False
2025-01-23,32.108333333333334,32.21666666666667,474.4583333333333,0.0,20.670833333333334,75.20833333333333,3.525,0.0,966.4583333333334,276.2477092650102,chiang_rai,False,0,23.483333333333334,False
2025-01-24,23.483333333333334,23.554166666666664,474.1666666666667,0.0,20.870833333333334,74.45833333333333,3.3708333333333336,0.0,964.8708333333334,323.4433918517047,chiang_rai,False,0,21.158333333333335,False
2025-01-25,21.158333333333335,21.25,434.3333333333333,0.0,21.004166666666666,70.58333333333333,3.3541666666666665,0.0,964.8666666666667,322.1750820579386,chiang_rai,False,0,21.279166666666665,False
2025-01-26,21.279166666666665,21.358333333333334,501.375,0.0,21.629166666666666,68.375,3.0541666666666667,0.0,966.125,343.24283694563866,chiang_rai,False,0,17.2625,False
2025-01-27,17.2625,18.004166666666666,472.5,1.2916666666666667,15.341666666666667,71.79166666666667,13.045833333333334,2.7,970.3208333333333,6.125207909627306,chiang_rai,False,0,36.53333333333333,False
2025-01-28,36.53333333333333,38.07083333333333,498.2083333333333,2.5416666666666665,17.316666666666666,71.375,5.379166666666666,0.0,971.3166666666666,9.845721360374739,chiang_rai,False,0,27.945833333333336,False
2025-01-29,27.945833333333336,28.6125,741.7916666666666,1.125,19.345833333333335,71.66666666666667,3.3708333333333336,0.0,971.2458333333334,349.0285038947281,chiang_rai,False,0,29.133333333333336,False
2025-01-30,29.133333333333336,29.599999999999998,594.0833333333334,0.875,20.033333333333335,72.54166666666667,4.941666666666666,0.0,967.225,247.80108411089796,chiang_rai,False,0,20.204166666666666,False
2025-01-31,20.204166666666666,20.633333333333333,495.4166666666667,0.5833333333333334,21.229166666666668,72.0,3.029166666666667,0.0,965.6416666666668,221.19248938389592,chiang_rai,False,0,22.445833333333336,False
2025-02-01,22.445833333333336,22.875,406.375,0.875,21.025000000000002,68.70833333333333,3.1166666666666667,0.0,964.8874999999999,312.3983172687538,chiang_rai,False,0,26.141666666666666,False
2025-02-02,26.141666666666666,26.5625,391.0,0.625,20.516666666666666,68.75,3.9499999999999997,0.0,964.6166666666667,302.3614888636035,chiang_rai,False,0,23.741666666666664,False
2025-02-03,23.741666666666664,24.045833333333334,425.8333333333333,0.4166666666666667,21.054166666666667,64.79166666666667,3.5833333333333335,0.0,965.9625,341.10629537614153,chiang_rai,False,0,24.754166666666666,False
2025-02-04,24.754166666666666,24.90416666666667,542.7916666666666,0.0,21.879166666666666,66.58333333333333,4.4125000000000005,0.0,967.1708333333332,90.65508375006488,chiang_rai,False,0,30.629166666666666,False
2025-02-05,30.629166666666666,30.833333333333332,585.375,0.0,22.254166666666666,72.5,5.3374999999999995,0.0,965.4666666666667,209.50781301223606,chiang_rai,False,0,28.054166666666664,False
2025-02-06,28.054166666666664,28.383333333333336,500.9166666666667,0.16666666666666666,22.15833333333333,70.375,4.55,0.0,965.1416666666668,224.62974153741487,chiang_rai,False,0,34.354166666666664,False
2025-02-07,34.354166666666664,34.65833333333333,475.375,0.0,22.116666666666664,69.41666666666667,3.658333333333333,0.0,966.5708333333333,295.98280936324096,chiang_rai,False,0,33.729166666666664,False
2025-02-08,33.729166666666664,33.99166666666667,553.9583333333334,0.0,23.09166666666667,71.625,3.970833333333333,1.8,967.8166666666666,268.15258811339106,chiang_rai,False,0,40.300000000000004,True
2025-02-09,40.300000000000004,40.512499999999996,597.2083333333334,0.0,22.7,69.5,5.204166666666667,0.1,968.6333333333333,193.0800695059436,chiang_rai,True,2,19.058333333333334,False
2025-02-10,19.058333333333334,19.1375,583.0833333333334,0.0,22.175,66.16666666666667,4.3,0.0,968.2458333333334,193.11326317924897,chiang_rai,False,0,21.370833333333334,False
2025-02-11,21.370833333333334,21.445833333333336,536.7083333333334,0.0,22.558333333333334,65.79166666666667,4.0,0.0,967.3333333333334,213.2819122042564,chiang_rai,False,0,23.474999999999998,False
2025-02-12,23.474999999999998,23.541666666666668,504.2083333333333,0.0,22.816666666666666,65.58333333333333,3.75,0.0,966.9708333333333,273.74744839355736,chiang_rai,False,0,28.575,False
2025-02-13,28.575,28.65833333333333,438.625,0.0,22.3125,62.291666666666664,4.458333333333333,0.0,966.4416666666666,288.24383430906545,chiang_rai,False,0,25.912499999999998,False
2025-02-14,25.912499999999998,26.420833333333334,356.0833333333333,0.875,21.724999999999998,56.375,4.925,0.0,965.4958333333334,272.17677668226236,chiang_rai,False,0,32.1375,False
2025-02-15,32.1375,33.449999999999996,447.4166666666667,2.4166666666666665,21.7375,58.666666666666664,3.779166666666667,0.0,964.775,268.14862654418965,chiang_rai,False,0,36.85,False
2025-02-16,36.85,38.18333333333333,436.3333333333333,2.5833333333333335,21.858333333333334,60.291666666666664,4.883333333333334,0.0,965.4333333333334,275.45868270024016,chiang_rai,False,0,39.27916666666667,True
2025-02-17,39.27916666666667,42.31666666666667,469.2083333333333,5.833333333333333,22.025000000000002,61.833333333333336,4.4624999999999995,0.0,967.3375,328.5324478326335,chiang_rai,True,2,50.44583333333333,True
2025-02-18,50.44583333333333,52.94583333333333,520.9583333333334,4.541666666666667,22.691666666666666,63.0,3.4875000000000003,0.0,967.5708333333333,316.9883484246703,chiang_rai,True,3,36.90416666666667,False
2025-02-19,36.90416666666667,37.6625,552.125,1.0,22.9375,67.79166666666667,4.591666666666667,0.0,967.7291666666666,208.2394485639238,chiang_rai,False,0,36.579166666666666,False
2025-02-20,36.579166666666666,37.93333333333333,533.8333333333334,2.0833333333333335,23.020833333333332,72.625,3.4250000000000003,0.4,968.4333333333334,234.26252317918116,chiang_rai,False,0,35.454166666666666,False
2025-02-21,35.454166666666666,37.574999999999996,466.125,4.125,23.5,71.25,5.5,0.0,968.6041666666666,197.447369863279,chiang_rai,False,0,33.61666666666667,False
2025-02-22,33.61666666666667,35.354166666666664,602.625,3.0416666666666665,23.05,75.875,2.1416666666666666,0.0,969.4458333333333,320.010005343279,chiang_rai,False,0,30.441666666666666,False
2025-02-23,30.441666666666666,31.833333333333332,572.8333333333334,2.125,23.420833333333334,73.25,2.8249999999999997,0.0,970.8416666666667,344.0968469201214,chiang_rai,False,0,18.154166666666665,False
2025-02-24,18.154166666666665,18.866666666666667,553.875,1.2083333333333333,22.183333333333334,82.0,3.829166666666667,5.3,972.6875,336.93612525666833,chiang_rai,False,0,21.070833333333333,False
2025-02-25,21.070833333333333,21.34583333333333,505.9166666666667,0.0,21.4375,84.125,4.020833333333333,2.7,973.5375,322.5818637816338,chiang_rai,False,0,14.529166666666667,False
2025-02-26,14.529166666666667,15.154166666666667,563.7083333333334,0.875,21.9375,82.33333333333333,3.6208333333333336,6.8,972.2624999999999,289.9983189311955,chiang_rai,False,0,20.216666666666665,False
2025-02-27,20.216666666666665,21.037499999999998,463.875,1.3333333333333333,23.03333333333333,73.70833333333333,2.8958333333333335,0.0,968.9958333333334,299.90240593584457,chiang_rai,False,0,22.504166666666666,False
2025-02-28,22.504166666666666,23.670833333333334,450.5,1.75,24.47083333333333,61.333333333333336,3.829166666666667,0.0,966.7666666666668,304.9911949697738,chiang_rai,False,0,21.570833333333336,False
2025-03-01,21.570833333333336,22.78333333333333,426.0416666666667,2.0,24.212500000000002,60.0,3.716666666666667,0.0,964.7208333333333,290.011483151574,chiang_rai,False,0,22.833333333333332,False
2025-03-02,22.833333333333332,27.104166666666668,421.0416666666667,8.333333333333334,23.925,58.458333333333336,3.9333333333333336,0.0,963.3041666666667,304.77087420206135,chiang_rai,False,0,37.72083333333333,True
2025-03-03,37.72083333333333,42.30833333333333,450.3333333333333,8.416666666666666,23.84583333333333,56.083333333333336,4.683333333333333,0.0,963.125,297.66544192145545,chiang_rai,True,2,48.7875,True
2025-03-04,48.7875,53.550000000000004,424.875,9.708333333333334,23.575,54.958333333333336,3.4916666666666667,0.0,962.4625,271.5226029427232,chiang_rai,True,3,47.47083333333333,True
2025-03-05,47.47083333333333,51.104166666666664,407.2916666666667,7.166666666666667,23.2375,55.708333333333336,4.5875,0.0,962.0541666666667,285.1857554974558,chiang_rai,True,4,50.925000000000004,True
2025-03-06,50.925000000000004,53.47083333333333,467.7916666666667,5.083333333333333,23.125,57.833333333333336,4.95,0.0,963.8958333333334,282.8061497691573,chiang_rai,True,5,51.4625,True
2025-03-07,51.4625,53.24583333333334,445.875,3.125,23.34166666666667,64.41666666666667,7.145833333333333,0.1,964.525,223.50821251709831,chiang_rai,True,6,41.550000000000004,True
2025-03-08,41.550000000000004,42.725,574.5,2.0416666666666665,23.5,75.83333333333333,6.045833333333333,3.3000000000000003,966.8083333333334,174.12145935740102,chiang_rai,True,7,36.19166666666667,False
2025-03-09,36.19166666666667,37.0625,603.4583333333334,1.5,23.704166666666666,77.70833333333333,3.725,0.2,968.8874999999999,215.91158682717673,chiang_rai,False,0,42.55833333333333,True
2025-03-10,42.55833333333333,44.63333333333333,527.75,3.6666666666666665,24.554166666666664,73.58333333333333,3.7875,0.0,969.0208333333334,283.2000693174745,chiang_rai,True,2,34.22083333333333,False
2025-03-11,34.22083333333333,36.824999999999996,469.9583333333333,5.0,26.395833333333332,63.333333333333336,3.016666666666667,0.0,966.4083333333333,242.7534436572542,chiang_rai,False,0,32.50833333333333,False
2025-03-12,32.50833333333333,35.141666666666666,449.5416666666667,4.958333333333333,25.4375,59.166666666666664,4.829166666666667,0.0,963.4208333333332,241.16079572805938,chiang_rai,False,0,23.925,False
2025-03-13,23.925,26.116666666666664,395.9583333333333,4.291666666666667,24.945833333333336,61.083333333333336,6.0249999999999995,0.0,963.0541666666667,248.49802882978207,chiang_rai,False,0,27.40416666666667,False
2025-03-14,27.40416666666667,31.2375,453.25,7.583333333333333,25.8125,56.375,3.4791666666666665,0.0,964.875,226.13227902420724,chiang_rai,False,0,41.84583333333334,True
2025-03-15,41.84583333333334,46.72083333333333,523.75,9.875,24.729166666666668,58.458333333333336,3.641666666666667,0.0,965.2333333333332,311.28946373064457,chiang_rai,True,2,70.62083333333334,True
2025-03-16,70.62083333333334,78.11666666666666,592.8333333333334,14.833333333333334,25.025000000000002,58.5,4.25,0.0,964.4250000000001,293.4575098284898,chiang_rai,True,3,62.81666666666666,True
2025-03-17,62.81666666666666,66.8625,568.375,7.958333333333333,26.141666666666666,54.875,4.675,0.0,964.3708333333334,231.16285134540308,chiang_rai,True,4,45.23333333333333,True
2025-03-18,45.23333333333333,46.59583333333333,593.25,2.7083333333333335,24.90833333333333,74.5,5.216666666666667,3.2,967.25,87.06150341694479,chiang_rai,True,5,43.98333333333333,True
2025-03-19,43.98333333333333,44.87083333333334,604.0416666666666,1.8333333333333333,19.8125,68.91666666666667,10.229166666666666,0.2,973.3291666666668,5.943040839862931,chiang_rai,True,6,57.987500000000004,True
2025-03-20,57.987500000000004,61.3375,707.9583333333334,6.125,20.254166666666666,67.0,6.391666666666667,0.0,973.975,7.383129351821026,chiang_rai,True,7,60.833333333333336,True
2025-03-21,60.833333333333336,64.14166666666667,668.0416666666666,6.5,21.895833333333332,72.25,3.6916666666666664,0.1,972.1791666666667,323.0458466679508,chiang_rai,True,8,79.85833333333333,True
2025-03-22,79.85833333333333,84.075,653.9583333333334,8.0,23.84166666666667,72.875,4.270833333333333,0.0,969.7958333333332,259.66483768620515,chiang_rai,True,9,79.1125,True
2025-03-23,79.1125,82.25833333333334,650.75,6.166666666666667,25.15416666666667,70.875,4.8,0.4,968.275,270.43433021446356,chiang_rai,True,10,83.49166666666666,True
2025-03-24,83.49166666666666,86.40416666666665,700.1666666666666,5.375,25.40416666666667,66.95833333333333,2.591666666666667,0.0,965.7583333333333,333.1264444945851,chiang_rai,True,11,57.15,True
2025-03-25,57.15,59.29583333333333,587.25,3.9583333333333335,24.8625,64.0,3.8791666666666664,0.0,961.9666666666667,271.78473494427215,chiang_rai,True,12,53.04583333333333,True
2025-03-26,53.04583333333333,56.041666666666664,561.7916666666666,5.791666666666667,24.504166666666666,63.791666666666664,4.5625,0.0,960.4291666666667,286.90928746730583,chiang_rai,True,13,47.88333333333333,True
2025-03-27,47.88333333333333,51.62083333333334,461.625,7.625,24.9875,56.708333333333336,5.175,0.0,959.2791666666667,267.65804385069777,chiang_rai,True,14,53.15833333333333,True
2025-03-28,53.15833333333333,58.7125,518.1666666666666,10.916666666666666,24.516666666666666,61.625,5.658333333333334,0.0,960.4625,284.2316018289427,chiang_rai,True,15,76.12083333333334,True
2025-03-29,76.12083333333334,84.59166666666667,531.0833333333334,16.583333333333332,25.275000000000002,58.958333333333336,4.2375,0.0,962.6541666666667,296.3330397746158,chiang_rai,True,16,74.34166666666667,True
2025-03-30,74.34166666666667,76.72500000000001,551.625,4.208333333333333,26.03333333333333,63.958333333333336,5.8999999999999995,0.0,964.6541666666667,222.79967522481334,chiang_rai,True,17,40.69583333333333,True
2025-03-31,40.69583333333333,41.137499999999996,568.5,0.6666666666666666,26.958333333333332,67.125,6.504166666666666,0.0,964.8291666666668,195.14565599776628,chiang_rai,True,18,56.9,True
2025-04-01,56.9,57.5375,534.5833333333334,1.0,26.5625,73.45833333333333,5.904166666666666,0.5,965.1208333333334,204.73888942124975,chiang_rai,True,19,65.64166666666667,True
2025-04-02,65.64166666666667,66.47083333333333,607.8333333333334,1.4583333333333333,26.329166666666666,74.25,3.5625,0.2,966.3666666666667,219.81171458747502,chiang_rai,True,20,72.52499999999999,True
2025-04-03,72.52499999999999,73.6375,575.5,1.7083333333333333,26.958333333333332,68.33333333333333,4.2250000000000005,0.0,966.9458333333333,202.89035993575826,chiang_rai,True,21,51.416666666666664,True
2025-04-04,51.416666666666664,52.07083333333333,574.375,1.0,27.545833333333334,65.25,5.7,0.0,964.9,214.77075239581427,chiang_rai,True,22,51.85833333333333,True
2025-04-05,51.85833333333333,52.74166666666667,661.625,1.75,27.008333333333336,70.79166666666667,5.0125,0.0,964.1374999999999,226.18391757632187,chiang_rai,True,23,44.375,True
2025-04-06,44.375,44.85,669.4583333333334,0.4166666666666667,25.054166666666664,79.625,4.541666666666667,0.5,965.3000000000001,315.9101435807502,chiang_rai,True,24,35.40416666666667,False
2025-04-07,35.40416666666667,35.854166666666664,633.4583333333334,0.5833333333333334,24.59583333333333,81.45833333333333,3.1208333333333336,0.9,967.8458333333333,291.5460922751388,chiang_rai,False,0,35.75833333333333,False
2025-04-08,35.75833333333333,36.545833333333334,593.5416666666666,0.625,25.995833333333334,68.95833333333333,3.5375,0.0,968.1791666666667,311.9829710781647,chiang_rai,False,0,32.916666666666664,False
2025-04-09,32.916666666666664,34.295833333333334,455.4583333333333,1.5833333333333333,26.204166666666666,60.125,5.666666666666667,0.0,965.3874999999999,297.92287904988734,chiang_rai,False,0,38.99583333333333,True
2025-04-10,38.99583333333333,40.725,448.4583333333333,2.4583333333333335,27.212500000000002,56.75,5.0375000000000005,0.2,962.7041666666668,258.0030014421909,chiang_rai,True,2,43.291666666666664,True
2025-04-11,43.291666666666664,43.92083333333333,566.2083333333334,0.75,26.491666666666664,70.58333333333333,4.325,0.30000000000000004,961.4458333333333,263.5081956994921,chiang_rai,True,3,21.358333333333334,False
2025-04-12,21.358333333333334,21.770833333333332,439.7916666666667,0.0,27.275000000000002,70.29166666666667,4.104166666666667,0.0,963.15,264.42451388941345,chiang_rai,False,0,36.24166666666667,False
2025-04-13,36.24166666666667,37.108333333333334,443.1666666666667,1.4166666666666667,24.245833333333334,85.91666666666667,4.6000000000000005,42.3,966.6791666666667,7.867728039669146,chiang_rai,False,0,37.11666666666667,False
2025-04-14,37.11666666666667,39.47083333333333,628.0,4.5,23.804166666666664,77.5,4.2625,0.5,967.7958333333332,5.021801329776281,chiang_rai,False,0,39.37083333333333,True
2025-04-15,39.37083333333333,41.1,606.2916666666666,3.375,24.804166666666664,78.33333333333333,3.279166666666667,0.0,966.6333333333333,303.24538089946543,chiang_rai,True,2,25.366666666666664,False
2025-04-16,25.366666666666664,25.754166666666666,359.5416666666667,0.2916666666666667,26.258333333333336,73.75,4.8125,0.0,964.1750000000001,270.31616543999974,chiang_rai,False,0,12.15,False
2025-04-17,12.15,12.291666666666666,367.375,0.0,26.849999999999998,74.20833333333333,4.0,1.4000000000000001,963.1791666666667,261.7438239134468,chiang_rai,False,0,13.120833333333332,False
2025-04-18,13.120833333333332,13.479166666666666,383.0833333333333,0.5,25.670833333333334,77.79166666666667,3.7125,10.5,962.975,283.0815939323373,chiang_rai,False,0,27.675,False
2025-04-19,27.675,31.09166666666667,508.4583333333333,6.333333333333333,26.5625,73.375,3.4333333333333336,0.0,962.7541666666666,221.12091484473942,chiang_rai,False,0,22.6875,False
2025-04-20,22.6875,25.620833333333334,410.4583333333333,5.541666666666667,27.108333333333334,67.20833333333333,6.295833333333333,0.0,963.35,178.97829461248875,chiang_rai,False,0,24.566666666666666,False
2025-04-21,24.566666666666666,28.575,369.375,7.708333333333333,27.8625,63.166666666666664,5.5874999999999995,0.0,964.5749999999999,234.56941464370144,chiang_rai,False,0,24.191666666666666,False
2025-04-22,24.191666666666666,29.008333333333336,381.0416666666667,9.208333333333334,28.037499999999998,65.04166666666667,4.895833333333333,0.3,964.2208333333333,259.07924875230896,chiang_rai,False,0,23.474999999999998,False
2025-04-23,23.474999999999998,27.15833333333333,391.5,7.333333333333333,28.712500000000002,64.41666666666667,4.575,0.0,962.5875,248.15929006408044,chiang_rai,False,0,32.979166666666664,False
2025-04-24,32.979166666666664,38.43333333333333,413.4583333333333,10.666666666666666,29.729166666666668,56.708333333333336,7.120833333333334,0.0,962.0041666666666,233.06232401608412,chiang_rai,False,0,35.5,False
2025-04-25,35.5,42.99583333333334,417.7916666666667,14.75,29.291666666666668,54.791666666666664,4.1875,0.0,962.3208333333333,251.1453651972326,chiang_rai,False,0,36.1625,False
2025-04-26,36.1625,41.49583333333333,420.625,10.375,28.900000000000002,59.208333333333336,5.6499999999999995,0.0,963.3083333333334,231.433010536758,chiang_rai,False,0,34.78333333333333,False
2025-04-27,34.78333333333333,39.13333333333333,432.8333333333333,8.291666666666666,28.4875,65.20833333333333,4.404166666666667,0.1,964.7958333333332,234.01145708331575,chiang_rai,False,0,28.175,False
2025-04-28,28.175,30.854166666666668,448.5,5.208333333333333,26.754166666666666,71.95833333333333,4.645833333333333,0.0,964.5500000000001,203.15563545036204,chiang_rai,False,0,17.491666666666667,False
2025-04-29,17.491666666666667,17.8,469.4166666666667,0.4166666666666667,24.22083333333333,84.20833333333333,4.483333333333333,9.799999999999999,966.2125,179.53083678805058,chiang_rai,False,0,27.866666666666664,False
2025-04-30,27.866666666666664,28.15416666666667,503.4166666666667,0.125,25.183333333333334,82.79166666666667,3.3333333333333335,1.2,966.2791666666667,322.9680187849838,chiang_rai,False,0,29.55,False
2025-05-01,29.55,29.795833333333334,502.7916666666667,0.25,25.287499999999998,77.91666666666667,3.9416666666666664,0.7,967.6125000000001,3.839810817563091,chiang_rai,False,0,26.933333333333334,False
2025-05-02,26.933333333333334,27.116666666666664,468.0,0.0,26.020833333333332,75.08333333333333,4.808333333333334,1.1,966.0458333333332,310.59024063123223,chiang_rai,False,0,17.712500000000002,False
2025-05-03,17.712500000000002,17.945833333333333,375.0833333333333,0.0,26.429166666666664,75.95833333333333,5.454166666666667,0.4,964.0416666666666,259.2653522591471,chiang_rai,False,0,18.525000000000002,False
2025-05-04,18.525000000000002,19.820833333333333,332.0833333333333,2.0416666666666665,26.683333333333334,74.875,5.083333333333333,0.1,962.6,247.66529899106146,chiang_rai,False,0,22.71666666666667,False
2025-05-05,22.71666666666667,26.099999999999998,378.2916666666667,6.333333333333333,27.825,67.95833333333333,4.0125,0.0,962.0791666666668,255.14977749819755,chiang_rai,False,0,26.3,False
2025-05-06,26.3,31.05,367.875,9.0,28.474999999999998,61.25,4.6625000000000005,0.1,961.5666666666666,260.39538648875515,chiang_rai,False,0,21.304166666666667,False
2025-05-07,21.304166666666667,22.995833333333334,359.5416666666667,3.1666666666666665,29.641666666666666,59.291666666666664,5.6000000000000005,0.1,960.8458333333333,203.4701516637596,chiang_rai,False,0,25.6875,False
2025-05-08,25.6875,26.879166666666666,364.4583333333333,2.125,29.108333333333334,65.45833333333333,5.729166666666667,0.7,961.4958333333334,213.56912308561212,chiang_rai,False,0,24.625,False
2025-05-09,24.625,26.479166666666668,431.125,3.625,28.90833333333333,70.04166666666667,4.4875,0.8,961.9166666666666,238.13418714312934,chiang_rai,False,0,33.449999999999996,False
2025-05-10,33.449999999999996,37.829166666666666,407.875,8.416666666666666,28.979166666666668,65.91666666666667,5.3875,0.1,962.1374999999999,223.37992816224508,chiang_rai,False,0,25.391666666666666,False
2025-05-11,25.391666666666666,27.266666666666666,396.2916666666667,3.5,26.958333333333332,76.45833333333333,6.108333333333333,5.1,962.7166666666667,77.11429830037258,chiang_rai,False,0,23.820833333333336,False
2025-05-12,23.820833333333336,25.416666666666668,412.1666666666667,2.9583333333333335,25.566666666666666,80.08333333333333,4.095833333333333,8.0,963.4291666666667,341.2775682362142,chiang_rai,False,0,18.245833333333334,False
2025-05-13,18.245833333333334,18.741666666666667,409.7916666666667,1.0416666666666667,26.133333333333336,77.83333333333333,4.058333333333334,0.8999999999999999,963.7291666666666,207.61679928143482,chiang_rai,False,0,23.97083333333333,False
2025-05-14,23.97083333333333,24.133333333333336,415.75,0.125,26.195833333333336,79.70833333333333,4.104166666666667,8.8,964.8291666666668,204.02228567540823,chiang_rai,False,0,12.487499999999999,False
2025-05-15,12.487499999999999,12.533333333333333,385.7083333333333,0.0,25.016666666666666,88.45833333333333,3.2583333333333333,16.7,965.3583333333332,173.6861596176076,chiang_rai,False,0,22.883333333333336,False
2025-05-16,22.883333333333336,23.02916666666667,455.0,0.0,25.370833333333334,86.95833333333333,3.4333333333333336,1.6,965.3958333333334,259.8771370712287,chiang_rai,False,0,15.483333333333334,False
2025-05-17,15.483333333333334,15.712499999999999,499.625,0.20833333333333334,25.066666666666666,89.66666666666667,3.183333333333333,3.5,965.0416666666666,307.62517830917284,chiang_rai,False,0,13.2125,False
2025-05-18,13.2125,13.375,367.875,0.0,25.587500000000002,85.33333333333333,3.7708333333333335,13.2,964.6750000000001,218.3630168850299,chiang_rai,False,0,11.191666666666668,False
2025-05-19,11.191666666666668,11.270833333333334,326.8333333333333,0.0,26.795833333333334,79.20833333333333,4.175,5.8,963.15,225.94613569825177,chiang_rai,False,0,18.058333333333334,False
2025-05-20,18.058333333333334,18.662499999999998,361.9166666666667,1.1666666666666667,27.525000000000002,79.33333333333333,4.329166666666667,1.0,962.375,202.01154164371275,chiang_rai,False,0,14.054166666666667,False
2025-05-21,14.054166666666667,14.25,380.0,0.0,26.825,83.83333333333333,4.241666666666666,12.1,963.0416666666666,220.92085770850989,chiang_rai,False,0,16.883333333333333,False
2025-05-22,16.883333333333333,17.3,265.9166666666667,0.6666666666666666,27.375,81.54166666666667,4.433333333333334,1.5,961.3541666666666,223.48655345225305,chiang_rai,False,0,16.066666666666666,False
2025-05-23,16.066666666666666,16.308333333333334,307.4166666666667,0.3333333333333333,27.020833333333332,82.79166666666667,4.25,28.900000000000002,960.3666666666667,278.76056076118056,chiang_rai,False,0,9.875,False
2025-05-24,9.875,9.966666666666667,261.1666666666667,0.0,24.858333333333334,90.08333333333333,5.304166666666666,19.8,962.6208333333334,34.86226785993631,chiang_rai,False,0,11.2875,False
2025-05-25,11.2875,11.424999999999999,284.7916666666667,0.125,24.620833333333334,89.5,4.8125,42.0,964.8125,15.956661781841206,chiang_rai,False,0,13.8375,False
2025-05-26,13.8375,13.979166666666666,376.3333333333333,0.08333333333333333,24.491666666666664,89.41666666666667,4.691666666666666,16.9,964.7916666666666,6.430518719898316,chiang_rai,False,0,15.020833333333334,False
2025-05-27,15.020833333333334,15.1,300.5833333333333,0.0,24.358333333333334,90.33333333333333,4.766666666666667,34.4,963.3125,85.34640762205527,chiang_rai,False,0,12.579166666666666,False
2025-05-28,12.579166666666666,12.875,233.95833333333334,0.3333333333333333,25.770833333333332,84.33333333333333,5.566666666666666,10.3,961.9499999999999,185.55810592769228,chiang_rai,False,0,13.979166666666666,False
2025-05-29,13.979166666666666,15.079166666666666,381.7916666666667,1.8333333333333333,25.870833333333334,85.75,4.983333333333333,4.8999999999999995,962.1374999999999,181.62893256853445,chiang_rai,False,0,14.141666666666666,False
2025-05-30,14.141666666666666,15.475,297.25,1.8333333333333333,25.441666666666666,87.95833333333333,5.045833333333333,7.5,962.8541666666666,196.46224355652225,chiang_rai,False,0,9.908333333333333,False
2025-05-31,9.908333333333333,10.333333333333334,258.2916666666667,0.5416666666666666,25.920833333333334,87.5,6.6499999999999995,2.5,963.1125000000001,186.93401786981352,chiang_rai,False,0,9.6875,False
2025-06-01,9.6875,10.041666666666666,256.5416666666667,0.375,26.683333333333334,82.45833333333333,8.925,1.8,961.8249999999999,197.39357224398566,chiang_rai,False,0,11.237499999999999,False
2025-06-02,11.237499999999999,11.958333333333334,263.625,1.2083333333333333,26.808333333333334,81.0,7.925,7.5,960.9916666666667,210.35657557850195,chiang_rai,False,0,12.391666666666666,False
2025-06-03,12.391666666666666,15.6625,336.875,6.291666666666667,25.795833333333334,87.25,4.883333333333334,6.0,961.1416666666668,189.4394716563251,chiang_rai,False,0,27.266666666666666,False
2025-06-04,27.266666666666666,39.24166666666667,487.3333333333333,23.791666666666668,26.691666666666666,83.125,2.8041666666666667,5.8,962.1583333333333,247.56176414945583,chiang_rai,False,0,26.795833333333334,False
2025-06-05,26.795833333333334,36.40416666666667,391.375,19.125,27.15416666666667,80.75,3.845833333333333,0.30000000000000004,962.5791666666668,237.34236302972266,chiang_rai,False,0,28.608333333333334,False
2025-06-06,28.608333333333334,34.11666666666667,381.5833333333333,10.625,27.27916666666667,82.91666666666667,3.5583333333333336,1.1,962.2833333333333,233.4451267455734,chiang_rai,False,0,18.045833333333334,False
2025-06-07,18.045833333333334,19.270833333333332,349.0416666666667,2.0833333333333335,27.825,80.45833333333333,3.0666666666666664,3.2,961.4791666666666,232.48454031328498,chiang_rai,False,0,22.916666666666668,False
2025-06-08,22.916666666666668,23.808333333333334,423.625,1.7916666666666667,27.608333333333334,80.5,3.470833333333333,3.3000000000000003,960.7375000000001,251.2558573418802,chiang_rai,False,0,12.083333333333334,False
2025-06-09,12.083333333333334,12.291666666666666,389.375,0.125,26.941666666666666,84.0,3.9166666666666665,8.5,960.5083333333333,165.7812913812221,chiang_rai,False,0,16.566666666666666,False
2025-06-10,16.566666666666666,16.787499999999998,272.0833333333333,0.20833333333333334,25.754166666666666,88.875,2.8375,9.1,960.7666666666668,126.86731097276362,chiang_rai,False,0,13.791666666666666,False
2025-06-11,13.791666666666666,14.012500000000001,281.7916666666667,0.20833333333333334,25.087500000000002,87.83333333333333,5.2625,21.0,961.3416666666667,30.83708463132814,chiang_rai,False,0,15.379166666666668,False
2025-06-12,15.379166666666668,15.741666666666667,378.5,0.625,26.420833333333334,85.04166666666667,2.2958333333333334,2.0,960.4083333333333,156.95544518038298,chiang_rai,False,0,19.962500000000002,False
2025-06-13,19.962500000000002,20.345833333333335,364.0416666666667,0.8333333333333334,27.1875,82.58333333333333,3.1333333333333333,3.3,960.275,259.8899068867709,chiang_rai,False,0,13.512500000000001,False
2025-06-14,13.512500000000001,13.754166666666668,334.7083333333333,0.16666666666666666,26.1875,86.41666666666667,4.920833333333333,25.099999999999998,960.6541666666667,189.7196072049578,chiang_rai,False,0,10.579166666666667,False
2025-06-15,10.579166666666667,10.841666666666667,279.0,0.2916666666666667,26.145833333333332,85.75,5.395833333333333,6.2,960.9625,189.09111079820386,chiang_rai,False,0,8.666666666666666,False
2025-06-16,8.666666666666666,8.795833333333333,298.1666666666667,0.0,25.849999999999998,87.54166666666667,4.375,21.4,962.025,204.49819544960263,chiang_rai,False,0,11.674999999999999,False
2025-06-17,11.674999999999999,11.799999999999999,371.2083333333333,0.0,26.05,86.75,4.629166666666666,3.9000000000000004,962.8708333333334,188.53163895229827,chiang_rai,False,0,11.020833333333334,False
2025-06-18,11.020833333333334,11.25,294.375,0.20833333333333334,26.02916666666667,87.33333333333333,4.741666666666666,17.4,962.3375,197.15042161712384,chiang_rai,False,0,14.5625,False
2025-06-19,14.5625,18.2625,335.75,6.791666666666667,26.745833333333334,85.125,4.404166666666667,9.4,962.0,220.09126055402223,chiang_rai,False,0,15.420833333333334,False
2025-06-20,15.420833333333334,19.216666666666665,353.4166666666667,7.291666666666667,27.150000000000002,82.08333333333333,3.9458333333333333,1.1,961.3874999999999,242.95462693885491,chiang_rai,False,0,18.7625,False
2025-06-21,18.7625,22.162499999999998,384.5416666666667,6.416666666666667,26.304166666666664,87.45833333333333,3.1833333333333336,7.2,960.7624999999999,276.1815922804254,chiang_rai,False,0,12.637500000000001,False
2025-06-22,12.637500000000001,14.291666666666666,287.4583333333333,3.1666666666666665,25.2625,90.04166666666667,4.1000000000000005,26.799999999999997,961.4333333333334,191.03686802205638,chiang_rai,False,0,12.112499999999999,False
2025-06-23,12.112499999999999,12.700000000000001,260.5833333333333,1.2916666666666667,24.691666666666666,90.58333333333333,4.491666666666666,23.5,961.1458333333334,177.91197921130606,chiang_rai,False,0,13.370833333333332,False
2025-06-24,13.370833333333332,13.883333333333333,275.5,0.7916666666666666,25.566666666666666,86.875,4.3,6.0,961.2375000000001,175.55381113490432,chiang_rai,False,0,16.929166666666667,False
2025-06-25,16.929166666666667,19.054166666666667,322.3333333333333,3.9166666666666665,25.958333333333332,86.41666666666667,2.595833333333333,3.0,962.4250000000001,229.48630566216647,chiang_rai,False,0,13.416666666666666,False
2025-06-26,13.416666666666666,15.65,290.875,4.125,26.45,85.04166666666667,3.658333333333333,6.6,962.1166666666667,246.24724845038935,chiang_rai,False,0,10.516666666666667,False
2025-06-27,10.516666666666667,11.1875,283.0,1.1666666666666667,24.96666666666667,92.08333333333333,4.325,21.3,960.8791666666666,181.72333902259513,chiang_rai,False,0,9.275,False
2025-06-28,9.275,10.141666666666667,321.5833333333333,1.5833333333333333,24.27916666666667,94.0,3.5749999999999997,22.0,959.9583333333334,193.1823777575425,chiang_rai,False,0,12.595833333333333,False
2025-06-29,12.595833333333333,16.1375,350.25,6.458333333333333,24.9875,91.66666666666667,4.533333333333333,14.6,958.9125,186.88615829858395,chiang_rai,False,0,11.9625,False
2025-06-30,11.9625,12.970833333333333,339.2083333333333,2.0416666666666665,25.554166666666664,88.70833333333333,3.641666666666667,10.8,959.2458333333334,200.0174651004612,chiang_rai,False,0,13.454166666666666,False
2025-07-01,13.454166666666666,16.445833333333333,390.5833333333333,5.916666666666667,25.520833333333332,87.70833333333333,3.7916666666666665,7.0,960.275,199.78948389745864,chiang_rai,False,0,12.633333333333333,False
2025-07-02,12.633333333333333,15.279166666666667,309.5416666666667,5.0,25.21666666666667,89.20833333333333,3.358333333333333,14.1,961.4375,129.3875064399823,chiang_rai,False,0,11.545833333333334,False
2025-07-03,11.545833333333334,13.304166666666667,320.2916666666667,3.3333333333333335,24.34583333333333,95.29166666666667,2.6041666666666665,40.7,962.6958333333333,121.40378680062054,chiang_rai,False,0,16.662499999999998,False
2025-07-04,16.662499999999998,21.016666666666666,373.875,8.333333333333334,25.837500000000002,86.125,2.4499999999999997,5.3,962.3249999999999,241.36335023938543,chiang_rai,False,0,16.345833333333335,False
2025-07-05,16.345833333333335,19.5,430.2916666666667,5.958333333333333,25.150000000000002,92.83333333333333,1.8583333333333334,15.9,960.9833333333332,213.62655453122542,chiang_rai,False,0,15.025,False
2025-07-06,15.025,16.745833333333334,312.5416666666667,3.25,24.579166666666666,90.75,3.2125,38.8,960.7833333333333,105.82545898948166,chiang_rai,False,0,13.595833333333333,False
2025-07-07,13.595833333333333,14.9,324.4583333333333,2.5,24.96666666666667,90.45833333333333,3.545833333333333,16.0,960.9208333333332,167.33397062071708,chiang_rai,False,0,14.658333333333333,False
2025-07-08,14.658333333333333,23.09583333333333,393.4583333333333,15.875,25.933333333333334,85.79166666666667,3.716666666666667,6.5,961.0375,227.00030520110087,chiang_rai,False,0,14.154166666666667,False
2025-07-09,14.154166666666667,20.458333333333332,414.5416666666667,12.375,26.179166666666664,85.04166666666667,3.6958333333333333,5.6000000000000005,961.1666666666666,247.35637437947847,chiang_rai,False,0,14.625,False
2025-07-10,14.625,21.829166666666666,342.125,14.166666666666666,26.287499999999998,82.66666666666667,4.458333333333333,1.7000000000000002,958.9250000000001,272.6897917060884,chiang_rai,False,0,13.258333333333333,False
2025-07-11,13.258333333333333,16.8,279.6666666666667,6.75,25.40833333333333,89.29166666666667,3.7541666666666664,23.0,957.1999999999999,260.6228102816366,chiang_rai,False,0,10.304166666666667,False
2025-07-12,10.304166666666667,10.470833333333333,331.8333333333333,0.125,25.224999999999998,89.66666666666667,3.9125,21.4,959.8458333333333,80.68185975674407,chiang_rai,False,0,13.775,False
2025-07-13,13.775,13.975,395.7083333333333,0.2916666666666667,25.704166666666666,88.29166666666667,3.358333333333333,20.6,961.7875,313.5573235039564,chiang_rai,False,0,15.737499999999999,False
2025-07-14,15.737499999999999,16.825,332.8333333333333,2.125,25.879166666666666,89.375,2.6125000000000003,11.4,961.5875,119.86376423593458,chiang_rai,False,0,11.0875,False
2025-07-15,11.0875,12.129166666666668,405.5,1.8333333333333333,25.90833333333333,89.5,3.908333333333333,18.5,960.1374999999999,227.2540227789341,chiang_rai,False,0,10.65,False
2025-07-16,10.65,11.637500000000001,403.5,1.875,25.5125,91.04166666666667,4.3,20.099999999999998,960.2041666666668,182.75816824041638,chiang_rai,False,0,10.391666666666667,False
2025-07-17,10.391666666666667,10.9375,336.9583333333333,1.125,24.729166666666668,94.20833333333333,3.9958333333333336,21.5,961.1833333333334,189.26838977139974,chiang_rai,False,0,11.858333333333334,False
2025-07-18,11.858333333333334,12.258333333333333,298.0416666666667,0.7916666666666666,25.333333333333332,87.91666666666667,3.7583333333333333,7.2,960.4583333333334,203.2960097204688,chiang_rai,False,0,13.866666666666667,False
2025-07-19,13.866666666666667,14.549999999999999,341.875,1.25,26.616666666666664,85.25,3.8208333333333333,1.0,957.7166666666667,212.22883720094276,chiang_rai,False,0,10.304166666666667,False
2025-07-20,10.304166666666667,10.566666666666666,294.75,0.20833333333333334,26.087500000000002,85.91666666666667,3.8125,7.4,957.3625000000001,225.20787570967107,chiang_rai,False,0,10.720833333333333,False
2025-07-21,10.720833333333333,10.9375,341.125,0.20833333333333334,26.508333333333336,85.625,3.9625000000000004,0.6,957.0916666666667,227.37936995287183,chiang_rai,False,0,10.5,False
2025-07-22,10.5,10.645833333333334,344.5,0.0,24.604166666666668,95.33333333333333,2.9291666666666667,24.3,954.9208333333332,206.4098224479258,chiang_rai,False,0,5.933333333333334,False
2025-07-23,5.933333333333334,5.954166666666667,283.2916666666667,0.0,24.525000000000002,94.91666666666667,7.383333333333333,38.6,952.6583333333333,203.67813109622242,chiang_rai,False,0,4.4125000000000005,False
2025-07-24,4.4125000000000005,4.529166666666667,215.95833333333334,0.0,24.3,93.08333333333333,7.454166666666667,20.400000000000002,957.3833333333333,185.04864869986724,chiang_rai,False,0,6.695833333333333,False
2025-07-25,6.695833333333333,6.983333333333333,306.8333333333333,0.125,25.166666666666668,91.0,4.466666666666667,20.1,959.9541666666668,190.44609422328418,chiang_rai,False,0,7.2124999999999995,False
2025-07-26,7.2124999999999995,7.5625,363.4583333333333,0.4166666666666667,25.275000000000002,93.5,3.5,25.9,959.9583333333334,195.18618593627323,chiang_rai,False,0,9.341666666666667,False
2025-07-27,9.341666666666667,9.579166666666667,377.2083333333333,0.5,24.45,94.95833333333333,3.829166666666667,34.4,958.6583333333333,178.46173376932347,chiang_rai,False,0,8.816666666666666,False
2025-07-28,8.816666666666666,8.941666666666666,328.5833333333333,0.20833333333333334,24.21666666666667,94.54166666666667,2.7708333333333335,46.5,957.8166666666666,187.0355977416603,chiang_rai,False,0,10.766666666666666,False
2025-07-29,10.766666666666666,11.262500000000001,337.875,0.875,26.079166666666666,87.45833333333333,4.079166666666667,2.5,958.0749999999999,207.75258708380153,chiang_rai,False,0,10.820833333333333,False
2025-07-30,10.820833333333333,14.862499999999999,310.2916666666667,7.916666666666667,27.004166666666666,84.04166666666667,4.0375000000000005,1.7,958.8916666666668,212.6779370261684,chiang_rai,False,0,12.358333333333334,False
2025-07-31,12.358333333333334,20.287499999999998,339.2083333333333,15.166666666666666,27.15416666666667,80.54166666666667,5.304166666666666,2.4000000000000004,958.9458333333333,240.24499589684925,chiang_rai,False,0,11.8125,False
2025-08-01,11.8125,20.625,358.0416666666667,17.875,26.916666666666668,82.29166666666667,3.625,7.4,958.7624999999999,242.319110367941,chiang_rai,False,0,12.054166666666667,False
2025-08-02,12.054166666666667,18.4375,412.125,12.5,27.15833333333333,83.45833333333333,3.3791666666666664,5.8,960.4208333333332,249.96435847401756,chiang_rai,False,0,15.445833333333333,False
2025-08-03,15.445833333333333,26.95,308.9583333333333,22.125,27.52916666666667,79.20833333333333,4.720833333333333,0.30000000000000004,961.7333333333332,263.6702319519385,chiang_rai,False,0,14.466666666666667,False
2025-08-04,14.466666666666667,22.3625,355.7916666666667,15.125,27.5,75.75,3.875,0.0,961.6750000000001,265.03986385999895,chiang_rai,False,0,10.383333333333333,False
2025-08-05,10.383333333333333,12.825000000000001,285.2083333333333,4.75,26.616666666666664,83.5,3.591666666666667,14.0,961.2541666666666,256.0671793891976,chiang_rai,False,0,10.433333333333334,False
2025-08-06,10.433333333333334,11.7125,381.9166666666667,2.5416666666666665,24.925,94.54166666666667,4.4875,27.6,960.875,204.33012697205746,chiang_rai,False,0,9.854166666666666,False
2025-08-07,9.854166666666666,10.5375,334.2083333333333,1.125,25.066666666666666,89.0,5.104166666666667,7.300000000000001,962.7791666666667,191.3456244542315,chiang_rai,False,0,10.866666666666667,False
2025-08-08,10.866666666666667,11.670833333333334,402.625,1.0416666666666667,25.254166666666666,89.29166666666667,3.0666666666666664,22.3,965.0291666666667,195.4716396638062,chiang_rai,False,0,13.225,False
2025-08-09,13.225,15.170833333333334,332.9583333333333,3.4583333333333335,26.854166666666668,82.08333333333333,3.7375000000000003,0.7000000000000001,963.9499999999999,247.47746907116448,chiang_rai,False,0,10.0875,False
2025-08-10,10.0875,10.720833333333333,343.0,1.0,26.604166666666668,83.54166666666667,4.75,2.4,962.1416666666668,237.5587965179389,chiang_rai,False,0,11.583333333333334,False
2025-08-11,11.583333333333334,11.987499999999999,333.75,1.0,26.22083333333333,89.0,3.1166666666666667,10.7,961.0875,155.6866659407757,chiang_rai,False,0,10.329166666666667,False
2025-08-12,10.329166666666667,10.454166666666667,278.0833333333333,0.125,25.858333333333334,86.95833333333333,3.7083333333333335,5.0,961.6,172.89069598590675,chiang_rai,False,0,12.129166666666668,False
2025-08-13,12.129166666666668,12.416666666666666,420.5416666666667,0.20833333333333334,25.504166666666666,87.95833333333333,2.558333333333333,1.8,963.5833333333334,317.17744973255276,chiang_rai,False,0,8.245833333333334,False
2025-08-14,8.245833333333334,8.420833333333333,368.625,0.125,26.120833333333334,85.33333333333333,3.5708333333333333,4.1,962.1374999999999,251.94143276478306,chiang_rai,False,0,7.666666666666667,False
2025-08-15,7.666666666666667,7.695833333333333,298.0,0.0,25.662499999999998,87.04166666666667,3.1333333333333333,3.4,959.8916666666668,29.686222133104025,chiang_rai,False,0,7.395833333333333,False
2025-08-16,7.395833333333333,7.445833333333333,240.83333333333334,0.0,24.070833333333336,91.5,4.720833333333333,36.0,961.1666666666666,18.444266270493472,chiang_rai,False,0,11.262500000000001,False
2025-08-17,11.262500000000001,11.35,335.25,0.0,24.55,88.25,4.104166666666667,10.7,963.8833333333333,3.087266455389795,chiang_rai,False,0,14.262500000000001,False
2025-08-18,14.262500000000001,14.387500000000001,373.0416666666667,0.0,26.15833333333333,82.41666666666667,3.4625,0.1,963.8708333333334,237.63534979967625,chiang_rai,False,0,11.779166666666667,False
2025-08-19,11.779166666666667,11.966666666666667,367.6666666666667,0.0,26.429166666666664,84.375,3.9333333333333336,1.3,962.8958333333334,202.13905493723576,chiang_rai,False,0,9.383333333333333,False
2025-08-20,9.383333333333333,9.891666666666667,319.8333333333333,0.75,26.28333333333333,86.54166666666667,3.7083333333333335,7.4,963.4583333333334,251.0131068638775,chiang_rai,False,0,8.429166666666667,False
2025-08-21,8.429166666666667,9.0375,392.3333333333333,0.9583333333333334,25.791666666666668,88.58333333333333,2.2416666666666667,5.1,964.0749999999999,148.25879449859679,chiang_rai,False,0,10.541666666666666,False
2025-08-22,10.541666666666666,11.25,325.375,1.125,25.53333333333333,88.25,2.891666666666667,7.0,963.5208333333334,90.79502718280969,chiang_rai,False,0,7.5874999999999995,False
2025-08-23,7.5874999999999995,7.825,302.5,0.2916666666666667,24.516666666666666,91.29166666666667,3.1833333333333336,10.5,963.5416666666666,78.48299474867355,chiang_rai,False,0,11.887500000000001,False
2025-08-24,11.887500000000001,12.066666666666668,335.875,0.0,25.325,87.91666666666667,2.495833333333333,12.0,963.0416666666666,46.705530451115294,chiang_rai,False,0,8.8375,False
2025-08-25,8.8375,8.929166666666667,375.3333333333333,0.0,25.891666666666666,84.29166666666667,4.558333333333334,6.0,960.9583333333334,340.3483089965345,chiang_rai,False,0,8.833333333333334,False
2025-08-26,8.833333333333334,8.9375,287.0,0.0,24.599999999999998,88.625,5.329166666666667,16.2,959.8416666666667,269.28242153525997,chiang_rai,False,0,10.908333333333333,False
2025-08-27,10.908333333333333,10.970833333333333,281.0416666666667,0.0,23.604166666666668,93.08333333333333,4.825,20.8,961.1791666666667,179.0266757386055,chiang_rai,False,0,5.158333333333333,False
2025-08-28,5.158333333333333,5.191666666666666,351.4166666666667,0.0,24.104166666666668,92.0,3.8333333333333335,25.400000000000002,962.8958333333334,189.36944497039127,chiang_rai,False,0,6.416666666666667,False
2025-08-29,6.416666666666667,6.4375,389.5416666666667,0.0,25.3875,86.95833333333333,3.1125000000000003,4.9,964.0625,10.655366303382323,chiang_rai,False,0,11.095833333333333,False
2025-08-30,11.095833333333333,11.170833333333334,347.3333333333333,0.0,25.366666666666664,87.29166666666667,5.295833333333333,9.2,962.9958333333334,328.2841193731741,chiang_rai,False,0,8.979166666666666,False
2025-08-31,8.979166666666666,9.054166666666667,262.75,0.0,25.212500000000002,88.41666666666667,7.770833333333333,25.3,960.7208333333333,344.0271858948188,chiang_rai,False,0,10.829166666666666,False
2025-09-01,10.829166666666666,10.895833333333334,316.9166666666667,0.0,24.75,87.79166666666667,3.3166666666666664,3.7,962.0,11.795595067108025,chiang_rai,False,0,7.445833333333333,False
2025-09-02,7.445833333333333,7.495833333333334,375.9583333333333,0.0,25.05,88.45833333333333,3.2249999999999996,6.5,962.6958333333333,265.6424306912363,chiang_rai,False,0,8.579166666666667,False
2025-09-03,8.579166666666667,8.637500000000001,424.3333333333333,0.0,25.849999999999998,88.125,2.6666666666666665,1.1,963.2041666666668,174.90961114143363,chiang_rai,False,0,5.2875000000000005,False
2025-09-04,5.2875000000000005,5.2875000000000005,435.875,0.0,27.170833333333334,82.20833333333333,3.433333333333333,0.6,962.6583333333333,244.1005678588469,chiang_rai,False,0,6.808333333333334,False
2025-09-05,6.808333333333334,6.816666666666666,345.5833333333333,0.0,27.1875,83.75,3.6999999999999997,0.6000000000000001,962.9458333333333,179.52644825839366,chiang_rai,False,0,9.695833333333333,False
2025-09-06,9.695833333333333,9.708333333333334,436.375,0.0,26.4875,85.58333333333333,3.5666666666666664,1.7000000000000002,963.5833333333334,246.17823588423676,chiang_rai,False,0,10.216666666666667,False
2025-09-07,10.216666666666667,10.254166666666666,403.0833333333333,0.0,25.729166666666668,87.91666666666667,2.5083333333333333,9.9,962.9,6.427990335640288,chiang_rai,False,0,8.6625,False
2025-09-08,8.6625,8.674999999999999,394.2916666666667,0.0,26.0,85.125,3.225,0.30000000000000004,962.5124999999999,135.8986848665063,chiang_rai,False,0,6.6125,False
2025-09-09,6.6125,6.629166666666666,400.1666666666667,0.0,25.808333333333334,85.66666666666667,3.920833333333333,0.9,963.4583333333334,160.00871401282473,chiang_rai,False,0,4.783333333333333,False
2025-09-10,4.783333333333333,4.820833333333334,311.0416666666667,0.0,24.633333333333336,90.5,4.325,8.4,963.975,141.06828164274884,chiang_rai,False,0,6.379166666666666,False
2025-09-11,6.379166666666666,6.4375,328.0,0.0,24.52916666666667,91.16666666666667,4.570833333333334,25.3,964.6166666666667,157.61271388943976,chiang_rai,False,0,7.358333333333333,False
2025-09-12,7.358333333333333,7.595833333333334,322.75,0.3333333333333333,25.133333333333336,88.5,3.345833333333333,14.4,965.2083333333334,211.95025519759355,chiang_rai,False,0,6.604166666666667,False
2025-09-13,6.604166666666667,6.7250000000000005,301.75,0.0,24.358333333333334,92.95833333333333,2.9625,9.3,965.625,301.15319951442433,chiang_rai,False,0,9.654166666666667,False
2025-09-14,9.654166666666667,9.862499999999999,379.0,0.0,25.09166666666667,87.875,3.404166666666667,3.0,965.9083333333333,258.90373965131886,chiang_rai,False,0,7.620833333333334,False
2025-09-15,7.620833333333334,7.666666666666667,405.875,0.0,25.400000000000002,85.41666666666667,3.404166666666667,1.1,965.5333333333333,332.5541955680036,chiang_rai,False,0,4.625,False
2025-09-16,4.625,4.6375,399.6666666666667,0.0,24.9375,87.91666666666667,3.1458333333333335,11.200000000000001,965.9083333333333,51.093572717601205,chiang_rai,False,0,10.833333333333334,False
2025-09-17,10.833333333333334,10.854166666666666,374.1666666666667,0.0,25.866666666666664,83.95833333333333,2.7875,0.30000000000000004,964.1791666666667,207.07588493569057,chiang_rai,False,0,8.683333333333334,False
2025-09-18,8.683333333333334,8.708333333333334,418.875,0.0,26.1375,84.08333333333333,3.6625,4.6,963.5041666666666,9.61125211095981,chiang_rai,False,0,6.695833333333333,False
2025-09-19,6.695833333333333,6.754166666666666,351.375,0.0,25.570833333333336,85.70833333333333,4.258333333333334,25.0,963.8541666666666,51.968072027789674,chiang_rai,False,0,5.491666666666667,False
2025-09-20,5.491666666666667,5.529166666666666,297.25,0.0,25.09583333333333,89.0,2.983333333333334,6.8,963.2375000000001,93.94160076397526,chiang_rai,False,0,7.3500000000000005,False
2025-09-21,7.3500000000000005,7.391666666666667,404.6666666666667,0.0,24.754166666666666,90.33333333333333,2.279166666666667,5.3999999999999995,962.75,130.550179580374,chiang_rai,False,0,7.0125,False
2025-09-22,7.0125,7.079166666666667,280.2083333333333,0.0,24.829166666666666,91.70833333333333,2.4375,10.5,962.9083333333333,178.337702503419,chiang_rai,False,0,5.3,False
2025-09-23,5.3,5.329166666666667,233.54166666666666,0.0,25.233333333333334,87.54166666666667,3.6041666666666665,16.4,961.8416666666667,121.43678003746209,chiang_rai,False,0,5.554166666666667,False
2025-09-24,5.554166666666667,5.558333333333334,286.8333333333333,0.0,24.633333333333336,90.66666666666667,4.829166666666667,28.5,960.5833333333334,11.74049143618754,chiang_rai,False,0,5.55,False
2025-09-25,5.55,5.566666666666666,321.3333333333333,0.0,25.474999999999998,87.375,3.0500000000000003,7.699999999999999,960.5375,163.61010469613643,chiang_rai,False,0,6.295833333333333,False
2025-09-26,6.295833333333333,6.316666666666666,261.0416666666667,0.0,24.712500000000002,89.125,5.304166666666666,17.6,963.7583333333333,13.510190319957985,chiang_rai,False,0,7.391666666666667,False
2025-09-27,7.391666666666667,7.416666666666667,403.9166666666667,0.0,24.129166666666666,91.45833333333333,4.483333333333333,45.5,966.4625,323.8425903087584,chiang_rai,False,0,11.445833333333333,False
2025-09-28,11.445833333333333,11.629166666666668,347.6666666666667,0.0,26.170833333333334,80.08333333333333,6.2375,0.0,963.5124999999999,338.50055134724255,chiang_rai,False,0,5.8374999999999995,False
2025-09-29,5.8374999999999995,5.95,308.4583333333333,0.0,26.879166666666666,76.29166666666667,5.929166666666667,0.3,958.8625000000001,349.0914968994889,chiang_rai,False,0,5.620833333333334,False
2025-09-30,5.620833333333334,5.716666666666666,249.16666666666666,0.0,23.587500000000002,94.54166666666667,5.966666666666666,31.900000000000002,962.0,177.21240024558756,chiang_rai,False,0,4.491666666666666,False
2025-10-01,4.491666666666666,4.566666666666666,271.25,0.0,23.325,93.54166666666667,4.529166666666667,23.5,966.0625,159.37285133653324,chiang_rai,False,0,6.8625,False
2025-10-02,6.8625,7.075,283.8333333333333,0.2916666666666667,25.27916666666667,87.625,2.7708333333333335,1.2000000000000002,967.3874999999999,293.1679720708663,chiang_rai,False,0,7.9125000000000005,False
2025-10-03,7.9125000000000005,8.254166666666666,340.2083333333333,0.2916666666666667,26.150000000000002,84.45833333333333,3.845833333333333,0.1,966.4250000000001,272.99142816286303,chiang_rai,False,0,5.158333333333333,False
2025-10-04,5.158333333333333,5.333333333333333,333.1666666666667,0.0,25.474999999999998,89.375,3.545833333333333,3.1999999999999997,966.3625000000001,220.8032274289221,chiang_rai,False,0,5.833333333333333,False
2025-10-05,5.833333333333333,5.958333333333333,310.1666666666667,0.0,25.895833333333332,85.5,3.5375,2.0,965.5333333333333,185.59384089879904,chiang_rai,False,0,7.941666666666666,False
2025-10-06,7.941666666666666,8.004166666666666,318.2916666666667,0.0,26.162499999999998,84.95833333333333,4.591666666666667,1.5,963.5958333333333,255.24525033897146,chiang_rai,False,0,11.333333333333334,False
2025-10-07,11.333333333333334,11.508333333333333,368.9583333333333,0.25,24.71666666666667,92.25,2.533333333333333,4.3,965.1916666666666,228.2746619751401,chiang_rai,False,0,6.466666666666666,False
2025-10-08,6.466666666666666,6.529166666666666,334.2083333333333,0.0,24.491666666666664,88.41666666666667,3.6291666666666664,7.300000000000001,967.275,214.57089352500262,chiang_rai,False,0,6.504166666666666,False
2025-10-09,6.504166666666666,6.541666666666667,386.375,0.0,25.195833333333336,85.41666666666667,3.1041666666666665,2.7,967.0958333333333,14.925071989423543,chiang_rai,False,0,6.816666666666666,False
2025-10-10,6.816666666666666,6.908333333333334,384.9583333333333,0.0,25.724999999999998,82.375,2.9125,0.5,966.4208333333332,1.8293492112792933,chiang_rai,False,0,10.825000000000001,False
2025-10-11,10.825000000000001,10.970833333333333,406.9166666666667,0.0,26.025000000000002,78.875,2.970833333333333,0.2,965.6458333333334,7.157900589846861,chiang_rai,False,0,10.049999999999999,False
2025-10-12,10.049999999999999,10.104166666666666,392.4166666666667,0.0,26.108333333333334,78.58333333333333,2.5125,0.0,965.2125,309.243805167446,chiang_rai,False,0,10.141666666666667,False
2025-10-13,10.141666666666667,10.208333333333334,433.625,0.0,25.758333333333336,82.45833333333333,1.9708333333333332,4.2,965.6374999999999,309.15607183315717,chiang_rai,False,0,9.383333333333333,False
2025-10-14,9.383333333333333,9.441666666666666,417.0416666666667,0.0,24.941666666666666,86.79166666666667,2.4,2.8,965.5166666666668,34.918118533605025,chiang_rai,False,0,5.5249999999999995,False
2025-10-15,5.5249999999999995,5.554166666666667,286.0,0.0,23.8,91.20833333333333,3.8041666666666667,38.3,965.8166666666666,10.051519638879597,chiang_rai,False,0,7.620833333333334,False
2025-10-16,7.620833333333334,7.654166666666666,321.6666666666667,0.0,24.075,90.33333333333333,3.3833333333333333,15.1,967.2666666666668,47.62177720128926,chiang_rai,False,0,9.625,False
2025-10-17,9.625,9.737499999999999,341.4166666666667,0.0,24.791666666666668,87.66666666666667,3.795833333333333,2.0,967.9125,341.14517466032595,chiang_rai,False,0,12.216666666666667,False
2025-10-18,12.216666666666667,12.329166666666666,342.9583333333333,0.0,25.45,82.29166666666667,3.725,0.7,967.0541666666667,344.0258663125696,chiang_rai,False,0,10.762500000000001,False
2025-10-19,10.762500000000001,10.845833333333333,310.0416666666667,0.0,25.675,78.0,4.541666666666667,0.0,966.3666666666667,359.17025725298544,chiang_rai,False,0,11.141666666666666,False
2025-10-20,11.141666666666666,11.170833333333334,365.375,0.0,25.320833333333336,77.0,4.129166666666666,0.0,966.6333333333333,344.2743799618622,chiang_rai,False,0,15.1875,False
2025-10-21,15.1875,15.216666666666667,401.9166666666667,0.0,24.995833333333334,76.16666666666667,6.208333333333333,0.2,967.4166666666666,351.8620699947518,chiang_rai,False,0,11.970833333333333,False
2025-10-22,11.970833333333333,11.975,413.875,0.0,24.150000000000002,72.41666666666667,8.204166666666667,0.0,968.7208333333333,11.297303022692802,chiang_rai,False,0,10.637500000000001,False
2025-10-23,10.637500000000001,10.6625,352.2916666666667,0.0,23.695833333333336,72.33333333333333,7.791666666666667,0.0,969.1708333333332,1.7706282010133236,chiang_rai,False,0,9.200000000000001,False
2025-10-24,9.200000000000001,9.237499999999999,370.7916666666667,0.0,23.9875,72.875,7.3374999999999995,0.0,968.9375,7.194890627187647,chiang_rai,False,0,6.170833333333333,False
2025-10-25,6.170833333333333,6.1875,382.4583333333333,0.0,23.641666666666666,77.79166666666667,4.875,0.2,968.4875000000001,356.8028103699578,chiang_rai,False,0,8.008333333333333,False
2025-10-26,8.008333333333333,8.029166666666667,373.7916666666667,0.0,23.854166666666668,77.58333333333333,5.845833333333334,0.0,968.7041666666668,353.73554263140795,chiang_rai,False,0,11.558333333333332,False
2025-10-27,11.558333333333332,11.5875,345.375,0.0,23.054166666666664,76.66666666666667,6.4875,0.0,969.1791666666667,337.6427257660216,chiang_rai,False,0,9.9125,False
2025-10-28,9.9125,9.9375,335.25,0.0,23.733333333333334,74.625,6.391666666666667,0.0,968.8041666666667,336.8053936500305,chiang_rai,False,0,9.795833333333333,False
2025-10-29,9.795833333333333,9.825000000000001,377.125,0.0,23.958333333333332,77.45833333333333,4.679166666666666,0.0,967.9375,334.2421558239068,chiang_rai,False,0,9.950000000000001,False
2025-10-30,9.950000000000001,9.987499999999999,361.2916666666667,0.0,24.733333333333334,76.70833333333333,5.579166666666667,0.0,967.6458333333334,339.88153746910007,chiang_rai,False,0,7.658333333333334,False
2025-10-31,7.658333333333334,7.675,376.5416666666667,0.0,25.287499999999998,78.08333333333333,6.0,9.5,967.8916666666668,1.0317724629302347,chiang_rai,False,0,5.4375,False
2025-11-01,5.4375,5.470833333333334,301.7083333333333,0.0,23.8625,90.16666666666667,4.4125000000000005,53.1,968.0291666666667,301.2919171934142,chiang_rai,False,0,5.825,False
2025-11-02,5.825,5.9125000000000005,362.5833333333333,0.0,24.212500000000002,87.41666666666667,4.4750000000000005,9.2,967.1750000000001,17.05108850847796,chiang_rai,False,0,10.854166666666666,False
2025-11-03,10.854166666666666,10.983333333333334,409.0,0.0,23.258333333333336,92.16666666666667,3.766666666666667,23.3,966.6958333333333,356.50790059204576,chiang_rai,False,0,8.570833333333333,False
2025-11-04,8.570833333333333,8.6,473.625,0.0,23.541666666666668,85.33333333333333,5.308333333333334,15.9,967.1875,352.01729055722006,chiang_rai,False,0,12.7125,False
2025-11-05,12.7125,12.758333333333333,523.625,0.0,23.925,79.5,3.5083333333333333,0.2,966.2083333333334,7.268459243535517,chiang_rai,False,0,16.491666666666667,False
2025-11-06,16.491666666666667,16.554166666666667,445.8333333333333,0.0,24.8125,80.91666666666667,2.558333333333333,1.6,965.5708333333333,292.96280926100104,chiang_rai,False,0,18.683333333333334,False
2025-11-07,18.683333333333334,18.724999999999998,397.2916666666667,0.0,24.875,82.0,5.075,0.0,964.4958333333334,335.71351592649256,chiang_rai,False,0,7.945833333333333,False
2025-11-08,7.945833333333333,7.995833333333334,297.5416666666667,0.0,24.72083333333333,84.45833333333333,6.195833333333333,31.0,965.4250000000001,4.462972360325409,chiang_rai,False,0,5.675,False
2025-11-09,5.675,5.683333333333334,402.2083333333333,0.0,23.329166666666666,90.91666666666667,2.9250000000000003,21.8,965.8583333333332,8.922325843455553,chiang_rai,False,0,5.941666666666666,False
2025-11-10,5.941666666666666,5.958333333333333,431.4583333333333,0.0,23.795833333333334,89.70833333333333,3.341666666666667,13.2,965.5583333333334,311.3685189324264,chiang_rai,False,0,10.254166666666666,False
2025-11-11,10.254166666666666,10.275,473.5416666666667,0.0,24.379166666666666,87.29166666666667,2.0625,1.2,965.275,333.9914704870904,chiang_rai,False,0,16.554166666666667,False
2025-11-12,16.554166666666667,16.579166666666666,459.3333333333333,0.0,24.46666666666667,79.83333333333333,3.0625,0.0,966.6875,346.7515871219251,chiang_rai,False,0,12.429166666666667,False
2025-11-13,12.429166666666667,12.450000000000001,496.2916666666667,0.0,24.2625,81.41666666666667,3.0416666666666665,0.30000000000000004,968.625,3.2614297308921323,chiang_rai,False,0,8.554166666666667,False
2025-11-14,8.554166666666667,8.566666666666666,586.5416666666666,0.0,23.724999999999998,85.79166666666667,3.4166666666666665,3.7,968.9666666666667,71.55411768136429,chiang_rai,False,0,11.841666666666667,False
2025-11-15,11.841666666666667,11.841666666666667,454.6666666666667,0.0,23.4875,83.95833333333333,4.795833333333333,1.9,970.6458333333334,13.69521245961488,chiang_rai,False,0,7.229166666666667,False
2025-11-16,7.229166666666667,7.295833333333333,382.2083333333333,0.0,22.52916666666667,74.54166666666667,6.604166666666667,0.0,972.0749999999999,348.14366193601063,chiang_rai,False,0,9.266666666666667,False
2025-11-17,9.266666666666667,9.445833333333333,335.6666666666667,0.0,22.912499999999998,76.625,6.441666666666666,17.6,971.7333333333332,351.067166567445,chiang_rai,False,0,10.691666666666668,False
2025-11-18,10.691666666666668,10.775,340.3333333333333,0.0,21.0125,92.41666666666667,5.8999999999999995,21.9,971.8166666666666,347.38833020594603,chiang_rai,False,0,3.9416666666666664,False
2025-11-19,3.9416666666666664,3.954166666666667,336.4166666666667,0.0,19.095833333333335,78.79166666666667,12.266666666666666,1.2000000000000002,973.8541666666666,13.401965488513667,chiang_rai,False,0,5.379166666666666,False
2025-11-20,5.379166666666666,5.408333333333334,432.3333333333333,0.0,19.3875,73.58333333333333,7.479166666666667,0.0,973.7833333333333,9.60859309170678,chiang_rai,False,0,7.704166666666667,False
2025-11-21,7.704166666666667,7.75,448.8333333333333,0.0,19.875,71.375,7.433333333333334,0.0,974.0083333333333,1.6119206441528036,chiang_rai,False,0,6.795833333333333,False
2025-11-22,6.795833333333333,6.854166666666667,394.375,0.0,19.212500000000002,75.875,5.6499999999999995,0.0,972.0,346.1000543856978,chiang_rai,False,0,7.341666666666666,False
2025-11-23,7.341666666666666,7.3625,403.125,0.0,19.716666666666665,78.0,3.845833333333333,0.0,971.2416666666667,350.03221739018056,chiang_rai,False,0,6.9750000000000005,False
2025-11-24,6.9750000000000005,7.033333333333334,350.3333333333333,0.0,19.841666666666665,76.29166666666667,5.616666666666667,0.0,971.1125000000001,339.9600222993708,chiang_rai,False,0,8.808333333333334,False
2025-11-25,8.808333333333334,8.895833333333334,399.75,0.0,19.679166666666667,69.375,8.2125,0.0,971.7833333333333,6.58976942311898,chiang_rai,False,0,12.725,False
2025-11-26,12.725,13.041666666666666,387.4583333333333,0.625,18.008333333333333,73.70833333333333,5.791666666666667,0.0,971.2375000000001,344.7993004578582,chiang_rai,False,0,11.4125,False
2025-11-27,11.4125,11.716666666666667,318.7083333333333,0.5833333333333334,18.125,66.16666666666667,9.525,0.0,973.4,11.001598340475368,chiang_rai,False,0,7.0,False
2025-11-28,7.0,7.1375,338.0416666666667,0.2916666666666667,16.408333333333335,64.16666666666667,6.5125,0.0,971.2875,344.9348415766143,chiang_rai,False,0,6.795833333333333,False
2025-11-29,6.795833333333333,6.916666666666667,370.7083333333333,0.0,16.054166666666667,66.70833333333333,3.220833333333333,0.0,968.7291666666666,353.06544700186026,chiang_rai,False,0,11.279166666666667,False
2025-11-30,11.279166666666667,11.404166666666667,406.4583333333333,0.0,16.408333333333335,74.58333333333333,2.9916666666666667,0.0,968.1125000000001,346.6669414230452,chiang_rai,False,0,14.291666666666666,False
2025-12-01,14.291666666666666,14.320833333333333,456.7916666666667,0.0,17.729166666666668,79.625,2.6083333333333334,0.0,968.0708333333333,347.08081464767923,chiang_rai,False,0,14.545833333333334,False
2025-12-02,14.545833333333334,14.566666666666668,491.9583333333333,0.0,18.629166666666666,82.20833333333333,2.9791666666666665,0.0,967.5749999999999,342.5264965733682,chiang_rai,False,0,14.479166666666666,False
2025-12-03,14.479166666666666,14.529166666666667,450.9583333333333,0.0,19.641666666666666,80.33333333333333,4.166666666666667,0.0,969.7125,352.9639431493596,chiang_rai,False,0,10.075000000000001,False
2025-12-04,10.075000000000001,10.116666666666667,412.9583333333333,0.0,20.416666666666668,74.95833333333333,2.4833333333333334,0.0,970.525,334.9259246960862,chiang_rai,False,0,13.470833333333333,False
2025-12-05,13.470833333333333,13.479166666666666,448.9583333333333,0.0,21.004166666666666,79.08333333333333,2.4541666666666666,0.0,971.0583333333334,338.5434668569003,chiang_rai,False,0,17.070833333333333,False
2025-12-06,17.070833333333333,17.129166666666666,446.5833333333333,0.0,22.183333333333334,79.75,2.8249999999999997,0.0,970.1374999999999,297.6295488003475,chiang_rai,False,0,20.158333333333335,False
2025-12-07,20.158333333333335,20.245833333333334,503.125,0.0,22.075,83.875,2.7624999999999997,0.4,969.5625,357.09542160678177,chiang_rai,False,0,15.416666666666666,False
2025-12-08,15.416666666666666,15.645833333333334,412.2916666666667,0.375,21.829166666666666,79.08333333333333,3.420833333333334,0.7,970.6541666666667,0.1681578361630045,chiang_rai,False,0,16.162499999999998,False
2025-12-09,16.162499999999998,16.516666666666666,496.375,0.5833333333333334,20.733333333333334,74.79166666666667,3.5625,0.0,970.5041666666666,10.774616125381613,chiang_rai,False,0,12.3125,False
2025-12-10,12.3125,12.566666666666668,467.375,0.375,19.716666666666665,74.5,2.7583333333333333,0.0,970.6750000000001,351.17416452516017,chiang_rai,False,0,15.625,False
2025-12-11,15.625,15.854166666666666,513.4166666666666,0.25,19.783333333333335,73.54166666666667,3.654166666666667,0.1,970.1875,4.0803328177144635,chiang_rai,False,0,16.545833333333334,False
2025-12-12,16.545833333333334,16.854166666666668,445.875,0.0,20.566666666666666,80.08333333333333,2.3541666666666665,0.8,969.7791666666667,9.31015546457462,chiang_rai,False,0,15.762500000000001,False
2025-12-13,15.762500000000001,15.958333333333334,383.25,0.0,20.841666666666665,82.04166666666667,5.166666666666667,0.0,970.1291666666666,345.3358194087413,chiang_rai,False,0,9.079166666666667,False
2025-12-14,9.079166666666667,9.112499999999999,536.625,0.0,21.5625,78.54166666666667,5.3500000000000005,0.0,970.8625000000001,351.7613791935503,chiang_rai,False,0,13.954166666666666,False
2025-12-15,13.954166666666666,13.9625,546.3333333333334,0.0,21.108333333333334,81.66666666666667,2.6999999999999997,0.1,970.2291666666666,344.0172278391876,chiang_rai,False,0,15.825000000000001,False
2025-12-16,15.825000000000001,15.879166666666668,457.25,0.0,21.212500000000002,79.25,2.6,0.30000000000000004,969.25,335.5271570622999,chiang_rai,False,0,13.637500000000001,False
2025-12-17,13.637500000000001,13.754166666666668,421.9583333333333,0.041666666666666664,20.641666666666666,81.875,5.395833333333333,0.7,970.3666666666667,354.37766532329607,chiang_rai,False,0,11.358333333333334,False
2025-12-18,11.358333333333334,12.304166666666667,420.375,1.7916666666666667,19.8875,83.29166666666667,4.745833333333334,2.4,970.7541666666666,357.0604878795956,chiang_rai,False,0,13.795833333333334,False
2025-12-19,13.795833333333334,14.341666666666667,422.375,0.7916666666666666,20.091666666666665,81.33333333333333,2.3958333333333335,0.1,968.6,322.16622377198564,chiang_rai,False,0,18.150000000000002,False
2025-12-20,18.150000000000002,18.724999999999998,453.2916666666667,1.125,20.120833333333334,77.04166666666667,2.783333333333333,0.0,967.9208333333332,0.8091980201950264,chiang_rai,False,0,11.033333333333333,False
2025-12-21,11.033333333333333,11.258333333333333,337.7083333333333,0.3333333333333333,19.7,73.29166666666667,5.041666666666667,0.0,969.8708333333334,338.0669485182197,chiang_rai,False,0,10.641666666666667,False
2025-12-22,10.641666666666667,10.904166666666667,366.0833333333333,0.2916666666666667,19.908333333333335,69.5,2.5,0.0,968.775,340.55588158482357,chiang_rai,False,0,11.049999999999999,False
2025-12-23,11.049999999999999,11.254166666666668,390.0416666666667,0.20833333333333334,20.216666666666665,77.45833333333333,2.725,0.0,967.1166666666667,337.0280003898179,chiang_rai,False,0,16.404166666666665,False
2025-12-24,16.404166666666665,16.724999999999998,405.5833333333333,0.3333333333333333,21.266666666666666,78.45833333333333,2.7458333333333336,0.1,966.8333333333334,4.362577786044426,chiang_rai,False,0,19.283333333333335,False
2025-12-25,19.283333333333335,19.95,391.875,1.5,21.220833333333335,73.95833333333333,3.5416666666666665,0.0,968.2125,352.2077763037393,chiang_rai,False,0,15.720833333333333,False
2025-12-26,15.720833333333333,16.291666666666668,443.9166666666667,1.1666666666666667,20.958333333333332,71.375,2.7624999999999997,0.0,968.3291666666668,285.6954192605741,chiang_rai,False,0,11.625,False
2025-12-27,11.625,11.866666666666667,476.4166666666667,0.125,20.5125,75.0,2.2291666666666665,0.0,968.7916666666666,258.41689436509785,chiang_rai,False,0,14.862499999999999,False
2025-12-28,14.862499999999999,14.958333333333334,438.125,0.0,20.516666666666666,72.83333333333333,2.5124999999999997,0.0,969.25,308.7907502417464,chiang_rai,False,0,14.533333333333333,False
2025-12-29,14.533333333333333,14.591666666666667,425.75,0.0,20.349999999999998,73.33333333333333,2.1083333333333334,0.0,967.9499999999999,327.14803022489644,chiang_rai,False,0,15.7125,False
2025-12-30,15.7125,15.758333333333333,428.8333333333333,0.0,19.825,74.54166666666667,3.4166666666666665,0.0,966.8208333333333,326.7310892711821,chiang_rai,False,0,24.854166666666668,False
2025-12-31,24.854166666666668,24.941666666666666,437.7083333333333,0.0,19.829166666666666,77.125,2.4375,0.0,965.2125,352.3833618109837,chiang_rai,False,0,31.175,False
2026-01-01,31.175,31.195833333333336,452.3333333333333,0.0,20.079166666666666,79.66666666666667,2.5083333333333333,0.0,966.85,355.9479516582454,chiang_rai,False,0,26.954166666666666,False
2026-01-02,26.954166666666666,27.03333333333333,444.875,0.0,20.366666666666667,73.375,3.4583333333333335,0.0,969.5166666666668,259.1600397464731,chiang_rai,False,0,11.700000000000001,False
2026-01-03,11.700000000000001,11.845833333333333,514.7083333333334,0.0,20.095833333333335,71.5,4.625,0.0,970.5666666666666,219.44257500139992,chiang_rai,False,0,12.408333333333333,False
2026-01-04,12.408333333333333,12.575000000000001,515.5,0.0,20.045833333333334,73.79166666666667,2.2958333333333334,0.0,970.3083333333334,320.6685382116591,chiang_rai,False,0,16.095833333333335,False
2026-01-05,16.095833333333335,16.254166666666666,486.4166666666667,0.0,19.9875,73.875,2.1708333333333334,0.0,970.6374999999999,308.2087098337268,chiang_rai,False,0,13.470833333333333,False
2026-01-06,13.470833333333333,13.570833333333333,536.9166666666666,0.0,19.708333333333332,68.875,2.5791666666666666,0.0,971.4499999999999,8.255542873759225,chiang_rai,False,0,14.1875,False
2026-01-07,14.1875,14.345833333333333,614.6666666666666,0.0,18.9375,70.58333333333333,3.1041666666666665,0.0,972.7624999999999,15.615567568172139,chiang_rai,False,0,9.5375,False
2026-01-08,9.5375,9.595833333333333,535.25,0.0,18.1875,71.79166666666667,4.479166666666667,0.0,973.9583333333334,350.61110539599093,chiang_rai,False,0,8.487499999999999,False
2026-01-09,8.487499999999999,8.633333333333333,539.4166666666666,0.0,17.650000000000002,68.83333333333333,2.3625000000000003,0.0,972.7375000000001,22.155963929426434,chiang_rai,False,0,12.083333333333334,False
2026-01-10,12.083333333333334,12.166666666666666,496.8333333333333,0.0,17.620833333333334,70.08333333333333,2.495833333333333,0.0,970.9291666666667,298.0695637324359,chiang_rai,False,0,18.537499999999998,False
2026-01-11,18.537499999999998,18.741666666666667,556.8333333333334,0.0,18.325,69.91666666666667,2.591666666666667,0.0,972.9,16.750620472818923,chiang_rai,False,0,16.025000000000002,False
2026-01-12,16.025000000000002,16.150000000000002,542.125,0.0,18.162499999999998,73.04166666666667,2.9333333333333336,0.0,972.0916666666667,319.96561143791786,chiang_rai,False,0,20.683333333333334,False
2026-01-13,20.683333333333334,20.829166666666666,464.2916666666667,0.0,19.125,74.66666666666667,2.6875,0.0,970.6708333333332,322.3638865812008,chiang_rai,False,0,20.5625,False
2026-01-14,20.5625,20.645833333333332,502.7916666666667,0.0,20.025000000000002,75.25,2.6041666666666665,0.1,968.3083333333334,328.23394851211947,chiang_rai,False,0,24.02916666666667,False
2026-01-15,24.02916666666667,24.133333333333336,487.7083333333333,0.0,21.104166666666668,70.41666666666667,2.3333333333333335,0.0,967.8249999999999,310.44681798675913,chiang_rai,False,0,22.579166666666666,False
2026-01-16,22.579166666666666,22.77916666666667,439.25,0.20833333333333334,20.587500000000002,73.875,3.233333333333333,0.7999999999999999,966.35,289.88196854284564,chiang_rai,False,0,19.920833333333334,False
2026-01-17,19.920833333333334,20.666666666666668,421.7916666666667,1.125,20.291666666666668,74.5,2.9250000000000003,0.0,965.4041666666667,321.5106613854198,chiang_rai,False,0,18.25,False
2026-01-18,18.25,19.079166666666666,366.9583333333333,1.5416666666666667,19.766666666666666,72.625,3.7541666666666664,0.0,965.275,328.63307977331743,chiang_rai,False,0,14.904166666666667,False
2026-01-19,14.904166666666667,15.120833333333332,383.75,0.0,20.025000000000002,73.16666666666667,3.141666666666667,0.0,965.7541666666666,311.8978212144933,chiang_rai,False,0,14.7875,False
2026-01-20,14.7875,14.9125,365.4166666666667,0.0,19.841666666666665,71.41666666666667,3.475,0.0,966.8458333333333,321.1485909886371,chiang_rai,False,0,18.533333333333335,False
2026-01-21,18.533333333333335,18.620833333333334,400.6666666666667,0.0,20.4875,67.125,3.204166666666667,0.0,968.4541666666668,348.51831556548063,chiang_rai,False,0,18.020833333333332,False
2026-01-22,18.020833333333332,18.2625,382.5833333333333,0.0,20.683333333333334,69.29166666666667,3.954166666666667,0.0,969.9125,236.56321012126068,chiang_rai,False,0,18.083333333333332,False
2026-01-23,18.083333333333332,18.3,443.125,0.0,20.679166666666667,74.08333333333333,4.175,0.2,971.7666666666668,229.69459110126664,chiang_rai,False,0,23.787499999999998,False
2026-01-24,23.787499999999998,23.983333333333334,414.3333333333333,0.0,19.962500000000002,76.0,3.783333333333333,0.1,971.0749999999999,221.4002163651361,chiang_rai,False,0,18.504166666666666,False
2026-01-25,18.504166666666666,18.7,474.625,0.0,20.166666666666668,71.875,3.3708333333333336,0.0,969.5583333333334,231.71836823008613,chiang_rai,False,0,26.266666666666666,False
2026-01-26,26.266666666666666,26.525000000000002,495.8333333333333,0.0,20.258333333333333,68.0,2.970833333333333,0.0,970.35,329.18134726451575,chiang_rai,False,0,23.616666666666664,False
2026-01-27,23.616666666666664,23.933333333333334,461.4583333333333,0.375,20.516666666666666,65.25,3.154166666666667,0.0,971.125,332.48262937668153,chiang_rai,False,0,23.266666666666666,False
2026-01-28,23.266666666666666,24.645833333333332,430.0416666666667,2.75,20.729166666666668,60.958333333333336,3.404166666666667,0.0,970.5833333333334,302.8522307818557,chiang_rai,False,0,20.054166666666667,False
2026-01-29,20.054166666666667,22.108333333333334,419.7916666666667,3.625,21.008333333333333,65.625,3.3333333333333335,0.0,969.2875,317.4165624756918,chiang_rai,False,0,25.670833333333334,False
2026-01-30,25.670833333333334,27.691666666666666,467.9166666666667,3.9166666666666665,20.533333333333335,72.79166666666667,3.408333333333333,0.0,969.9333333333334,329.50763831728284,chiang_rai,False,0,29.150000000000002,False
2026-01-31,29.150000000000002,30.929166666666664,449.4166666666667,3.2916666666666665,21.1125,69.54166666666667,3.141666666666667,0.0,970.6999999999999,338.29849646208686,chiang_rai,False,0,29.954166666666666,False
2026-02-01,29.954166666666666,31.270833333333332,461.7916666666667,2.2083333333333335,21.458333333333332,66.875,2.5541666666666667,0.0,970.8458333333333,309.48690874741817,chiang_rai,False,0,22.5125,False
2026-02-02,22.5125,23.40416666666667,523.4166666666666,1.375,22.108333333333334,64.54166666666667,3.091666666666667,0.0,971.4499999999999,234.42115872948912,chiang_rai,False,0,22.224999999999998,False
2026-02-03,22.224999999999998,22.962500000000002,542.5,1.0,21.59166666666667,67.20833333333333,2.433333333333333,0.0,972.5583333333334,236.15027439454394,chiang_rai,False,0,23.3,False
2026-02-04,23.3,23.758333333333336,516.0833333333334,1.0,21.224999999999998,68.45833333333333,3.408333333333333,0.0,970.4958333333334,334.1450956906556,chiang_rai,False,0,23.804166666666664,False
2026-02-05,23.804166666666664,24.270833333333332,517.0833333333334,0.75,21.645833333333332,72.08333333333333,3.0833333333333335,0.0,968.5875,287.32335262456525,chiang_rai,False,0,26.05,False
2026-02-06,26.05,26.55,387.125,0.875,21.945833333333336,69.33333333333333,2.829166666666667,0.0,967.4250000000001,322.0510832036643,chiang_rai,False,0,30.3875,False
2026-02-07,30.3875,30.8875,430.9583333333333,1.0,21.97083333333333,67.25,3.125,0.0,966.9041666666667,342.9070608058729,chiang_rai,False,0,26.866666666666664,False
2026-02-08,26.866666666666664,27.245833333333334,517.4583333333334,0.2916666666666667,22.916666666666668,67.70833333333333,4.754166666666666,4.0,967.7583333333333,202.54350873957648,chiang_rai,False,0,22.775000000000002,False
2026-02-09,22.775000000000002,23.141666666666666,516.5416666666666,0.0,22.1875,79.75,5.458333333333333,5.800000000000001,968.5791666666668,228.1031386769232,chiang_rai,False,0,27.525000000000002,False
2026-02-10,27.525000000000002,27.900000000000002,505.6666666666667,0.0,22.599999999999998,76.45833333333333,3.158333333333333,0.0,968.9583333333334,265.4971925375107,chiang_rai,False,0,28.566666666666666,False
2026-02-11,28.566666666666666,29.108333333333334,526.1666666666666,0.625,22.941666666666666,76.875,3.3708333333333336,2.5,970.0124999999999,301.55994632120405,chiang_rai,False,0,29.066666666666666,False
2026-02-12,29.066666666666666,29.575,473.5833333333333,0.5,23.275000000000002,72.25,2.566666666666667,0.0,968.3541666666666,311.0184293390552,chiang_rai,False,0,23.604166666666668,False
2026-02-13,23.604166666666668,23.858333333333334,423.875,0.0,22.849999999999998,61.875,3.391666666666667,0.0,966.9458333333333,344.8113426003855,chiang_rai,False,0,26.383333333333336,False
2026-02-14,26.383333333333336,26.516666666666666,378.8333333333333,0.0,22.925,58.416666666666664,3.7083333333333335,0.0,966.5166666666668,306.7115140206008,chiang_rai,False,0,19.679166666666667,False
2026-02-15,19.679166666666667,19.733333333333334,396.875,0.0,23.016666666666666,61.0,3.716666666666667,0.0,966.1416666666668,326.7113157077884,chiang_rai,False,0,27.97083333333333,False
2026-02-16,27.97083333333333,28.254166666666666,465.0833333333333,0.16666666666666666,23.349999999999998,61.541666666666664,3.475,0.0,966.0458333333332,353.0526077843998,chiang_rai,False,0,32.395833333333336,False
2026-02-17,32.395833333333336,32.75,460.0,0.5,23.77916666666667,61.125,2.8541666666666665,0.0,966.7541666666666,333.3832481313841,chiang_rai,False,0,32.875,False
2026-02-18,32.875,33.375,483.6666666666667,0.125,24.504166666666666,63.791666666666664,2.4,0.0,968.475,304.0000014585627,chiang_rai,False,0,31.59166666666667,False
2026-02-19,31.59166666666667,32.12083333333333,408.4583333333333,0.0,24.287499999999998,72.70833333333333,4.116666666666666,0.5,970.1458333333334,268.82212798944704,chiang_rai,False,0,21.729166666666668,False
2026-02-20,21.729166666666668,21.974999999999998,503.5,0.0,23.395833333333332,82.125,3.858333333333333,10.7,970.0916666666667,299.4460236854976,chiang_rai,False,0,28.254166666666666,False
2026-02-21,28.254166666666666,28.679166666666664,435.5416666666667,0.25,24.008333333333336,73.5,4.633333333333334,0.0,965.275,266.90097209664424,chiang_rai,False,0,27.295833333333334,False
2026-02-22,27.295833333333334,27.708333333333332,557.0416666666666,0.125,24.09166666666667,69.95833333333333,4.570833333333334,0.6,963.2541666666666,285.0239035460969,chiang_rai,False,0,31.208333333333332,False
2026-02-23,31.208333333333332,31.695833333333336,466.5,0.3333333333333333,24.3875,72.25,3.420833333333333,0.0,963.5083333333333,284.128284256769,chiang_rai,False,0,33.62083333333333,False
2026-02-24,33.62083333333333,34.37083333333333,539.0833333333334,0.9166666666666666,22.625,83.08333333333333,3.75,2.1,965.4333333333334,319.8463812388559,chiang_rai,False,0,20.941666666666666,False
2026-02-25,20.941666666666666,21.241666666666667,530.4583333333334,0.375,19.808333333333334,91.20833333333333,4.866666666666666,20.5,967.65,349.5892143738997,chiang_rai,False,0,18.054166666666667,False
2026-02-26,18.054166666666667,18.354166666666668,476.7916666666667,0.0,21.295833333333334,79.20833333333333,2.2708333333333335,0.6,964.9083333333333,356.54567807833143,chiang_rai,False,0,22.141666666666666,False
2026-02-27,22.141666666666666,22.570833333333336,428.0833333333333,0.20833333333333334,22.575,74.83333333333333,3.216666666666667,0.3,961.9125,296.78076031762873,chiang_rai,False,0,23.22083333333333,False
2026-02-28,23.22083333333333,23.587500000000002,382.4166666666667,0.75,23.604166666666668,63.75,5.5874999999999995,0.0,960.775,266.2855705553176,chiang_rai,False,0,24.941666666666666,False
2026-03-01,24.941666666666666,25.333333333333332,429.5416666666667,0.4166666666666667,23.195833333333336,59.333333333333336,4.741666666666666,0.0,961.8333333333334,275.04063075209615,chiang_rai,False,0,32.637499999999996,False
2026-03-02,32.637499999999996,34.46666666666666,460.5,3.5833333333333335,22.40833333333333,61.583333333333336,4.116666666666666,0.0,963.7291666666666,296.3713859129748,chiang_rai,False,0,46.05833333333334,True
2026-03-03,46.05833333333334,51.3125,433.3333333333333,10.416666666666666,22.058333333333334,61.125,3.725,0.0,964.7416666666667,319.249196250723,chiang_rai,True,2,71.10000000000001,True
2026-03-04,71.10000000000001,79.20833333333333,477.2083333333333,16.083333333333332,23.65416666666667,56.625,2.716666666666667,0.0,964.8125,337.4237190541125,chiang_rai,True,3,53.98333333333333,True
2026-03-05,53.98333333333333,56.80833333333334,617.7916666666666,5.458333333333333,23.766666666666666,59.541666666666664,3.670833333333333,0.0,964.7291666666666,25.672619494314574,chiang_rai,True,4,49.04583333333333,True
2026-03-06,49.04583333333333,50.37916666666666,502.8333333333333,2.2083333333333335,24.037499999999998,67.5,4.3875,0.1,966.8375,221.53448035647062,chiang_rai,True,5,40.729166666666664,True
2026-03-07,40.729166666666664,42.233333333333334,480.5,2.5416666666666665,24.583333333333332,68.70833333333333,4.2749999999999995,0.0,967.2833333333333,230.64854836163406,chiang_rai,True,6,38.954166666666666,True
2026-03-08,38.954166666666666,41.82083333333333,427.375,5.375,25.02916666666667,65.625,4.3875,0.2,967.0124999999999,234.7407362250757,chiang_rai,True,7,41.354166666666664,True
2026-03-09,41.354166666666664,44.13333333333333,528.9166666666666,5.083333333333333,24.820833333333336,69.25,3.7624999999999997,0.1,968.5791666666668,243.93099116645948,chiang_rai,True,8,27.833333333333332,False
2026-03-10,27.833333333333332,29.3875,561.25,2.625,22.054166666666664,82.375,4.795833333333333,20.6,971.5166666666668,351.4181832885666,chiang_rai,False,0,47.85,True
2026-03-11,47.85,49.69583333333333,611.125,3.25,21.375,83.08333333333333,3.654166666666667,3.1999999999999997,969.5875,271.75542343835144,chiang_rai,True,2,53.00833333333333,True
2026-03-12,53.00833333333333,54.87083333333334,676.2083333333334,3.4583333333333335,20.575,82.25,4.15,6.0,967.9416666666666,351.3841863043902,chiang_rai,True,3,31.337500000000002,False
2026-03-13,31.337500000000002,32.074999999999996,668.125,1.4583333333333333,20.3125,82.33333333333333,4.383333333333334,9.4,970.1958333333333,6.684419229925197,chiang_rai,False,0,34.545833333333334,False
2026-03-14,34.545833333333334,35.50833333333333,666.4166666666666,1.7083333333333333,21.358333333333334,81.41666666666667,3.2875,6.1,970.5291666666667,284.3883540784186,chiang_rai,False,0,45.975,True
2026-03-15,45.975,48.208333333333336,684.9166666666666,4.333333333333333,21.816666666666666,79.79166666666667,5.004166666666667,7.6,970.1583333333333,287.05340105315315,chiang_rai,True,2,32.1625,False
2026-03-16,32.1625,34.895833333333336,551.0833333333334,5.208333333333333,22.34583333333333,77.58333333333333,5.091666666666667,0.5,967.6583333333333,272.84325445453374,chiang_rai,False,0,44.10833333333333,True
2026-03-17,44.10833333333333,47.9625,597.1666666666666,7.25,23.183333333333334,74.16666666666667,4.395833333333333,4.3,966.4125,279.73391103017457,chiang_rai,True,2,44.770833333333336,True
2026-03-18,44.770833333333336,49.50833333333333,625.4583333333334,9.208333333333334,23.537499999999998,69.75,2.766666666666667,0.0,966.6916666666666,294.9525093862513,chiang_rai,True,3,47.987500000000004,True
2026-03-19,47.987500000000004,54.09166666666667,536.8333333333334,12.083333333333334,24.266666666666666,65.125,2.6999999999999997,0.0,966.0124999999999,339.28070944874577,chiang_rai,True,4,51.79583333333333,True
2026-03-20,51.79583333333333,60.020833333333336,576.5416666666666,15.958333333333334,24.391666666666666,60.916666666666664,2.6666666666666665,0.0,965.3708333333334,346.0739475868077,chiang_rai,True,5,57.37916666666666,True
2026-03-21,57.37916666666666,66.06666666666668,486.5,17.041666666666668,25.162499999999998,56.625,3.9875000000000003,0.0,965.7291666666666,259.707321890085,chiang_rai,True,6,27.72083333333333,False
2026-03-22,27.72083333333333,31.275000000000002,397.4583333333333,6.708333333333333,25.462500000000002,59.75,7.3374999999999995,0.0,964.7875,252.25022669974646,chiang_rai,False,0,24.3875,False
2026-03-23,24.3875,29.854166666666668,336.2916666666667,10.458333333333334,24.775000000000002,55.5,7.095833333333334,0.0,964.4333333333334,251.99219525857274,chiang_rai,False,0,33.6875,False
2026-03-24,33.6875,38.50416666666667,387.7916666666667,8.166666666666666,23.808333333333334,55.083333333333336,5.154166666666667,0.0,963.5291666666667,270.2550978227312,chiang_rai,False,0,37.975,True
2026-03-25,37.975,46.5,393.0833333333333,16.541666666666668,23.945833333333336,56.25,4.920833333333333,0.0,963.875,289.1891355857846,chiang_rai,True,2,71.04166666666667,True
2026-03-26,71.04166666666667,80.29166666666667,548.7083333333334,17.583333333333332,24.204166666666666,61.583333333333336,3.6999999999999997,0.0,964.1083333333332,329.49297094532517,chiang_rai,True,3,79.2375,True
2026-03-27,79.2375,88.06666666666666,517.625,16.791666666666668,24.650000000000002,59.25,5.879166666666666,0.0,962.8416666666667,264.07106253959574,chiang_rai,True,4,47.80833333333334,True
2026-03-28,47.80833333333334,50.49583333333334,461.5,4.916666666666667,24.816666666666666,56.666666666666664,6.504166666666666,0.0,962.1833333333334,263.9903495362193,chiang_rai,True,5,46.35,True
2026-03-29,46.35,48.925000000000004,492.5416666666667,4.708333333333333,25.004166666666666,56.583333333333336,5.091666666666667,0.0,962.6333333333333,285.0986060982206,chiang_rai,True,6,63.041666666666664,True
2026-03-30,63.041666666666664,71.12916666666666,505.0,16.291666666666668,25.275000000000002,54.791666666666664,5.904166666666666,0.0,962.9166666666666,250.86595541597273,chiang_rai,True,7,71.50416666666666,True
2026-03-31,71.50416666666666,84.34166666666667,603.5,25.458333333333332,25.520833333333332,58.833333333333336,4.4624999999999995,0.0,963.2791666666667,265.45792105901944,chiang_rai,True,8,86.75833333333333,True
2026-04-01,86.75833333333333,106.90416666666665,626.6666666666666,40.416666666666664,26.258333333333336,58.583333333333336,3.9583333333333335,0.0,963.7833333333333,256.41557415932886,chiang_rai,True,9,85.97083333333335,True
2026-04-02,85.97083333333335,105.94166666666666,562.2083333333334,39.875,26.629166666666666,58.625,5.1000000000000005,0.0,963.5958333333333,252.13200802292982,chiang_rai,True,10,80.7625,True
2026-04-03,80.7625,95.34583333333335,531.7916666666666,28.958333333333332,26.53333333333333,60.5,3.3833333333333333,0.0,962.4666666666667,286.25739021458236,chiang_rai,True,11,67.0,True
2026-04-04,67.0,79.3875,546.1666666666666,24.958333333333332,26.96666666666667,62.208333333333336,5.320833333333334,0.0,961.125,261.9106722754731,chiang_rai,True,12,86.61666666666667,True
2026-04-05,86.61666666666667,101.97083333333335,621.4583333333334,30.791666666666668,28.441666666666666,59.541666666666664,4.5125,0.0,960.4958333333334,243.09397244815364,chiang_rai,True,13,66.70833333333333,True
2026-04-06,66.70833333333333,76.80416666666666,573.0833333333334,19.875,27.962500000000002,61.416666666666664,3.170833333333333,0.0,961.9125,255.82124311940203,chiang_rai,True,14,70.10416666666667,True
2026-04-07,70.10416666666667,78.45416666666667,477.4166666666667,16.333333333333332,27.545833333333334,64.91666666666667,4.5375000000000005,0.0,962.8874999999999,271.32088451773166,chiang_rai,True,15,62.4375,True
2026-04-08,62.4375,67.78750000000001,446.1666666666667,10.416666666666666,26.683333333333334,65.08333333333333,6.066666666666666,0.1,963.4958333333334,271.84031126073694,chiang_rai,True,16,48.59166666666667,True
2026-04-09,48.59166666666667,52.50833333333333,460.0416666666667,7.416666666666667,26.358333333333334,63.583333333333336,5.0625,0.0,964.2166666666667,279.14494699647327,chiang_rai,True,17,48.52916666666667,True
2026-04-10,48.52916666666667,53.05416666666667,417.9166666666667,8.625,26.270833333333332,63.125,6.029166666666666,0.0,963.4916666666667,275.5916611772581,chiang_rai,True,18,44.862500000000004,True
2026-04-11,44.862500000000004,53.13333333333333,410.4166666666667,16.041666666666668,26.645833333333332,59.5,7.0375000000000005,0.0,962.1458333333334,261.53096645085054,chiang_rai,True,19,44.07916666666667,True
2026-04-12,44.07916666666667,58.875,404.625,29.666666666666668,26.729166666666668,49.208333333333336,4.179166666666666,0.0,961.9916666666667,275.09066684697524,chiang_rai,True,20,88.21666666666665,True
2026-04-13,88.21666666666665,110.7625,644.625,45.416666666666664,26.724999999999998,58.583333333333336,3.7083333333333335,0.0,962.8541666666666,259.69596915311087,chiang_rai,True,21,77.97500000000001,True
2026-04-14,77.97500000000001,93.9875,692.125,32.041666666666664,26.875,61.208333333333336,4.0125,0.0,962.9708333333333,283.66902651876944,chiang_rai,True,22,63.375,True
2026-04-15,63.375,77.60000000000001,662.25,28.333333333333332,27.195833333333336,57.125,4.8999999999999995,0.2,961.5625,253.46015776019522,chiang_rai,True,23,72.72083333333333,True
2026-04-16,72.72083333333333,86.19166666666666,752.0416666666666,26.541666666666668,27.400000000000002,58.625,2.766666666666667,0.3,962.4791666666666,325.83429392018905,chiang_rai,True,24,117.2375,True
2026-04-17,117.2375,145.87083333333334,977.5,57.541666666666664,27.55,60.583333333333336,4.5249999999999995,0.0,963.2833333333333,297.81625819875114,chiang_rai,True,25,112.49166666666667,True
2026-04-18,112.49166666666667,149.44583333333335,1077.1666666666667,74.20833333333333,27.45,59.166666666666664,5.383333333333333,0.0,963.0416666666666,277.94968767517946,chiang_rai,True,26,116.14166666666667,True
2026-04-19,116.14166666666667,144.10833333333332,786.0,55.875,27.375,67.16666666666667,3.5875,0.0,962.4291666666667,343.33477396648215,chiang_rai,True,27,76.41666666666667,True
2026-04-20,76.41666666666667,85.74583333333334,776.9166666666666,18.166666666666668,26.6875,66.58333333333333,2.8375,0.9,962.6833333333334,348.31708611811376,chiang_rai,True,28,62.09166666666667,True
2026-04-21,62.09166666666667,70.99583333333334,497.0416666666667,17.875,27.462500000000002,64.45833333333333,4.654166666666667,0.0,961.5708333333333,237.58562538430982,chiang_rai,True,29,55.78333333333333,True
2026-04-22,55.78333333333333,70.51666666666667,577.375,29.416666666666668,28.745833333333334,61.291666666666664,3.3041666666666667,0.0,961.1458333333334,255.6763303504586,chiang_rai,True,30,63.041666666666664,True
2026-04-23,63.041666666666664,79.28333333333333,449.0,32.291666666666664,28.175,62.666666666666664,3.7916666666666665,0.0,961.4791666666666,286.6296223080077,chiang_rai,True,31,56.11666666666667,True
2026-04-24,56.11666666666667,75.5,581.25,38.958333333333336,27.34583333333333,67.79166666666667,4.341666666666667,0.0,962.8208333333333,193.3826445393804,chiang_rai,True,32,46.69583333333333,True
2026-04-25,46.69583333333333,53.512499999999996,528.2083333333334,12.916666666666666,25.983333333333334,76.08333333333333,6.241666666666667,1.3,966.1125000000001,203.20787673112332,chiang_rai,True,33,37.32083333333333,False
2026-04-26,37.32083333333333,42.55833333333333,477.4583333333333,10.041666666666666,25.65416666666667,75.45833333333333,3.5625,0.7000000000000001,965.4083333333333,242.40327383482247,chiang_rai,False,0,45.487500000000004,True
2026-04-27,45.487500000000004,55.19166666666666,493.625,18.791666666666668,26.120833333333334,74.33333333333333,4.120833333333334,0.8999999999999999,963.2416666666667,234.88933836255353,chiang_rai,True,2,50.13333333333333,True
2026-04-28,50.13333333333333,65.675,455.875,29.833333333333332,24.558333333333334,79.75,3.85,6.2,963.7958333333332,310.0148245990158,chiang_rai,True,3,39.00833333333333,True
2026-04-29,39.00833333333333,52.42916666666667,428.2083333333333,26.458333333333332,24.77916666666667,78.83333333333333,3.1208333333333336,0.6,965.0833333333334,317.30309227263103,chiang_rai,True,4,41.50416666666667,True
2026-04-30,41.50416666666667,55.53333333333333,546.5,27.625,24.7375,80.91666666666667,5.120833333333334,13.6,966.0916666666667,335.9757133200511,chiang_rai,True,5,27.804166666666664,False
2026-05-01,27.804166666666664,32.079166666666666,525.5,8.375,25.691666666666666,74.70833333333333,6.270833333333333,0.30000000000000004,964.8041666666667,267.3309395692507,chiang_rai,False,0,27.954166666666666,False
2026-05-02,27.954166666666666,32.50416666666667,468.625,8.833333333333334,26.40416666666667,72.16666666666667,5.2,0.7,963.3208333333333,276.26333490123307,chiang_rai,False,0,34.40833333333333,False
2026-05-03,34.40833333333333,47.487500000000004,397.7083333333333,26.291666666666668,25.816666666666666,74.375,5.166666666666667,8.8,964.3833333333333,311.41765055977197,chiang_rai,False,0,34.21666666666667,False
2026-05-04,34.21666666666667,46.42083333333333,417.9583333333333,23.416666666666668,26.170833333333334,73.875,5.579166666666667,5.300000000000001,966.0500000000001,341.0127520954156,chiang_rai,False,0,34.670833333333334,False
2026-05-05,34.670833333333334,40.854166666666664,349.5833333333333,11.458333333333334,25.400000000000002,81.625,3.5708333333333333,4.8,966.6458333333334,264.8762261024544,chiang_rai,False,0,24.445833333333336,False
2026-05-06,24.445833333333336,26.508333333333336,391.25,3.6666666666666665,26.504166666666666,80.16666666666667,3.6,6.200000000000001,964.3041666666667,234.23027048493498,chiang_rai,False,0,32.0625,False
2026-05-07,32.0625,33.00833333333333,321.7083333333333,1.5,27.445833333333336,75.29166666666667,2.845833333333333,18.299999999999997,964.0875,324.995080275504,chiang_rai,False,0,17.741666666666667,False
2026-05-08,17.741666666666667,17.9875,436.9166666666667,0.2916666666666667,26.025000000000002,80.08333333333333,3.4166666666666665,2.1,965.9666666666667,16.12398965062465,chiang_rai,False,0,14.879166666666668,False
2026-05-09,14.879166666666668,15.020833333333334,415.2916666666667,0.0,25.400000000000002,84.66666666666667,4.041666666666667,3.8000000000000003,966.6083333333332,34.75681225420749,chiang_rai,False,0,10.65,False
2026-05-10,10.65,10.708333333333334,416.75,0.0,24.483333333333334,89.125,3.4333333333333336,9.4,966.6958333333333,14.270149443516061,chiang_rai,False,0,13.737499999999999,False
2026-05-11,13.737499999999999,13.795833333333334,501.125,0.0,25.104166666666668,85.58333333333333,2.966666666666667,15.4,966.2458333333334,274.8044152871999,chiang_rai,False,0,15.7875,False
2026-05-12,15.7875,15.858333333333334,485.0416666666667,0.0,24.575,89.375,2.9583333333333335,7.0,964.8166666666666,343.20877215638825,chiang_rai,False,0,17.791666666666668,False
2026-05-13,17.791666666666668,17.995833333333334,389.3333333333333,0.125,25.6875,85.16666666666667,3.5666666666666664,2.0,962.6208333333334,197.6475137731815,chiang_rai,False,0,18.837500000000002,False
2026-05-14,18.837500000000002,19.1125,417.0416666666667,0.3333333333333333,25.329166666666666,88.04166666666667,3.4125,13.9,961.5,241.65918582762762,chiang_rai,False,0,14.933333333333332,False
2026-05-15,14.933333333333332,15.095833333333333,476.375,0.0,25.945833333333336,88.29166666666667,3.8083333333333336,30.1,961.7375000000001,187.8060904589202,chiang_rai,False,0,8.070833333333333,False
2026-05-16,8.070833333333333,8.345833333333333,391.5416666666667,0.4583333333333333,26.516666666666666,85.5,5.008333333333334,13.8,961.0833333333334,192.02813954589092,chiang_rai,False,0,14.308333333333332,False
2026-05-17,14.308333333333332,15.033333333333333,403.0,0.9166666666666666,27.675,81.66666666666667,3.875,2.0,960.225,203.8485151786412,chiang_rai,False,0,15.095833333333333,False
2026-05-18,15.095833333333333,15.729166666666666,391.5,1.125,27.4875,80.29166666666667,3.9250000000000003,1.5,960.3208333333333,218.46387809919617,chiang_rai,False,0,18.879166666666666,False
2026-05-19,18.879166666666666,22.066666666666666,397.5833333333333,6.166666666666667,28.133333333333336,77.04166666666667,6.079166666666667,3.2,959.4958333333334,175.39496416599354,chiang_rai,False,0,19.837500000000002,False
2026-05-20,19.837500000000002,24.308333333333334,435.5,8.708333333333334,27.787499999999998,77.875,6.3,1.4000000000000001,959.0333333333333,189.1454603757841,chiang_rai,False,0,19.983333333333334,False
2026-05-21,19.983333333333334,23.724999999999998,396.75,7.666666666666667,27.495833333333334,78.45833333333333,5.341666666666666,1.7,961.3833333333333,186.2847220653525,chiang_rai,False,0,18.466666666666665,False
2026-05-22,18.466666666666665,22.266666666666666,337.625,7.333333333333333,26.912499999999998,83.20833333333333,5.641666666666667,4.6000000000000005,963.6958333333333,204.58082195806116,chiang_rai,False,0,13.283333333333333,False
2026-05-23,13.283333333333333,14.904166666666667,375.5416666666667,2.625,26.120833333333334,89.25,4.091666666666667,15.4,964.4291666666667,212.3130133926268,chiang_rai,False,0,12.670833333333334,False
2026-05-24,12.670833333333334,13.454166666666666,368.25,0.8333333333333334,27.108333333333334,86.83333333333333,5.166666666666667,8.8,964.5708333333333,231.84395670307444,chiang_rai,False,0,11.529166666666667,False
2026-05-25,11.529166666666667,12.429166666666667,366.25,0.9166666666666666,26.78333333333333,85.625,3.6750000000000003,16.1,963.8125,249.7592032389398,chiang_rai,False,0,12.204166666666666,False
2026-05-26,12.204166666666666,14.241666666666667,385.9166666666667,3.625,27.28333333333333,82.04166666666667,3.8666666666666667,3.8000000000000003,963.1041666666666,231.1638817395626,chiang_rai,False,0,16.516666666666666,False
2026-05-27,16.516666666666666,23.645833333333332,474.4583333333333,13.5,26.6125,86.58333333333333,3.6791666666666667,6.8,963.4708333333333,232.69409344357933,chiang_rai,False,0,16.508333333333333,False
2026-05-28,16.508333333333333,20.5125,326.1666666666667,8.0,27.34583333333333,81.25,3.029166666666667,3.3,964.225,205.66335441881006,chiang_rai,False,0,12.254166666666668,False
2026-05-29,12.254166666666668,12.654166666666667,331.2916666666667,0.7916666666666666,26.97083333333333,79.5,2.775,2.7,964.8416666666667,106.62766895823376,chiang_rai,False,0,8.450000000000001,False
2026-05-30,8.450000000000001,8.816666666666666,395.5,0.2916666666666667,26.05,84.20833333333333,3.7583333333333333,10.2,965.3458333333333,54.258273618099565,chiang_rai,False,0,9.0,False
2026-05-31,9.0,9.641666666666667,392.4583333333333,0.9166666666666666,26.7625,81.45833333333333,2.3000000000000003,2.5,965.1833333333334,211.3512768882149,chiang_rai,False,0,17.858333333333334,False
2026-06-01,17.858333333333334,19.016666666666666,480.9583333333333,1.875,27.4375,80.33333333333333,4.008333333333334,0.4,964.4125,278.14530941518433,chiang_rai,False,0,19.287499999999998,False
2026-06-02,19.287499999999998,19.95,371.0,1.125,28.675,76.0,4.066666666666666,0.5,962.2375000000001,269.4224929266771,chiang_rai,False,0,17.654166666666665,False
2026-06-03,17.654166666666665,18.020833333333332,509.5833333333333,0.125,28.15833333333333,81.0,3.9458333333333333,1.7000000000000002,960.25,273.5247247312152,chiang_rai,False,0,18.345833333333335,False
2026-06-04,18.345833333333335,18.791666666666668,535.9583333333334,0.4583333333333333,27.495833333333334,81.0,3.7541666666666664,4.2,959.9958333333334,258.25157857253356,chiang_rai,False,0,12.108333333333334,False
2026-06-05,12.108333333333334,12.258333333333333,363.5416666666667,0.0,26.833333333333332,84.5,3.5833333333333335,7.0,960.6833333333334,174.51388291181877,chiang_rai,False,0,8.679166666666667,False
2026-06-06,8.679166666666667,8.820833333333333,293.7916666666667,0.08333333333333333,25.108333333333334,91.79166666666667,4.866666666666666,28.9,961.6,202.3416925293193,chiang_rai,False,0,7.854166666666667,False
2026-06-07,7.854166666666667,8.0,274.375,0.08333333333333333,25.441666666666666,92.04166666666667,5.266666666666667,18.9,961.5958333333333,184.1093295750463,chiang_rai,False,0,11.116666666666667,False
2026-06-08,11.116666666666667,11.508333333333333,375.0,0.6666666666666666,27.400000000000002,78.04166666666667,6.925,0.9,960.875,214.46988849766055,chiang_rai,False,0,14.483333333333334,False
2026-06-09,14.483333333333334,15.904166666666667,362.3333333333333,2.4166666666666665,27.120833333333334,78.70833333333333,6.283333333333334,6.8,960.7125,205.0929653280965,chiang_rai,False,0,11.174999999999999,False
2026-06-10,11.174999999999999,12.070833333333333,247.04166666666666,1.4583333333333333,26.579166666666666,84.16666666666667,4.7,9.9,962.3958333333334,187.59558494586602,chiang_rai,False,0,7.575,False
2026-06-11,7.575,7.8875,266.5,0.0,24.979166666666668,91.33333333333333,6.966666666666666,27.7,965.25,184.84631452105674,chiang_rai,False,0,6.720833333333334,False
2026-06-12,6.720833333333334,6.933333333333334,339.25,0.0,25.53333333333333,88.0,7.033333333333334,15.9,966.6916666666666,212.22660763162634,chiang_rai,False,0,8.262500000000001,False
2026-06-13,8.262500000000001,8.579166666666667,355.2083333333333,0.0,26.245833333333334,85.0,5.345833333333334,7.3,965.0083333333333,177.80516079086817,chiang_rai,False,0,10.629166666666666,False
2026-06-14,10.629166666666666,11.112499999999999,401.9166666666667,0.2916666666666667,26.6875,84.66666666666667,5.383333333333333,6.7,962.6833333333334,206.11768475549724,chiang_rai,False,0,10.200000000000001,False
2026-06-15,10.200000000000001,10.533333333333333,345.375,0.2916666666666667,26.766666666666666,83.16666666666667,7.545833333333333,5.9,962.9291666666667,191.09396078364733,chiang_rai,False,0,10.241666666666667,False
2026-06-16,10.241666666666667,10.983333333333334,398.6666666666667,0.875,26.604166666666668,84.08333333333333,3.9958333333333336,15.4,963.8416666666667,210.9754137350115,chiang_rai,False,0,8.025,False
2026-06-17,8.025,8.629166666666666,324.9583333333333,0.7083333333333334,26.691666666666666,83.41666666666667,5.179166666666666,8.6,964.0708333333333,206.54715584419264,chiang_rai,False,0,9.820833333333333,False
2026-06-18,9.820833333333333,10.766666666666666,391.375,1.0,26.883333333333336,81.75,6.575,6.1,963.5958333333333,195.42181125166474,chiang_rai,False,0,12.104166666666666,False
2026-06-19,12.104166666666666,14.558333333333332,381.1666666666667,3.125,26.520833333333332,84.16666666666667,5.533333333333334,10.6,963.5375,210.01027700379387,chiang_rai,False,0,12.095833333333333,False
2026-06-20,12.095833333333333,13.766666666666666,420.6666666666667,1.9166666666666667,27.125,83.375,5.316666666666667,4.1,963.6416666666668,227.33381706322447,chiang_rai,False,0,11.229166666666666,False
2026-06-21,11.229166666666666,13.029166666666667,248.0,2.0,25.96666666666667,87.95833333333333,2.966666666666667,18.2,964.5625,198.7267559939826,chiang_rai,False,0,9.370833333333334,False
2026-06-22,9.370833333333334,10.637500000000001,294.7083333333333,0.9583333333333334,27.47083333333333,75.04166666666667,6.2875000000000005,0.2,963.6833333333334,230.65853428178394,chiang_rai,False,0,10.216666666666667,False
2026-06-23,10.216666666666667,11.695833333333333,378.875,1.5833333333333333,27.212500000000002,77.125,7.425000000000001,4.3999999999999995,961.85,219.04570233578679,chiang_rai,False,0,10.0375,False
2026-06-24,10.0375,10.5375,368.375,0.375,27.804166666666664,76.75,5.570833333333333,1.9000000000000001,961.3291666666668,221.80153825972272,chiang_rai,False,0,12.9,False
2026-06-25,12.9,13.762500000000001,365.25,0.625,27.691666666666666,79.33333333333333,4.966666666666667,3.0,961.6708333333332,239.1754008347205,chiang_rai,False,0,12.887500000000001,False
2026-06-26,12.887500000000001,13.608333333333333,406.2916666666667,0.125,27.608333333333334,75.79166666666667,2.5625,0.5,961.9541666666668,244.10260527467926,chiang_rai,False,0,13.825000000000001,False
2026-06-27,13.825000000000001,14.325000000000001,353.0,0.625,28.016666666666666,76.20833333333333,2.3874999999999997,0.6000000000000001,961.4166666666666,255.49625792817062,chiang_rai,False,0,11.883333333333333,False
2026-06-28,11.883333333333333,12.283333333333333,327.7083333333333,0.0,27.349999999999998,84.66666666666667,2.783333333333333,5.4,960.9166666666666,216.3817278451987,chiang_rai,False,0,10.5875,False
2026-06-29,10.5875,11.1,325.4166666666667,0.4583333333333333,27.495833333333334,86.5,2.8125,14.1,960.0833333333334,203.0260211960151,chiang_rai,False,0,11.141666666666666,False
2026-06-30,11.141666666666666,11.583333333333334,307.4166666666667,0.4583333333333333,25.304166666666664,94.16666666666667,3.891666666666667,34.5,960.8541666666666,171.66444707655717,chiang_rai,False,0,12.104166666666666,False
2026-07-01,12.104166666666666,12.395833333333334,332.0833333333333,0.3333333333333333,25.2,93.25,3.0625,24.6,960.9083333333333,169.022222288369,chiang_rai,False,0,9.758333333333333,False
2026-07-02,9.758333333333333,9.920833333333333,249.25,0.0,25.370833333333334,91.375,2.6916666666666664,29.1,961.5166666666668,99.60861553437462,chiang_rai,False,0,8.058333333333334,False
2026-07-03,8.058333333333334,8.1875,260.5833333333333,0.0,25.858333333333334,89.625,2.754166666666667,16.4,961.6666666666666,20.7315032513809,chiang_rai,False,0,10.975,False
2026-07-04,10.975,11.266666666666666,353.4583333333333,0.3333333333333333,25.916666666666668,90.29166666666667,3.3499999999999996,17.4,960.7041666666668,250.87149130073254,chiang_rai,False,0,9.0375,False
2026-07-05,9.0375,10.208333333333334,255.375,1.4583333333333333,26.333333333333332,87.83333333333333,4.5375000000000005,11.3,961.8916666666668,208.3975893456697,chiang_rai,False,0,8.975,False
2026-07-06,8.975,11.195833333333333,281.8333333333333,2.875,26.712500000000002,83.75,5.5,6.0,962.0041666666666,214.8865041760959,chiang_rai,False,0,10.5125,False
2026-07-07,10.5125,15.6875,346.7916666666667,8.083333333333334,27.075,83.08333333333333,4.329166666666667,2.6,961.9125,249.00513142344215,chiang_rai,False,0,9.641666666666667,False
2026-07-08,9.641666666666667,12.929166666666667,298.7916666666667,4.666666666666667,25.679166666666664,88.0,5.55,20.8,961.8874999999999,199.72312333365088,chiang_rai,False,0,6.6000000000000005,False
2026-07-09,6.6000000000000005,7.570833333333333,308.4583333333333,1.4166666666666667,25.945833333333336,86.16666666666667,6.641666666666667,7.1000000000000005,961.4166666666666,199.7660820197921,chiang_rai,False,0,5.325,False
2026-07-10,5.325,6.3125,334.0,1.5416666666666667,25.837500000000002,86.29166666666667,5.891666666666667,15.4,960.9291666666667,202.70058228980108,chiang_rai,False,0,5.983333333333333,False
2026-07-11,5.983333333333333,7.095833333333334,349.1666666666667,1.875,26.541666666666668,83.95833333333333,4.704166666666667,7.6000000000000005,958.6041666666666,203.6596689824238,chiang_rai,False,0,12.679166666666667,False
2026-07-12,12.679166666666667,13.7125,374.4166666666667,1.5,26.425,88.25,3.783333333333333,7.1,957.4041666666667,187.51119536613717,chiang_rai,False,0,16.0125,False
2026-07-13,16.0125,17.066666666666666,269.9583333333333,1.5833333333333333,25.900000000000002,88.33333333333333,3.3541666666666665,7.2,959.0541666666667,166.10344913967344,chiang_rai,False,0,11.291666666666666,False
2026-07-14,11.291666666666666,14.279166666666667,294.1666666666667,5.583333333333333,25.979166666666668,88.25,3.4124999999999996,9.0,960.3958333333334,199.49431788225232,chiang_rai,False,0,9.583333333333334,False
2026-07-15,9.583333333333334,12.341666666666667,333.625,4.75,26.041666666666668,88.5,4.954166666666667,12.3,962.3874999999999,206.95801403406003,chiang_rai,False,0,10.966666666666667,False
2026-07-16,10.966666666666667,14.9625,395.4166666666667,6.416666666666667,25.991666666666664,86.66666666666667,5.170833333333333,9.299999999999999,962.8166666666666,208.04918081757498,chiang_rai,False,0,12.700000000000001,False
2026-07-17,12.700000000000001,18.724999999999998,312.0,10.75,25.525000000000002,86.70833333333333,6.295833333333333,2.7,962.6958333333333,196.833519592194,chiang_rai,False,0,14.354166666666666,False
2026-07-18,14.354166666666666,19.183333333333334,346.875,9.083333333333334,24.620833333333334,91.0,4.833333333333333,27.4,962.8249999999999,185.58154609468664,chiang_rai,False,0,19.383333333333333,False
2026-07-19,19.383333333333333,28.933333333333334,383.0416666666667,16.291666666666668,24.354166666666668,94.04166666666667,2.095833333333333,14.1,963.4041666666667,161.23095748817514,chiang_rai,False,0,13.745833333333332,False
2026-07-20,13.745833333333332,20.129166666666666,315.2083333333333,10.458333333333334,24.55,86.83333333333333,3.0208333333333335,8.1,963.9,211.60521626129795,chiang_rai,False,0,12.454166666666666,False
2026-07-21,12.454166666666666,15.454166666666666,491.3333333333333,4.666666666666667,24.520833333333332,93.375,3.4125,14.5,963.8416666666667,170.239506347835,chiang_rai,False,0,7.491666666666667,False
2026-07-22,7.491666666666667,8.295833333333333,315.4583333333333,1.2083333333333333,25.5625,88.625,4.145833333333333,8.2,963.6541666666667,202.30001997792863,chiang_rai,False,0,8.504166666666666,False
2026-07-23,8.504166666666666,9.479166666666666,377.2916666666667,1.8333333333333333,25.587500000000002,88.25,3.4125,8.9,961.5583333333334,250.20016888743461,chiang_rai,False,0,15.666666666666666,False
2026-07-24,15.666666666666666,18.608333333333334,403.0,5.458333333333333,26.59166666666667,83.25,2.5458333333333334,14.7,960.25,239.83726080243133,chiang_rai,False,0,7.129166666666666,False
2026-07-25,7.129166666666666,7.883333333333333,224.79166666666666,1.3333333333333333,25.495833333333334,88.45833333333333,3.5583333333333336,13.7,960.6583333333333,90.30090416963776,chiang_rai,False,0,6.445833333333333,False
2026-07-26,6.445833333333333,6.804166666666667,224.20833333333334,0.3333333333333333,25.066666666666666,92.33333333333333,3.35,23.6,960.8541666666666,297.52047412673005,chiang_rai,False,0,7.2749999999999995,False
2026-07-27,7.2749999999999995,8.549999999999999,308.5416666666667,2.4583333333333335,25.691666666666666,91.54166666666667,3.2083333333333335,21.1,960.2416666666667,189.89964733424995,chiang_rai,False,0,8.566666666666666,False
2026-07-28,8.566666666666666,9.7125,401.625,2.0416666666666665,25.670833333333334,90.79166666666667,2.9499999999999997,35.199999999999996,960.8208333333333,255.6647440494845,chiang_rai,False,0,10.454166666666667,False
2026-07-29,10.454166666666667,12.4375,352.125,3.6666666666666665,24.900000000000002,91.125,2.245833333333333,14.0,961.4958333333334,165.66289435084457,chiang_rai,False,0,7.879166666666666,False
2026-07-30,7.879166666666666,8.616666666666667,315.8333333333333,1.375,25.070833333333336,90.66666666666667,3.1625,40.0,961.7416666666667,33.958142911024936,chiang_rai,False,0,6.4125000000000005,False
2026-07-31,6.4125000000000005,6.608333333333333,308.125,0.20833333333333334,25.004166666666666,90.95833333333333,3.525,22.8,961.7833333333333,320.5992574883174,chiang_rai,False,0,7.204166666666667,False
2026-08-01,7.204166666666667,7.5375000000000005,267.6666666666667,0.9166666666666666,24.991666666666664,92.79166666666667,3.6125000000000003,37.8,961.1416666666668,183.26762108843147,chiang_rai,False,0,6.183333333333334,False
2026-08-02,6.183333333333334,6.495833333333334,207.0,0.3333333333333333,25.099999999999998,92.66666666666667,4.258333333333334,42.6,961.4041666666667,164.57671748118003,chiang_rai,False,0,9.591666666666667,False
2026-08-03,9.591666666666667,11.120833333333332,264.25,2.625,25.40833333333333,92.08333333333333,3.6374999999999997,37.1,961.9958333333334,171.64134801339128,chiang_rai,False,0,9.575,False
2026-08-04,9.575,11.325000000000001,307.125,3.2083333333333335,25.791666666666668,91.625,3.35,22.7,962.4041666666667,167.91270376884415,chiang_rai,False,0,5.783333333333334,False
2026-08-05,5.783333333333334,6.204166666666667,365.875,0.8333333333333334,24.495833333333334,95.58333333333333,2.9,29.1,961.1416666666668,187.34683306804305,chiang_rai,False,0,7.375,False
2026-08-06,7.375,8.766666666666667,396.7083333333333,2.375,25.40416666666667,90.79166666666667,2.504166666666667,28.0,960.3583333333332,156.30805741708264,chiang_rai,False,0,8.941666666666666,False
2026-08-07,8.941666666666666,11.049999999999999,354.125,3.7916666666666665,25.458333333333332,90.75,3.1875,34.7,960.5,180.45550491893314,chiang_rai,False,0,7.633333333333333,False
2026-08-08,7.633333333333333,8.216666666666667,302.4583333333333,0.8333333333333334,24.900000000000002,92.91666666666667,3.0833333333333335,14.9,962.3375,157.48851663056075,chiang_rai,False,0,6.941666666666666,False
2026-08-09,6.941666666666666,7.3875,273.3333333333333,0.3333333333333333,25.291666666666668,92.83333333333333,3.1999999999999997,19.3,961.7958333333332,188.77422473001934,chiang_rai,False,0,6.779166666666666,False
2026-08-10,6.779166666666666,7.379166666666666,257.5416666666667,0.9166666666666666,25.870833333333334,89.29166666666667,4.304166666666666,12.6,960.0416666666666,204.8704221726643,chiang_rai,False,0,7.370833333333334,False
2026-08-11,7.370833333333334,7.745833333333334,347.8333333333333,0.5833333333333334,25.458333333333332,92.95833333333333,3.404166666666667,32.9,960.1333333333333,178.42552535482753,chiang_rai,False,0,6.995833333333334,False
2026-08-12,6.995833333333334,7.6375,391.8333333333333,1.2083333333333333,25.95,87.70833333333333,3.35,11.2,961.9875000000001,215.82326590690963,chiang_rai,False,0,9.55,False
2026-08-13,9.55,10.891666666666666,337.5833333333333,2.4583333333333335,26.979166666666668,80.625,4.645833333333333,7.3999999999999995,961.2541666666666,265.3154451413236,chiang_rai,False,0,6.808333333333334,False
2026-08-14,6.808333333333334,7.8374999999999995,375.5416666666667,1.875,26.349999999999998,85.375,5.241666666666666,7.800000000000001,960.8333333333334,266.36873368503393,chiang_rai,False,0,11.720833333333333,False
2026-08-15,11.720833333333333,14.320833333333333,322.2083333333333,4.541666666666667,26.195833333333336,88.5,3.6958333333333333,5.1000000000000005,961.2375000000001,170.1779043075437,chiang_rai,False,0,8.049999999999999,False
2026-08-16,8.049999999999999,9.108333333333333,304.7083333333333,1.9583333333333333,26.795833333333334,80.70833333333333,4.516666666666667,4.0,962.3791666666666,246.71068753779463,chiang_rai,False,0,7.941666666666666,False
2026-08-17,7.941666666666666,10.195833333333333,302.9583333333333,3.5,26.650000000000002,83.875,4.191666666666666,4.4,963.6041666666666,235.97052557716165,chiang_rai,False,0,10.841666666666667,False
2026-08-18,10.841666666666667,14.254166666666668,314.25,5.625,27.474999999999998,81.58333333333333,3.954166666666667,1.5,962.0791666666668,279.61886273022554,chiang_rai,False,0,9.583333333333334,False
2026-08-19,9.583333333333334,10.9625,335.1666666666667,2.3333333333333335,25.8125,90.79166666666667,2.8375,35.8,960.6583333333333,278.0576025180088,chiang_rai,False,0,9.783333333333333,False
2026-08-20,9.783333333333333,10.208333333333334,264.2916666666667,0.5833333333333334,26.099999999999998,89.625,3.845833333333333,37.3,960.4541666666668,335.50391816937923,chiang_rai,False,0,8.012500000000001,False
2026-08-21,8.012500000000001,8.141666666666667,327.0833333333333,0.08333333333333333,26.587500000000002,83.25,4.3374999999999995,0.8,961.1374999999999,164.4665179953405,chiang_rai,False,0,9.316666666666666,False
2026-08-22,9.316666666666666,10.091666666666667,270.0833333333333,1.375,26.866666666666664,82.125,5.479166666666667,0.5,961.8958333333334,193.48464925550135,chiang_rai,False,0,4.675,False
2026-08-23,4.675,5.108333333333333,233.29166666666666,0.625,26.787499999999998,83.83333333333333,5.1499999999999995,1.7,961.9208333333332,210.21487613212827,chiang_rai,False,0,,
